time,open,high,low,close,volume
2025-10-15 20:45:00+00:00,4210.69,4210.738,4207.025,4208.285,1421
2025-10-15 22:00:00+00:00,4211.948,4213.004,4203.334,4205.238,2200
2025-10-15 22:15:00+00:00,4205.209,4212.89,4199.584,4211.563,3344
2025-10-15 22:30:00+00:00,4211.587,4215.558,4210.139,4215.333,2405
2025-10-15 22:45:00+00:00,4215.307,4215.694,4212.132,4213.234,1660
2025-10-15 23:00:00+00:00,4213.32,4215.9,4208.747,4210.819,2657
2025-10-15 23:15:00+00:00,4210.873,4212.994,4209.087,4212.237,2060
2025-10-15 23:30:00+00:00,4212.238,4213.125,4206.188,4208.156,1956
2025-10-15 23:45:00+00:00,4208.167,4211.644,4206.939,4209.458,3205
2025-10-16 00:00:00+00:00,4209.563,4215.571,4204.95,4214.967,3650
2025-10-16 00:15:00+00:00,4214.932,4225.191,4214.828,4223.23,4044
2025-10-16 00:30:00+00:00,4223.266,4227.274,4220.659,4223.064,4941
2025-10-16 00:45:00+00:00,4223.074,4223.483,4210.405,4210.631,4804
2025-10-16 01:00:00+00:00,4210.679,4222.661,4210.679,4220.652,7960
2025-10-16 01:15:00+00:00,4220.714,4228.107,4218.407,4224.725,5171
2025-10-16 01:30:00+00:00,4224.768,4232.972,4223.706,4230.819,5206
2025-10-16 01:45:00+00:00,4230.781,4231.424,4222.819,4230.194,4222
2025-10-16 02:00:00+00:00,4230.221,4234.615,4229.456,4234.483,3092
2025-10-16 02:15:00+00:00,4234.554,4234.565,4231.351,4231.621,2122
2025-10-16 02:30:00+00:00,4231.593,4236.15,4225.872,4235.98,4469
2025-10-16 02:45:00+00:00,4236.076,4239.552,4234.001,4239.461,2617
2025-10-16 03:00:00+00:00,4239.405,4242.119,4235.374,4238.509,3630
2025-10-16 03:15:00+00:00,4238.465,4241.171,4234.277,4235.574,4117
2025-10-16 03:30:00+00:00,4235.575,4236.827,4228.947,4233.512,4296
2025-10-16 03:45:00+00:00,4233.464,4235.698,4231.956,4233.816,2330
2025-10-16 04:00:00+00:00,4233.804,4235.911,4230.392,4235.028,2435
2025-10-16 04:15:00+00:00,4235.073,4239.11,4234.348,4238.143,1991
2025-10-16 04:30:00+00:00,4238.171,4239.452,4232.79,4234.403,3526
2025-10-16 04:45:00+00:00,4234.372,4235.069,4227.919,4233.559,4017
2025-10-16 05:00:00+00:00,4233.467,4234.775,4224.855,4227.245,4240
2025-10-16 05:15:00+00:00,4227.219,4230.789,4221.375,4224.073,5265
2025-10-16 05:30:00+00:00,4224.026,4224.19,4204.603,4211.602,16614
2025-10-16 05:45:00+00:00,4211.718,4211.718,4203.546,4204.951,9477
2025-10-16 06:00:00+00:00,4204.915,4222.777,4203.588,4221.781,6816
2025-10-16 06:15:00+00:00,4221.827,4227.214,4221.765,4224.466,5316
2025-10-16 06:30:00+00:00,4224.517,4226.243,4218.565,4218.565,4941
2025-10-16 06:45:00+00:00,4218.534,4222.844,4215.538,4222.844,4697
2025-10-16 07:00:00+00:00,4222.776,4231.679,4222.094,4231.514,4414
2025-10-16 07:15:00+00:00,4231.541,4233.992,4229.008,4233.503,3526
2025-10-16 07:30:00+00:00,4233.525,4233.615,4226.829,4230.486,3086
2025-10-16 07:45:00+00:00,4230.465,4231.781,4225.981,4230.521,3627
2025-10-16 08:00:00+00:00,4230.551,4235.933,4230.124,4232.055,3438
2025-10-16 08:15:00+00:00,4232.076,4235.611,4230.833,4231.494,2568
2025-10-16 08:30:00+00:00,4231.484,4233.214,4228.415,4232.385,2977
2025-10-16 08:45:00+00:00,4232.35,4234.376,4229.266,4232.869,2198
2025-10-16 09:00:00+00:00,4232.903,4234.982,4229.303,4230.206,2369
2025-10-16 09:15:00+00:00,4230.158,4231.531,4222.769,4223.437,3642
2025-10-16 09:30:00+00:00,4223.474,4227.935,4222.062,4227.322,3768
2025-10-16 09:45:00+00:00,4227.356,4241.682,4227.136,4239.667,3437
2025-10-16 10:00:00+00:00,4239.639,4243.184,4235.179,4238.867,4447
2025-10-16 10:15:00+00:00,4238.926,4242.172,4236.427,4237.642,2895
2025-10-16 10:30:00+00:00,4237.757,4240.225,4234.291,4239.255,2949
2025-10-16 10:45:00+00:00,4239.269,4246.209,4237.857,4242.761,2895
2025-10-16 11:00:00+00:00,4242.802,4244.77,4239.564,4242.982,3073
2025-10-16 11:15:00+00:00,4243.013,4246.68,4241.931,4244.463,2611
2025-10-16 11:30:00+00:00,4244.505,4247.453,4242.442,4246.533,2748
2025-10-16 11:45:00+00:00,4246.64,4247.734,4240.045,4240.659,3454
2025-10-16 12:00:00+00:00,4240.703,4244.962,4240.05,4244.834,3511
2025-10-16 12:15:00+00:00,4244.916,4245.281,4236.541,4239.044,3735
2025-10-16 12:30:00+00:00,4239.113,4251.174,4227.691,4237.35,10290
2025-10-16 12:45:00+00:00,4237.243,4240.461,4232.919,4235.98,7638
2025-10-16 13:00:00+00:00,4235.95,4247.246,4234.779,4245.804,8289
2025-10-16 13:15:00+00:00,4245.827,4254.812,4244.325,4251.586,6572
2025-10-16 13:30:00+00:00,4251.62,4258.793,4245.367,4255.465,10694
2025-10-16 13:45:00+00:00,4255.439,4256.865,4243.63,4246.366,7308
2025-10-16 14:00:00+00:00,4246.339,4265.685,4245.4,4265.278,8833
2025-10-16 14:15:00+00:00,4265.243,4265.243,4255.774,4262.995,7219
2025-10-16 14:30:00+00:00,4262.878,4267.566,4258.537,4259.709,7447
2025-10-16 14:45:00+00:00,4259.667,4264.943,4254.117,4263.243,6723
2025-10-16 15:00:00+00:00,4263.261,4271.832,4260.812,4269.353,6526
2025-10-16 15:15:00+00:00,4269.468,4273.363,4269.083,4271.993,4897
2025-10-16 15:30:00+00:00,4272.094,4273.176,4267.256,4270.451,6096
2025-10-16 15:45:00+00:00,4270.489,4276.073,4268.736,4273.407,5251
2025-10-16 16:00:00+00:00,4273.438,4280.285,4269.385,4278.792,4955
2025-10-16 16:15:00+00:00,4278.757,4291.916,4277.973,4289.434,9058
2025-10-16 16:30:00+00:00,4289.472,4291.863,4261.335,4271.574,22338
2025-10-16 16:45:00+00:00,4271.61,4284.555,4268.533,4282.611,13980
2025-10-16 17:00:00+00:00,4282.579,4291.436,4280.097,4289.531,10185
2025-10-16 17:15:00+00:00,4289.406,4295.106,4287.305,4289.602,8165
2025-10-16 17:30:00+00:00,4289.565,4298.709,4288.816,4291.048,6514
2025-10-16 17:45:00+00:00,4291.035,4295.466,4287.393,4293.827,5652
2025-10-16 18:00:00+00:00,4293.796,4294.997,4284.082,4284.811,6405
2025-10-16 18:15:00+00:00,4284.788,4291.799,4273.39,4285.575,11794
2025-10-16 18:30:00+00:00,4285.526,4293.347,4283.002,4292.841,6856
2025-10-16 18:45:00+00:00,4292.834,4293.943,4287.475,4291.124,5529
2025-10-16 19:00:00+00:00,4291.09,4296.077,4288.198,4293.269,4623
2025-10-16 19:15:00+00:00,4293.227,4297.025,4287.719,4295.188,5077
2025-10-16 19:30:00+00:00,4295.073,4296.886,4290.863,4296.49,4814
2025-10-16 19:45:00+00:00,4296.458,4313.043,4294.441,4307.326,7840
2025-10-16 20:00:00+00:00,4307.373,4320.631,4307.373,4316.692,6225
2025-10-16 20:15:00+00:00,4316.671,4317.918,4313.379,4315.656,2713
2025-10-16 20:30:00+00:00,4315.624,4318.577,4311.73,4318.09,2533
2025-10-16 20:45:00+00:00,4318.086,4330.586,4317.802,4329.323,4097
2025-10-16 22:00:00+00:00,4345.115,4360.414,4332.662,4349.796,8593
2025-10-16 22:15:00+00:00,4349.839,4380.074,4349.161,4367.767,9376
2025-10-16 22:30:00+00:00,4367.796,4367.821,4343.012,4360.837,8310
2025-10-16 22:45:00+00:00,4360.825,4364.698,4344.002,4346.788,7579
2025-10-16 23:00:00+00:00,4346.837,4363.39,4341.797,4355.536,7363
2025-10-16 23:15:00+00:00,4355.463,4363.782,4353.231,4363.782,4289
2025-10-16 23:30:00+00:00,4363.809,4369.542,4350.078,4368.487,6565
2025-10-16 23:45:00+00:00,4368.512,4379.13,4360.407,4365.805,8698
2025-10-17 00:00:00+00:00,4365.763,4366.81,4355.06,4356.749,7207
2025-10-17 00:15:00+00:00,4356.762,4363.724,4355.94,4357.885,7044
2025-10-17 00:30:00+00:00,4357.871,4368.031,4353.488,4366.858,6566
2025-10-17 00:45:00+00:00,4366.827,4371.673,4356.379,4358.268,7437
2025-10-17 01:00:00+00:00,4358.303,4362.218,4343.789,4347.584,17780
2025-10-17 01:15:00+00:00,4347.627,4348.448,4323.93,4334.114,16707
2025-10-17 01:30:00+00:00,4334.141,4337.727,4278.793,4290.949,23578
2025-10-17 01:45:00+00:00,4290.905,4314.208,4279.685,4314.064,23968
2025-10-17 02:00:00+00:00,4314.022,4335.911,4312.218,4327.913,15818
2025-10-17 02:15:00+00:00,4327.88,4333.625,4323.037,4332.537,10619
2025-10-17 02:30:00+00:00,4332.563,4344.565,4331.397,4339.555,9564
2025-10-17 02:45:00+00:00,4339.528,4348.516,4336.553,4342.449,7522
2025-10-17 03:00:00+00:00,4342.504,4359.811,4338.707,4359.489,7470
2025-10-17 03:15:00+00:00,4359.442,4360.952,4354.863,4356.86,6208
2025-10-17 03:30:00+00:00,4356.94,4360.608,4354.231,4356.791,5246
2025-10-17 03:45:00+00:00,4356.752,4366.791,4355.355,4366.694,4128
2025-10-17 04:00:00+00:00,4366.703,4376.61,4366.562,4370.978,5580
2025-10-17 04:15:00+00:00,4371.014,4371.203,4355.093,4358.519,6781
2025-10-17 04:30:00+00:00,4358.559,4365.267,4358.223,4360.607,4566
2025-10-17 04:45:00+00:00,4360.654,4377.169,4359.826,4376.318,5336
2025-10-17 05:00:00+00:00,4376.234,4378.554,4365.812,4367.775,8255
2025-10-17 05:15:00+00:00,4367.765,4368.532,4357.928,4359.863,6054
2025-10-17 05:30:00+00:00,4359.896,4363.176,4342.105,4359.803,11087
2025-10-17 05:45:00+00:00,4359.863,4369.507,4356.733,4365.532,7277
2025-10-17 06:00:00+00:00,4365.591,4369.588,4354.452,4359.029,8156
2025-10-17 06:15:00+00:00,4359.057,4364.678,4355.992,4361.501,9855
2025-10-17 06:30:00+00:00,4361.537,4365.226,4346.738,4364.065,11503
2025-10-17 06:45:00+00:00,4364.093,4367.434,4356.792,4360.029,7038
2025-10-17 07:00:00+00:00,4360.067,4361.888,4351.994,4355.551,9639
2025-10-17 07:15:00+00:00,4355.606,4357.385,4308.845,4338.735,19240
2025-10-17 07:30:00+00:00,4338.711,4349.573,4330.595,4345.609,13219
2025-10-17 07:45:00+00:00,4345.55,4349.113,4329.834,4342.371,11424
2025-10-17 08:00:00+00:00,4342.341,4347.359,4321.101,4334.181,14254
2025-10-17 08:15:00+00:00,4334.211,4349.609,4334.194,4341.309,10341
2025-10-17 08:30:00+00:00,4341.281,4346.878,4332.836,4346.268,9220
2025-10-17 08:45:00+00:00,4346.313,4349.77,4340.212,4347.8,7528
2025-10-17 09:00:00+00:00,4347.753,4348.535,4341.166,4341.859,5563
2025-10-17 09:15:00+00:00,4341.881,4342.694,4332.263,4335.419,6770
2025-10-17 09:30:00+00:00,4335.369,4345.2,4333.629,4338.137,6078
2025-10-17 09:45:00+00:00,4338.106,4342.051,4335.356,4340.238,4344
2025-10-17 10:00:00+00:00,4340.196,4342.141,4338.116,4338.116,4436
2025-10-17 10:15:00+00:00,4338.09,4341.508,4336.351,4341.045,5843
2025-10-17 10:30:00+00:00,4341.09,4341.658,4319.538,4331.268,11415
2025-10-17 10:45:00+00:00,4331.292,4337.296,4326.767,4327.664,7415
2025-10-17 11:00:00+00:00,4327.628,4336.003,4316.677,4319.657,11948
2025-10-17 11:15:00+00:00,4319.709,4332.821,4318.886,4321.765,9868
2025-10-17 11:30:00+00:00,4321.814,4322.972,4303.504,4307.684,13944
2025-10-17 11:45:00+00:00,4307.523,4314.34,4286.653,4287.115,14708
2025-10-17 12:00:00+00:00,4287.178,4316.485,4283.516,4315.298,16328
2025-10-17 12:15:00+00:00,4315.33,4315.807,4291.851,4293.377,15969
2025-10-17 12:30:00+00:00,4293.35,4315.631,4291.276,4314.342,9455
2025-10-17 12:45:00+00:00,4314.312,4320.271,4310.734,4314.474,8506
2025-10-17 13:00:00+00:00,4314.53,4316.403,4301.223,4313.678,15830
2025-10-17 13:15:00+00:00,4313.65,4317.818,4303.865,4316.179,9544
2025-10-17 13:30:00+00:00,4316.126,4317.256,4258.315,4286.174,37482
2025-10-17 13:45:00+00:00,4286.128,4293.64,4271.729,4273.936,25409
2025-10-17 14:00:00+00:00,4273.883,4274.679,4216.933,4217.69,42939
2025-10-17 14:15:00+00:00,4217.648,4244.88,4216.85,4240.883,32409
2025-10-17 14:30:00+00:00,4240.905,4266.465,4230.8,4259.03,24889
2025-10-17 14:45:00+00:00,4259.059,4260.473,4243.92,4248.889,18681
2025-10-17 15:00:00+00:00,4248.861,4259.404,4240.184,4242.387,17503
2025-10-17 15:15:00+00:00,4242.36,4249.021,4230.971,4248.222,14237
2025-10-17 15:30:00+00:00,4248.303,4259.301,4245.471,4255.63,9846
2025-10-17 15:45:00+00:00,4255.574,4256.527,4236.372,4237.478,10857
2025-10-17 16:00:00+00:00,4237.54,4244.985,4225.254,4233.922,14054
2025-10-17 16:15:00+00:00,4233.837,4239.429,4214.487,4214.738,13315
2025-10-17 16:30:00+00:00,4214.779,4221.46,4205.577,4208.229,18151
2025-10-17 16:45:00+00:00,4208.267,4220.526,4200.883,4205.005,17523
2025-10-17 17:00:00+00:00,4205.033,4209.263,4186.172,4206.79,19276
2025-10-17 17:15:00+00:00,4206.85,4214.375,4199.331,4201.108,14636
2025-10-17 17:30:00+00:00,4201.066,4228.402,4196.631,4222.562,12855
2025-10-17 17:45:00+00:00,4222.535,4226.551,4217.1,4221.199,11910
2025-10-17 18:00:00+00:00,4221.236,4241.721,4218.116,4233.617,12384
2025-10-17 18:15:00+00:00,4233.578,4244.678,4231.282,4244.524,8965
2025-10-17 18:30:00+00:00,4244.552,4244.687,4234.298,4234.398,7141
2025-10-17 18:45:00+00:00,4234.452,4242.181,4232.064,4235.715,6587
2025-10-17 19:00:00+00:00,4235.687,4237.915,4222.571,4223.508,7113
2025-10-17 19:15:00+00:00,4223.543,4225.158,4212.62,4216.478,8650
2025-10-17 19:30:00+00:00,4216.523,4229.005,4216.523,4221.675,6754
2025-10-17 19:45:00+00:00,4221.666,4231.476,4218.431,4225.936,8861
2025-10-17 20:00:00+00:00,4225.895,4234.233,4220.102,4232.085,6780
2025-10-17 20:15:00+00:00,4231.997,4246.291,4231.144,4245.735,6102
2025-10-17 20:30:00+00:00,4245.766,4248.268,4242.579,4247.22,4635
2025-10-17 20:45:00+00:00,4247.193,4252.702,4243.965,4250.936,3545
2025-10-19 22:00:00+00:00,4264.629,4266.917,4252.142,4259.162,6518
2025-10-19 22:15:00+00:00,4259.22,4268.325,4254.846,4259.85,5638
2025-10-19 22:30:00+00:00,4259.869,4259.921,4245.406,4257.09,5835
2025-10-19 22:45:00+00:00,4257.043,4262.19,4253.637,4255.79,3794
2025-10-19 23:00:00+00:00,4255.758,4256.409,4242.923,4244.058,4182
2025-10-19 23:15:00+00:00,4244.038,4249.527,4239.322,4247.587,5742
2025-10-19 23:30:00+00:00,4247.692,4248.001,4243.431,4245.584,2798
2025-10-19 23:45:00+00:00,4245.609,4246.346,4233.246,4237.851,6435
2025-10-20 00:00:00+00:00,4237.822,4242.612,4224.344,4225.208,9015
2025-10-20 00:15:00+00:00,4225.257,4235.925,4218.935,4222.285,9622
2025-10-20 00:30:00+00:00,4222.317,4244.186,4220.374,4241.054,8352
2025-10-20 00:45:00+00:00,4241.085,4250.801,4239.474,4249.487,7639
2025-10-20 01:00:00+00:00,4249.439,4255.749,4229.569,4255.189,18438
2025-10-20 01:15:00+00:00,4255.158,4264.533,4248.473,4262.682,9541
2025-10-20 01:30:00+00:00,4262.728,4266.288,4255.94,4266.079,10044
2025-10-20 01:45:00+00:00,4266.176,4268.983,4258.661,4262.393,7382
2025-10-20 02:00:00+00:00,4262.444,4265.456,4258.758,4262.704,6679
2025-10-20 02:15:00+00:00,4262.74,4267.374,4260.036,4266.843,4109
2025-10-20 02:30:00+00:00,4266.812,4271.286,4260.842,4260.988,7337
2025-10-20 02:45:00+00:00,4260.946,4262.487,4253.355,4255.797,6355
2025-10-20 03:00:00+00:00,4255.821,4259.644,4252.121,4253.728,5961
2025-10-20 03:15:00+00:00,4253.697,4262.642,4252.317,4255.036,4374
2025-10-20 03:30:00+00:00,4255.07,4257.093,4248.719,4255.083,4258
2025-10-20 03:45:00+00:00,4255.052,4265.336,4254.302,4264.725,3840
2025-10-20 04:00:00+00:00,4264.681,4267.322,4260.445,4261.838,3824
2025-10-20 04:15:00+00:00,4261.797,4264.853,4260.349,4264.424,2612
2025-10-20 04:30:00+00:00,4264.496,4268.314,4262.286,4266.781,2939
2025-10-20 04:45:00+00:00,4266.685,4267.876,4264.891,4266.333,2140
2025-10-20 05:00:00+00:00,4266.263,4266.776,4258.569,4261.499,4103
2025-10-20 05:15:00+00:00,4261.492,4263.397,4246.921,4257.024,6169
2025-10-20 05:30:00+00:00,4256.986,4260.459,4250.117,4255.033,8860
2025-10-20 05:45:00+00:00,4255.059,4255.726,4239.733,4239.968,8755
2025-10-20 06:00:00+00:00,4240.003,4244.987,4231.031,4244.079,11593
2025-10-20 06:15:00+00:00,4243.979,4245.715,4226.16,4226.852,7932
2025-10-20 06:30:00+00:00,4226.878,4240.943,4221.41,4234.525,8711
2025-10-20 06:45:00+00:00,4234.504,4237.697,4230.475,4236.332,7861
2025-10-20 07:00:00+00:00,4236.361,4257.235,4234.778,4254.643,7657
2025-10-20 07:15:00+00:00,4254.658,4260.223,4253.643,4254.001,5311
2025-10-20 07:30:00+00:00,4254.038,4260.954,4251.381,4259.098,4829
2025-10-20 07:45:00+00:00,4259.134,4260.736,4254.03,4255.173,4895
2025-10-20 08:00:00+00:00,4255.137,4263.087,4253.948,4260.706,6527
2025-10-20 08:15:00+00:00,4260.729,4261.98,4256.887,4260.564,3376
2025-10-20 08:30:00+00:00,4260.538,4266.147,4256.941,4259.06,4293
2025-10-20 08:45:00+00:00,4259.098,4259.762,4252.29,4258.671,3581
2025-10-20 09:00:00+00:00,4258.706,4260.35,4252.178,4252.781,3530
2025-10-20 09:15:00+00:00,4252.77,4255.478,4250.321,4252.509,3539
2025-10-20 09:30:00+00:00,4252.542,4258.697,4251.487,4258.341,4489
2025-10-20 09:45:00+00:00,4258.293,4263.728,4257.38,4260.692,3477
2025-10-20 10:00:00+00:00,4260.652,4260.895,4245.621,4253.547,5508
2025-10-20 10:15:00+00:00,4253.591,4258.825,4252.419,4255.945,4877
2025-10-20 10:30:00+00:00,4255.85,4259.324,4251.509,4257.827,4095
2025-10-20 10:45:00+00:00,4257.793,4260.259,4254.619,4254.885,3787
2025-10-20 11:00:00+00:00,4254.846,4257.901,4250.858,4255.075,4321
2025-10-20 11:15:00+00:00,4255.05,4263.696,4254.763,4262.765,4013
2025-10-20 11:30:00+00:00,4262.741,4265.258,4259.747,4263.814,3758
2025-10-20 11:45:00+00:00,4263.846,4279.738,4263.408,4279.281,3653
2025-10-20 12:00:00+00:00,4279.313,4283.509,4272.727,4281.313,6967
2025-10-20 12:15:00+00:00,4281.229,4299.794,4278.422,4293.807,11836
2025-10-20 12:30:00+00:00,4293.907,4323.665,4292.044,4320.05,13020
2025-10-20 12:45:00+00:00,4320.015,4327.15,4312.52,4323.592,11102
2025-10-20 13:00:00+00:00,4323.638,4325.27,4313.588,4319.127,13314
2025-10-20 13:15:00+00:00,4319.138,4322.468,4315.22,4320.097,8777
2025-10-20 13:30:00+00:00,4320.033,4320.922,4302.761,4308.141,18718
2025-10-20 13:45:00+00:00,4308.216,4317.347,4299.499,4300.904,13429
2025-10-20 14:00:00+00:00,4300.862,4316.863,4292.608,4316.301,12077
2025-10-20 14:15:00+00:00,4316.341,4334.469,4316.341,4326.468,12574
2025-10-20 14:30:00+00:00,4326.409,4330.085,4317.122,4325.305,9875
2025-10-20 14:45:00+00:00,4325.357,4334.751,4324.131,4332.283,8383
2025-10-20 15:00:00+00:00,4332.25,4347.637,4332.25,4346.179,8553
2025-10-20 15:15:00+00:00,4346.147,4355.752,4341.399,4345.423,8645
2025-10-20 15:30:00+00:00,4345.377,4350.796,4343.998,4349.92,6848
2025-10-20 15:45:00+00:00,4349.928,4351.408,4346.814,4349.215,6782
2025-10-20 16:00:00+00:00,4349.18,4350.84,4342.655,4345.921,6449
2025-10-20 16:15:00+00:00,4345.976,4350.392,4343.915,4345.186,5318
2025-10-20 16:30:00+00:00,4345.116,4348.594,4343.325,4346.236,4104
2025-10-20 16:45:00+00:00,4346.263,4349.878,4343.886,4347.872,3960
2025-10-20 17:00:00+00:00,4347.869,4351.148,4346.169,4346.58,4143
2025-10-20 17:15:00+00:00,4346.64,4350.821,4340.541,4342.21,6837
2025-10-20 17:30:00+00:00,4342.247,4346.957,4337.34,4345.413,4910
2025-10-20 17:45:00+00:00,4345.44,4349.153,4345.44,4347.503,4019
2025-10-20 18:00:00+00:00,4347.6,4349.008,4344.535,4346.982,2825
2025-10-20 18:15:00+00:00,4346.977,4358.109,4345.58,4357.688,3905
2025-10-20 18:30:00+00:00,4357.72,4364.622,4355.021,4359.541,6204
2025-10-20 18:45:00+00:00,4359.48,4362.168,4357.426,4359.427,4850
2025-10-20 19:00:00+00:00,4359.491,4367.085,4359.202,4366.285,4122
2025-10-20 19:15:00+00:00,4366.32,4367.229,4364.453,4366.788,4460
2025-10-20 19:30:00+00:00,4366.827,4369.793,4364.747,4369.62,3883
2025-10-20 19:45:00+00:00,4369.652,4381.569,4369.251,4378.211,5276
2025-10-20 20:00:00+00:00,4378.162,4380.115,4355.596,4360.206,9862
2025-10-20 20:15:00+00:00,4360.179,4361.234,4346.475,4354.348,7092
2025-10-20 20:30:00+00:00,4354.394,4359.072,4346.756,4357.171,4457
2025-10-20 20:45:00+00:00,4357.195,4359.154,4353.829,4356.042,2324
2025-10-20 22:00:00+00:00,4364.452,4371.542,4358.739,4361.925,5292
2025-10-20 22:15:00+00:00,4361.957,4375.487,4361.957,4371.682,5119
2025-10-20 22:30:00+00:00,4371.725,4371.857,4357.665,4358.891,4058
2025-10-20 22:45:00+00:00,4358.918,4370.306,4357.543,4367.537,3398
2025-10-20 23:00:00+00:00,4367.49,4371.685,4365.589,4367.454,3209
2025-10-20 23:15:00+00:00,4367.571,4368.261,4359.82,4362.397,2661
2025-10-20 23:30:00+00:00,4362.322,4362.791,4357.739,4361.208,2618
2025-10-20 23:45:00+00:00,4361.312,4362.586,4356.602,4360.492,4106
2025-10-21 00:00:00+00:00,4360.442,4363.965,4356.136,4359.288,5753
2025-10-21 00:15:00+00:00,4359.335,4370.389,4356.139,4368.633,5254
2025-10-21 00:30:00+00:00,4368.603,4371.14,4366.656,4369.962,3799
2025-10-21 00:45:00+00:00,4369.962,4370.963,4364.447,4368.835,5378
2025-10-21 01:00:00+00:00,4368.79,4372.296,4358.201,4359.161,10201
2025-10-21 01:15:00+00:00,4359.12,4361.055,4349.268,4350.142,8040
2025-10-21 01:30:00+00:00,4350.214,4350.58,4332.872,4346.16,10429
2025-10-21 01:45:00+00:00,4346.227,4351.086,4339.002,4350.833,7468
2025-10-21 02:00:00+00:00,4350.899,4351.039,4341.01,4345.665,8404
2025-10-21 02:15:00+00:00,4345.692,4355.398,4343.761,4350.497,5010
2025-10-21 02:30:00+00:00,4350.459,4351.386,4335.854,4339.982,7157
2025-10-21 02:45:00+00:00,4339.945,4344.793,4335.163,4338.905,6288
2025-10-21 03:00:00+00:00,4338.872,4346.878,4337.851,4342.248,4090
2025-10-21 03:15:00+00:00,4342.202,4349.649,4339.606,4348.879,4381
2025-10-21 03:30:00+00:00,4348.991,4350.799,4346.596,4347.543,2773
2025-10-21 03:45:00+00:00,4347.594,4348.688,4343.091,4346.584,2589
2025-10-21 04:00:00+00:00,4346.538,4347.068,4342.859,4343.96,2595
2025-10-21 04:15:00+00:00,4343.871,4345.708,4342.11,4342.892,2469
2025-10-21 04:30:00+00:00,4342.86,4343.475,4338.959,4339.644,2390
2025-10-21 04:45:00+00:00,4339.626,4344.334,4337.141,4341.941,3042
2025-10-21 05:00:00+00:00,4341.946,4344.297,4331.48,4334.62,5140
2025-10-21 05:15:00+00:00,4334.648,4335.691,4329.515,4333.115,4855
2025-10-21 05:30:00+00:00,4333.224,4333.224,4317.151,4322.906,9844
2025-10-21 05:45:00+00:00,4322.862,4329.314,4322.006,4323.315,5761
2025-10-21 06:00:00+00:00,4323.285,4330.644,4317.144,4329.337,6861
2025-10-21 06:15:00+00:00,4329.386,4330.374,4323.017,4324.106,5300
2025-10-21 06:30:00+00:00,4324.075,4337.807,4322.095,4337.436,4594
2025-10-21 06:45:00+00:00,4337.483,4344.265,4334.85,4343.203,5165
2025-10-21 07:00:00+00:00,4343.227,4343.227,4330.112,4331.364,6442
2025-10-21 07:15:00+00:00,4331.383,4334.485,4322.646,4324.914,5399
2025-10-21 07:30:00+00:00,4324.908,4324.948,4293.394,4300.815,17612
2025-10-21 07:45:00+00:00,4300.834,4307.297,4297.224,4298.449,12836
2025-10-21 08:00:00+00:00,4298.363,4301.779,4244.726,4244.872,26040
2025-10-21 08:15:00+00:00,4244.912,4270.727,4244.912,4267.246,21450
2025-10-21 08:30:00+00:00,4267.35,4272.853,4263.095,4272.067,12227
2025-10-21 08:45:00+00:00,4272.093,4274.116,4267.625,4273.882,7585
2025-10-21 09:00:00+00:00,4273.933,4278.089,4254.6,4258.427,10021
2025-10-21 09:15:00+00:00,4258.462,4272.447,4257.579,4270.907,8166
2025-10-21 09:30:00+00:00,4270.941,4276.176,4265.721,4269.791,6610
2025-10-21 09:45:00+00:00,4269.862,4272.305,4262.709,4265.136,7399
2025-10-21 10:00:00+00:00,4265.098,4266.5,4255.345,4260.049,6043
2025-10-21 10:15:00+00:00,4260.014,4266.485,4249.266,4264.473,8734
2025-10-21 10:30:00+00:00,4264.503,4264.735,4255.727,4260.227,5674
2025-10-21 10:45:00+00:00,4260.346,4261.807,4253.55,4253.766,6644
2025-10-21 11:00:00+00:00,4253.74,4269.203,4251.992,4267.947,5441
2025-10-21 11:15:00+00:00,4267.902,4272.444,4257.086,4266.461,6480
2025-10-21 11:30:00+00:00,4266.525,4266.994,4254.696,4255.945,6127
2025-10-21 11:45:00+00:00,4255.896,4261.045,4245.513,4253.325,7131
2025-10-21 12:00:00+00:00,4253.353,4257.511,4214.913,4225.617,17267
2025-10-21 12:15:00+00:00,4225.576,4233.166,4219.307,4228.49,16119
2025-10-21 12:30:00+00:00,4228.536,4230.254,4216.18,4218.061,12714
2025-10-21 12:45:00+00:00,4218.033,4222.38,4205.763,4211.051,15156
2025-10-21 13:00:00+00:00,4211.104,4211.319,4189.717,4197.169,20222
2025-10-21 13:15:00+00:00,4197.185,4209.737,4195.431,4200.945,12012
2025-10-21 13:30:00+00:00,4200.923,4225.438,4191.478,4205.701,26414
2025-10-21 13:45:00+00:00,4205.654,4209.31,4167.546,4174.065,34580
2025-10-21 14:00:00+00:00,4174.028,4188.489,4165.322,4181.877,28988
2025-10-21 14:15:00+00:00,4181.838,4182.129,4130.332,4136.946,27215
2025-10-21 14:30:00+00:00,4136.989,4137.546,4097.542,4101.77,35766
2025-10-21 14:45:00+00:00,4101.733,4141.537,4080.817,4138.912,32828
2025-10-21 15:00:00+00:00,4138.939,4150.596,4122.94,4141.058,22290
2025-10-21 15:15:00+00:00,4141.006,4142.99,4119.988,4124.886,17739
2025-10-21 15:30:00+00:00,4124.844,4143.276,4123.104,4142.513,16234
2025-10-21 15:45:00+00:00,4142.55,4147.738,4134.4,4138.535,13784
2025-10-21 16:00:00+00:00,4138.648,4143.876,4125.13,4134.205,13862
2025-10-21 16:15:00+00:00,4134.207,4134.648,4114.812,4117.512,11931
2025-10-21 16:30:00+00:00,4117.48,4120.971,4101.424,4114.009,13419
2025-10-21 16:45:00+00:00,4113.937,4126.668,4108.499,4113.475,12967
2025-10-21 17:00:00+00:00,4113.579,4119.786,4101.121,4114.145,15430
2025-10-21 17:15:00+00:00,4114.181,4119.053,4093.562,4097.764,13657
2025-10-21 17:30:00+00:00,4097.82,4117.808,4095.953,4116.193,11110
2025-10-21 17:45:00+00:00,4116.158,4120.237,4108.458,4111.23,9115
2025-10-21 18:00:00+00:00,4111.156,4124.31,4110.675,4118.673,6694
2025-10-21 18:15:00+00:00,4118.721,4119.546,4111.749,4116.164,6656
2025-10-21 18:30:00+00:00,4116.193,4125.82,4113.384,4113.836,6068
2025-10-21 18:45:00+00:00,4113.912,4115.357,4106.379,4114.82,7394
2025-10-21 19:00:00+00:00,4114.884,4122.214,4106.383,4110.452,6561
2025-10-21 19:15:00+00:00,4110.404,4110.733,4100.376,4104.317,8599
2025-10-21 19:30:00+00:00,4104.375,4112.407,4101.28,4110.299,6722
2025-10-21 19:45:00+00:00,4110.334,4111.588,4101.402,4108.77,7546
2025-10-21 20:00:00+00:00,4108.802,4121.875,4105.999,4120.568,6745
2025-10-21 20:15:00+00:00,4120.61,4124.922,4118.554,4122.65,3542
2025-10-21 20:30:00+00:00,4122.655,4130.976,4120.773,4128.557,3155
2025-10-21 20:45:00+00:00,4128.525,4130.654,4124.301,4125.337,2220
2025-10-21 22:00:00+00:00,4132.096,4132.322,4113.827,4118.454,5521
2025-10-21 22:15:00+00:00,4118.482,4126.806,4117.101,4124.795,3619
2025-10-21 22:30:00+00:00,4124.741,4129.075,4120.717,4124.999,3304
2025-10-21 22:45:00+00:00,4125.025,4128.131,4120.711,4123.235,2749
2025-10-21 23:00:00+00:00,4123.277,4125.963,4116.178,4116.374,3824
2025-10-21 23:15:00+00:00,4116.502,4127.21,4114.286,4123.815,3315
2025-10-21 23:30:00+00:00,4123.852,4127.882,4123.452,4124.696,2483
2025-10-21 23:45:00+00:00,4124.58,4124.58,4090.127,4093.156,9591
2025-10-22 00:00:00+00:00,4093.182,4094.052,4004.185,4036.562,41130
2025-10-22 00:15:00+00:00,4036.534,4059.273,4030.327,4049.084,31424
2025-10-22 00:30:00+00:00,4049.042,4083.004,4040.941,4075.431,22994
2025-10-22 00:45:00+00:00,4075.478,4090.929,4063.271,4075.132,17008
2025-10-22 01:00:00+00:00,4075.165,4119.207,4064.368,4116.886,25480
2025-10-22 01:15:00+00:00,4116.815,4121.152,4097.996,4104.628,13977
2025-10-22 01:30:00+00:00,4104.634,4110.426,4083.238,4098.469,15393
2025-10-22 01:45:00+00:00,4098.368,4106.393,4083.21,4087.171,12702
2025-10-22 02:00:00+00:00,4087.217,4117.835,4087.217,4115.264,8247
2025-10-22 02:15:00+00:00,4115.228,4115.554,4107.988,4110.447,7022
2025-10-22 02:30:00+00:00,4110.416,4114.739,4103.623,4112.481,7477
2025-10-22 02:45:00+00:00,4112.44,4116.667,4111.403,4114.959,4572
2025-10-22 03:00:00+00:00,4114.985,4115.38,4107.312,4112.274,5666
2025-10-22 03:15:00+00:00,4112.318,4121.456,4109.978,4116.886,5066
2025-10-22 03:30:00+00:00,4116.957,4141.138,4116.262,4139.013,7798
2025-10-22 03:45:00+00:00,4139.043,4143.136,4128.357,4128.674,6634
2025-10-22 04:00:00+00:00,4128.61,4133.411,4107.57,4123.593,8583
2025-10-22 04:15:00+00:00,4123.565,4130.583,4122.403,4129.004,4368
2025-10-22 04:30:00+00:00,4129.082,4133.306,4126.648,4128.3,3736
2025-10-22 04:45:00+00:00,4128.298,4131.89,4118.338,4128.173,3726
2025-10-22 05:00:00+00:00,4128.21,4141.738,4126.424,4141.338,4735
2025-10-22 05:15:00+00:00,4141.384,4147.036,4138.516,4140.593,4911
2025-10-22 05:30:00+00:00,4140.569,4141.394,4132.297,4138.248,7396
2025-10-22 05:45:00+00:00,4138.287,4145.345,4131.868,4135.118,6281
2025-10-22 06:00:00+00:00,4135.068,4139.176,4127.747,4137.592,6869
2025-10-22 06:15:00+00:00,4137.521,4143.809,4135.737,4142.087,4994
2025-10-22 06:30:00+00:00,4142.04,4159.581,4141.695,4159.546,5592
2025-10-22 06:45:00+00:00,4159.495,4161.36,4152.31,4155.691,6863
2025-10-22 07:00:00+00:00,4155.656,4156.446,4129.293,4137.658,14320
2025-10-22 07:15:00+00:00,4137.757,4144.889,4136.702,4141.932,9112
2025-10-22 07:30:00+00:00,4141.81,4143.835,4135.448,4137.427,7013
2025-10-22 07:45:00+00:00,4137.398,4148.114,4130.719,4132.901,8321
2025-10-22 08:00:00+00:00,4132.863,4135.863,4084.925,4087.78,19539
2025-10-22 08:15:00+00:00,4087.905,4114.387,4058.479,4103.245,23728
2025-10-22 08:30:00+00:00,4103.173,4110.089,4084.585,4088.006,14873
2025-10-22 08:45:00+00:00,4087.974,4094.636,4069.444,4070.637,16321
2025-10-22 09:00:00+00:00,4070.588,4101.828,4070.376,4075.769,16466
2025-10-22 09:15:00+00:00,4075.722,4080.712,4064.473,4075.69,12750
2025-10-22 09:30:00+00:00,4075.78,4082.633,4062.537,4063.11,12005
2025-10-22 09:45:00+00:00,4063.055,4072.671,4061.553,4069.577,7645
2025-10-22 10:00:00+00:00,4069.522,4078.262,4063.03,4075.69,9401
2025-10-22 10:15:00+00:00,4075.714,4085.625,4070.845,4084.628,8799
2025-10-22 10:30:00+00:00,4084.665,4090.887,4045.019,4054.041,13698
2025-10-22 10:45:00+00:00,4053.996,4061.007,4023.764,4035.093,14457
2025-10-22 11:00:00+00:00,4035.127,4040.783,4015.155,4032.044,19029
2025-10-22 11:15:00+00:00,4032.018,4045.103,4019.025,4020.825,13707
2025-10-22 11:30:00+00:00,4020.798,4030.839,4015.07,4022.525,13529
2025-10-22 11:45:00+00:00,4022.499,4033.681,4015.534,4027.778,11537
2025-10-22 12:00:00+00:00,4027.805,4045.093,4026.204,4036.13,12796
2025-10-22 12:15:00+00:00,4036.168,4045.926,4027.955,4045.225,14472
2025-10-22 12:30:00+00:00,4045.253,4050.743,4041.664,4045.188,10028
2025-10-22 12:45:00+00:00,4045.254,4053.495,4023.049,4033.777,14425
2025-10-22 13:00:00+00:00,4033.885,4068.688,4033.417,4064.29,20566
2025-10-22 13:15:00+00:00,4064.246,4068.211,4051.23,4052.448,12850
2025-10-22 13:30:00+00:00,4052.405,4085.272,4047.24,4071.328,21204
2025-10-22 13:45:00+00:00,4071.343,4080.149,4063.617,4075.941,15393
2025-10-22 14:00:00+00:00,4075.9,4078.403,4056.098,4064.572,17621
2025-10-22 14:15:00+00:00,4064.519,4072.632,4047.225,4056.151,14297
2025-10-22 14:30:00+00:00,4056.174,4058.761,4024.199,4030.027,15240
2025-10-22 14:45:00+00:00,4030.055,4030.953,4010.988,4015.041,19513
2025-10-22 15:00:00+00:00,4014.994,4044.893,4014.775,4039.041,15112
2025-10-22 15:15:00+00:00,4038.991,4047.356,4028.125,4029.228,13791
2025-10-22 15:30:00+00:00,4029.259,4041.083,4023.066,4034.814,12242
2025-10-22 15:45:00+00:00,4034.865,4046.587,4034.222,4037.089,11176
2025-10-22 16:00:00+00:00,4037.043,4037.425,4023.203,4030.523,8944
2025-10-22 16:15:00+00:00,4030.552,4045.788,4029.139,4043.627,7680
2025-10-22 16:30:00+00:00,4043.684,4064.193,4037.534,4050.779,20938
2025-10-22 16:45:00+00:00,4050.741,4064.215,4044.87,4059.221,12484
2025-10-22 17:00:00+00:00,4059.185,4059.334,4043.944,4055.587,10937
2025-10-22 17:15:00+00:00,4055.688,4058.972,4046.882,4049.673,11228
2025-10-22 17:30:00+00:00,4049.731,4060.77,4044.835,4054.905,9343
2025-10-22 17:45:00+00:00,4054.951,4071.16,4054.673,4069.951,9637
2025-10-22 18:00:00+00:00,4070.023,4075.899,4066.574,4075.871,6284
2025-10-22 18:15:00+00:00,4075.896,4078.91,4069.1,4073.749,5564
2025-10-22 18:30:00+00:00,4073.777,4081.545,4073.777,4076.099,4966
2025-10-22 18:45:00+00:00,4076.18,4079.038,4074.26,4076.727,3531
2025-10-22 19:00:00+00:00,4076.707,4093.878,4076.544,4092.811,6042
2025-10-22 19:15:00+00:00,4092.851,4105.689,4088.825,4105.452,6868
2025-10-22 19:30:00+00:00,4105.421,4113.632,4102.075,4103.557,10382
2025-10-22 19:45:00+00:00,4103.517,4108.616,4099.811,4102.378,8416
2025-10-22 20:00:00+00:00,4102.333,4105.209,4098.415,4104.718,3901
2025-10-22 20:15:00+00:00,4104.743,4107.299,4088.435,4092.26,5086
2025-10-22 20:30:00+00:00,4092.292,4103.876,4092.058,4102.085,3868
2025-10-22 20:45:00+00:00,4102.047,4103.718,4098.033,4098.347,2357
2025-10-22 22:00:00+00:00,4106.302,4116.475,4093.294,4098.811,5590
2025-10-22 22:15:00+00:00,4098.866,4110.551,4098.81,4103.056,4811
2025-10-22 22:30:00+00:00,4103.013,4103.159,4092.238,4098.262,5631
2025-10-22 22:45:00+00:00,4098.33,4103.796,4094.652,4102.071,3462
2025-10-22 23:00:00+00:00,4102.076,4104.781,4084.677,4090.767,5281
2025-10-22 23:15:00+00:00,4090.712,4091.758,4080.517,4086.223,5044
2025-10-22 23:30:00+00:00,4086.235,4094.89,4083.807,4088.895,4454
2025-10-22 23:45:00+00:00,4088.897,4093.203,4085.242,4087.735,5761
2025-10-23 00:00:00+00:00,4087.639,4096.871,4083.347,4085.708,7879
2025-10-23 00:15:00+00:00,4085.783,4087.702,4065.984,4076.103,12781
2025-10-23 00:30:00+00:00,4076.127,4084.517,4071.839,4081.448,6605
2025-10-23 00:45:00+00:00,4081.48,4085.901,4079.352,4081.794,5941
2025-10-23 01:00:00+00:00,4081.822,4082.031,4071.81,4077.581,10152
2025-10-23 01:15:00+00:00,4077.596,4092.792,4073.741,4087.443,7579
2025-10-23 01:30:00+00:00,4087.433,4091.519,4081.21,4081.988,7087
2025-10-23 01:45:00+00:00,4081.918,4087.25,4072.906,4073.297,6121
2025-10-23 02:00:00+00:00,4073.322,4079.103,4072.247,4075.714,4684
2025-10-23 02:15:00+00:00,4075.739,4084.963,4072.199,4081.138,5277
2025-10-23 02:30:00+00:00,4081.172,4084.669,4076.312,4079.848,5827
2025-10-23 02:45:00+00:00,4079.804,4085.463,4078.647,4082.552,4294
2025-10-23 03:00:00+00:00,4082.506,4088.527,4077.717,4088.527,4504
2025-10-23 03:15:00+00:00,4088.555,4100.725,4088.462,4095.447,5067
2025-10-23 03:30:00+00:00,4095.505,4096.266,4089.815,4093.456,4330
2025-10-23 03:45:00+00:00,4093.393,4094.271,4089.737,4091.173,2863
2025-10-23 04:00:00+00:00,4091.195,4091.82,4087.418,4091.363,2510
2025-10-23 04:15:00+00:00,4091.43,4093.025,4079.656,4084.407,3381
2025-10-23 04:30:00+00:00,4084.435,4090.042,4082.352,4087.529,2775
2025-10-23 04:45:00+00:00,4087.526,4091.523,4086.379,4089.702,3474
2025-10-23 05:00:00+00:00,4089.675,4094.099,4088.571,4091.115,3908
2025-10-23 05:15:00+00:00,4091.086,4091.934,4083.866,4089.505,3580
2025-10-23 05:30:00+00:00,4089.54,4098.343,4088.545,4096.625,6259
2025-10-23 05:45:00+00:00,4096.604,4110.517,4096.472,4110.266,4631
2025-10-23 06:00:00+00:00,4110.224,4137.712,4110.089,4129.986,13086
2025-10-23 06:15:00+00:00,4129.856,4132.688,4120.676,4125.393,10322
2025-10-23 06:30:00+00:00,4125.286,4127.695,4113.361,4122.422,8797
2025-10-23 06:45:00+00:00,4122.38,4124.005,4110.513,4113.599,7416
2025-10-23 07:00:00+00:00,4113.628,4121.242,4112.227,4114.57,6265
2025-10-23 07:15:00+00:00,4114.504,4120.266,4113.474,4115.538,6707
2025-10-23 07:30:00+00:00,4115.521,4115.64,4091.79,4103.168,10107
2025-10-23 07:45:00+00:00,4103.083,4104.917,4093.831,4094.256,6885
2025-10-23 08:00:00+00:00,4094.292,4115.065,4094.292,4111.274,9445
2025-10-23 08:15:00+00:00,4111.332,4119.027,4110.546,4113.839,6845
2025-10-23 08:30:00+00:00,4113.879,4115.553,4108.406,4111.445,4150
2025-10-23 08:45:00+00:00,4111.418,4118.452,4109.068,4116.135,4951
2025-10-23 09:00:00+00:00,4116.178,4121.018,4111.167,4118.416,4946
2025-10-23 09:15:00+00:00,4118.442,4123.764,4117.504,4122.102,5192
2025-10-23 09:30:00+00:00,4122.08,4125.478,4111.589,4114.293,5401
2025-10-23 09:45:00+00:00,4114.405,4125.062,4111.436,4124.415,3974
2025-10-23 10:00:00+00:00,4124.456,4125.235,4117.281,4121.332,4270
2025-10-23 10:15:00+00:00,4121.295,4121.937,4108.765,4110.051,5634
2025-10-23 10:30:00+00:00,4110.006,4119.399,4106.572,4110.377,7064
2025-10-23 10:45:00+00:00,4110.353,4113.088,4101.765,4108.833,7868
2025-10-23 11:00:00+00:00,4108.879,4121.031,4107.654,4116.304,6851
2025-10-23 11:15:00+00:00,4116.396,4118.102,4111.721,4113.374,4745
2025-10-23 11:30:00+00:00,4113.35,4116.878,4109.492,4114.186,6449
2025-10-23 11:45:00+00:00,4114.158,4117.701,4107.722,4109.614,5578
2025-10-23 12:00:00+00:00,4109.581,4116.184,4103.867,4105.0,6403
2025-10-23 12:15:00+00:00,4105.025,4110.003,4100.14,4109.26,6790
2025-10-23 12:30:00+00:00,4109.281,4128.052,4108.923,4118.982,7378
2025-10-23 12:45:00+00:00,4119.008,4129.402,4119.001,4127.175,5558
2025-10-23 13:00:00+00:00,4127.216,4136.511,4125.759,4135.097,10303
2025-10-23 13:15:00+00:00,4135.069,4149.889,4130.969,4147.142,8835
2025-10-23 13:30:00+00:00,4147.19,4149.751,4132.161,4149.628,15641
2025-10-23 13:45:00+00:00,4149.589,4151.129,4137.792,4144.946,11667
2025-10-23 14:00:00+00:00,4144.905,4154.684,4140.311,4142.241,8670
2025-10-23 14:15:00+00:00,4142.273,4147.612,4136.028,4147.385,11107
2025-10-23 14:30:00+00:00,4147.283,4147.775,4140.341,4144.26,8455
2025-10-23 14:45:00+00:00,4144.302,4152.04,4140.053,4148.231,8486
2025-10-23 15:00:00+00:00,4148.258,4151.888,4142.246,4144.381,6762
2025-10-23 15:15:00+00:00,4144.351,4147.982,4137.135,4144.923,6291
2025-10-23 15:30:00+00:00,4144.961,4146.781,4138.705,4142.903,5134
2025-10-23 15:45:00+00:00,4142.87,4145.115,4137.199,4141.845,5809
2025-10-23 16:00:00+00:00,4141.816,4148.643,4141.42,4143.692,5073
2025-10-23 16:15:00+00:00,4143.792,4143.949,4132.632,4140.558,6097
2025-10-23 16:30:00+00:00,4140.581,4143.657,4127.567,4128.562,5182
2025-10-23 16:45:00+00:00,4128.605,4134.647,4125.523,4133.022,5719
2025-10-23 17:00:00+00:00,4132.976,4139.254,4128.215,4138.35,5518
2025-10-23 17:15:00+00:00,4138.341,4138.341,4124.747,4129.639,6455
2025-10-23 17:30:00+00:00,4129.675,4136.849,4126.67,4134.326,4940
2025-10-23 17:45:00+00:00,4134.307,4138.384,4132.151,4137.659,3394
2025-10-23 18:00:00+00:00,4137.661,4141.275,4133.143,4140.643,3683
2025-10-23 18:15:00+00:00,4140.552,4143.464,4137.022,4142.716,3253
2025-10-23 18:30:00+00:00,4142.741,4142.798,4136.281,4139.891,3180
2025-10-23 18:45:00+00:00,4139.941,4140.177,4133.52,4135.982,3389
2025-10-23 19:00:00+00:00,4136.016,4138.225,4133.677,4135.073,3330
2025-10-23 19:15:00+00:00,4135.018,4135.493,4125.836,4128.53,3668
2025-10-23 19:30:00+00:00,4128.63,4128.782,4117.392,4119.795,5378
2025-10-23 19:45:00+00:00,4119.848,4121.853,4116.426,4118.289,5241
2025-10-23 20:00:00+00:00,4118.333,4119.438,4110.857,4113.199,5020
2025-10-23 20:15:00+00:00,4113.244,4115.877,4107.443,4108.471,3336
2025-10-23 20:30:00+00:00,4108.424,4117.371,4107.377,4115.043,2471
2025-10-23 20:45:00+00:00,4115.015,4125.967,4114.579,4125.56,2026
2025-10-23 22:00:00+00:00,4131.889,4131.923,4119.944,4126.828,3105
2025-10-23 22:15:00+00:00,4126.85,4126.85,4117.464,4122.074,3237
2025-10-23 22:30:00+00:00,4122.08,4122.618,4111.692,4111.709,2091
2025-10-23 22:45:00+00:00,4111.689,4118.398,4111.301,4116.133,2390
2025-10-23 23:00:00+00:00,4116.129,4119.646,4113.671,4115.824,1790
2025-10-23 23:15:00+00:00,4115.825,4115.886,4110.812,4112.031,1760
2025-10-23 23:30:00+00:00,4112.062,4117.359,4105.812,4117.359,2650
2025-10-23 23:45:00+00:00,4117.313,4122.968,4114.918,4121.703,3665
2025-10-24 00:00:00+00:00,4121.728,4132.187,4117.975,4128.553,5119
2025-10-24 00:15:00+00:00,4128.488,4133.226,4125.333,4132.843,3770
2025-10-24 00:30:00+00:00,4132.775,4133.713,4126.071,4127.594,3131
2025-10-24 00:45:00+00:00,4127.605,4133.009,4126.911,4132.564,2691
2025-10-24 01:00:00+00:00,4132.579,4143.099,4127.657,4142.872,7555
2025-10-24 01:15:00+00:00,4142.908,4144.297,4130.933,4136.659,5326
2025-10-24 01:30:00+00:00,4136.659,4137.537,4121.983,4125.757,6425
2025-10-24 01:45:00+00:00,4125.715,4126.635,4112.151,4118.823,7717
2025-10-24 02:00:00+00:00,4118.87,4119.083,4111.571,4114.369,5745
2025-10-24 02:15:00+00:00,4114.412,4117.191,4109.484,4111.806,5171
2025-10-24 02:30:00+00:00,4111.832,4117.279,4110.968,4114.406,4090
2025-10-24 02:45:00+00:00,4114.29,4116.771,4109.384,4109.614,3762
2025-10-24 03:00:00+00:00,4109.741,4117.974,4107.556,4117.827,4405
2025-10-24 03:15:00+00:00,4117.87,4119.793,4111.612,4117.047,3551
2025-10-24 03:30:00+00:00,4117.056,4117.868,4113.978,4117.049,2076
2025-10-24 03:45:00+00:00,4117.068,4123.507,4116.269,4122.38,2738
2025-10-24 04:00:00+00:00,4122.262,4123.316,4115.589,4116.488,2467
2025-10-24 04:15:00+00:00,4116.484,4116.665,4104.974,4107.008,4754
2025-10-24 04:30:00+00:00,4106.986,4107.753,4102.818,4106.594,4261
2025-10-24 04:45:00+00:00,4106.621,4113.763,4106.541,4111.724,3275
2025-10-24 05:00:00+00:00,4111.774,4117.981,4111.35,4115.043,3078
2025-10-24 05:15:00+00:00,4114.999,4117.885,4110.513,4112.686,2631
2025-10-24 05:30:00+00:00,4112.717,4113.582,4104.958,4108.451,4352
2025-10-24 05:45:00+00:00,4108.462,4113.531,4102.902,4104.65,4108
2025-10-24 06:00:00+00:00,4104.58,4104.856,4081.859,4083.449,9722
2025-10-24 06:15:00+00:00,4083.412,4091.187,4081.417,4089.767,8867
2025-10-24 06:30:00+00:00,4089.799,4096.267,4083.569,4093.337,5736
2025-10-24 06:45:00+00:00,4093.382,4097.435,4090.641,4092.262,4003
2025-10-24 07:00:00+00:00,4092.149,4095.987,4090.344,4094.969,4970
2025-10-24 07:15:00+00:00,4094.924,4095.452,4086.542,4088.552,4908
2025-10-24 07:30:00+00:00,4088.465,4091.298,4082.237,4087.046,5478
2025-10-24 07:45:00+00:00,4086.943,4088.124,4069.547,4074.245,9119
2025-10-24 08:00:00+00:00,4074.376,4077.914,4051.886,4054.229,9852
2025-10-24 08:15:00+00:00,4054.271,4057.92,4047.503,4053.722,9163
2025-10-24 08:30:00+00:00,4053.682,4064.133,4050.278,4056.531,6265
2025-10-24 08:45:00+00:00,4056.499,4069.318,4055.751,4065.337,6966
2025-10-24 09:00:00+00:00,4065.299,4072.491,4062.276,4071.503,5360
2025-10-24 09:15:00+00:00,4071.54,4073.394,4068.998,4069.804,3826
2025-10-24 09:30:00+00:00,4069.842,4073.618,4065.008,4069.494,5480
2025-10-24 09:45:00+00:00,4069.467,4072.041,4054.395,4060.753,5314
2025-10-24 10:00:00+00:00,4060.728,4070.902,4059.382,4066.854,4587
2025-10-24 10:15:00+00:00,4066.798,4067.634,4058.394,4059.195,2690
2025-10-24 10:30:00+00:00,4059.163,4063.063,4054.702,4058.371,4359
2025-10-24 10:45:00+00:00,4058.365,4060.517,4053.48,4054.84,4153
2025-10-24 11:00:00+00:00,4054.814,4061.918,4043.978,4058.937,9027
2025-10-24 11:15:00+00:00,4058.899,4061.291,4054.819,4056.615,4184
2025-10-24 11:30:00+00:00,4056.582,4060.364,4054.744,4058.531,3430
2025-10-24 11:45:00+00:00,4058.515,4065.572,4057.849,4061.284,5007
2025-10-24 12:00:00+00:00,4061.371,4065.359,4059.917,4062.19,4846
2025-10-24 12:15:00+00:00,4062.223,4064.428,4059.819,4061.569,5229
2025-10-24 12:30:00+00:00,4061.594,4093.836,4061.041,4083.217,16287
2025-10-24 12:45:00+00:00,4083.184,4084.535,4074.226,4081.987,11385
2025-10-24 13:00:00+00:00,4082.026,4115.751,4079.085,4111.925,16004
2025-10-24 13:15:00+00:00,4111.956,4122.324,4109.542,4114.007,13009
2025-10-24 13:30:00+00:00,4113.983,4120.146,4098.504,4105.508,18026
2025-10-24 13:45:00+00:00,4105.475,4109.942,4097.823,4106.845,14750
2025-10-24 14:00:00+00:00,4106.682,4135.165,4102.186,4132.168,13241
2025-10-24 14:15:00+00:00,4132.144,4134.851,4119.767,4123.688,12657
2025-10-24 14:30:00+00:00,4123.771,4131.601,4121.121,4129.531,9323
2025-10-24 14:45:00+00:00,4129.557,4131.219,4112.155,4117.364,10233
2025-10-24 15:00:00+00:00,4117.339,4123.377,4114.79,4118.844,7956
2025-10-24 15:15:00+00:00,4118.8,4128.882,4113.214,4125.599,6872
2025-10-24 15:30:00+00:00,4125.667,4130.455,4123.454,4126.889,5531
2025-10-24 15:45:00+00:00,4126.851,4131.922,4120.819,4130.347,8270
2025-10-24 16:00:00+00:00,4130.419,4136.642,4127.163,4133.095,6334
2025-10-24 16:15:00+00:00,4133.099,4138.594,4130.021,4136.498,5602
2025-10-24 16:30:00+00:00,4136.455,4137.118,4121.643,4130.827,5750
2025-10-24 16:45:00+00:00,4130.784,4133.298,4126.027,4129.162,4917
2025-10-24 17:00:00+00:00,4129.267,4134.373,4125.802,4126.261,4712
2025-10-24 17:15:00+00:00,4126.239,4127.474,4120.253,4120.968,6672
2025-10-24 17:30:00+00:00,4121.013,4124.056,4111.42,4112.036,6118
2025-10-24 17:45:00+00:00,4112.076,4116.877,4105.684,4107.531,6272
2025-10-24 18:00:00+00:00,4107.585,4109.514,4101.801,4104.476,6509
2025-10-24 18:15:00+00:00,4104.462,4110.791,4102.01,4105.971,5474
2025-10-24 18:30:00+00:00,4106.009,4113.615,4104.01,4107.009,4741
2025-10-24 18:45:00+00:00,4107.049,4111.444,4105.456,4110.312,3711
2025-10-24 19:00:00+00:00,4110.278,4117.407,4109.855,4114.502,3769
2025-10-24 19:15:00+00:00,4114.599,4116.941,4110.743,4113.051,3394
2025-10-24 19:30:00+00:00,4113.021,4113.839,4108.655,4109.404,3277
2025-10-24 19:45:00+00:00,4109.387,4109.665,4102.2,4103.999,5157
2025-10-24 20:00:00+00:00,4104.036,4104.264,4096.254,4100.239,3039
2025-10-24 20:15:00+00:00,4100.263,4102.214,4098.012,4100.053,1934
2025-10-24 20:30:00+00:00,4100.08,4109.796,4099.624,4108.788,2371
2025-10-24 20:45:00+00:00,4108.851,4114.071,4107.299,4113.082,2464
2025-10-26 22:00:00+00:00,4083.589,4107.716,4074.153,4105.015,7314
2025-10-26 22:15:00+00:00,4105.018,4109.193,4091.477,4091.922,5920
2025-10-26 22:30:00+00:00,4091.853,4100.599,4080.152,4080.48,7272
2025-10-26 22:45:00+00:00,4080.454,4085.015,4071.692,4081.724,7314
2025-10-26 23:00:00+00:00,4081.764,4088.452,4078.746,4082.583,6099
2025-10-26 23:15:00+00:00,4082.691,4086.785,4073.457,4074.852,4345
2025-10-26 23:30:00+00:00,4074.952,4080.536,4064.2,4067.491,5798
2025-10-26 23:45:00+00:00,4067.487,4071.325,4061.912,4064.458,6120
2025-10-27 00:00:00+00:00,4064.532,4072.68,4058.108,4069.451,7184
2025-10-27 00:15:00+00:00,4069.368,4071.729,4062.224,4067.685,5079
2025-10-27 00:30:00+00:00,4067.624,4077.009,4067.309,4074.947,4205
2025-10-27 00:45:00+00:00,4074.947,4084.199,4074.31,4081.343,4776
2025-10-27 01:00:00+00:00,4081.368,4096.193,4075.056,4090.281,11798
2025-10-27 01:15:00+00:00,4090.302,4097.781,4088.934,4093.396,5692
2025-10-27 01:30:00+00:00,4093.371,4093.911,4081.287,4088.094,7692
2025-10-27 01:45:00+00:00,4088.069,4090.651,4081.295,4081.734,5459
2025-10-27 02:00:00+00:00,4081.755,4082.086,4071.464,4078.665,6062
2025-10-27 02:15:00+00:00,4078.697,4081.396,4071.115,4073.056,4340
2025-10-27 02:30:00+00:00,4073.104,4079.504,4071.934,4078.011,4503
2025-10-27 02:45:00+00:00,4078.075,4078.075,4070.098,4071.586,3856
2025-10-27 03:00:00+00:00,4071.558,4076.847,4065.319,4075.501,4162
2025-10-27 03:15:00+00:00,4075.519,4079.501,4070.188,4077.285,3853
2025-10-27 03:30:00+00:00,4077.305,4081.909,4075.256,4080.305,3347
2025-10-27 03:45:00+00:00,4080.259,4080.521,4068.639,4069.559,2869
2025-10-27 04:00:00+00:00,4069.523,4069.523,4053.805,4057.507,6186
2025-10-27 04:15:00+00:00,4057.561,4065.316,4054.451,4062.556,4086
2025-10-27 04:30:00+00:00,4062.639,4064.936,4058.071,4060.704,3827
2025-10-27 04:45:00+00:00,4060.734,4071.856,4060.041,4068.752,3648
2025-10-27 05:00:00+00:00,4068.8,4074.981,4068.587,4073.631,2680
2025-10-27 05:15:00+00:00,4073.587,4084.569,4073.093,4081.915,3116
2025-10-27 05:30:00+00:00,4081.863,4083.852,4077.896,4079.872,4864
2025-10-27 05:45:00+00:00,4079.897,4083.756,4076.5,4079.552,4273
2025-10-27 06:00:00+00:00,4079.522,4084.782,4077.397,4079.69,5386
2025-10-27 06:15:00+00:00,4079.736,4084.271,4078.306,4082.055,4417
2025-10-27 06:30:00+00:00,4082.092,4083.533,4078.95,4079.933,3285
2025-10-27 06:45:00+00:00,4079.936,4082.898,4073.829,4078.286,4362
2025-10-27 07:00:00+00:00,4078.287,4079.997,4070.017,4071.654,4150
2025-10-27 07:15:00+00:00,4071.64,4074.463,4065.923,4068.334,3945
2025-10-27 07:30:00+00:00,4068.39,4071.591,4066.597,4070.622,3077
2025-10-27 07:45:00+00:00,4070.542,4070.885,4064.017,4068.619,3775
2025-10-27 08:00:00+00:00,4068.588,4068.588,4063.421,4066.699,5440
2025-10-27 08:15:00+00:00,4066.594,4070.549,4056.0,4058.574,5682
2025-10-27 08:30:00+00:00,4058.567,4062.469,4058.304,4058.961,4532
2025-10-27 08:45:00+00:00,4058.919,4061.568,4023.351,4043.306,12525
2025-10-27 09:00:00+00:00,4043.408,4050.274,4030.104,4036.462,10218
2025-10-27 09:15:00+00:00,4036.501,4043.086,4033.787,4037.491,7300
2025-10-27 09:30:00+00:00,4037.431,4049.846,4036.642,4042.883,7210
2025-10-27 09:45:00+00:00,4042.875,4048.081,4038.861,4039.737,6381
2025-10-27 10:00:00+00:00,4039.716,4047.826,4037.209,4043.482,5453
2025-10-27 10:15:00+00:00,4043.514,4045.255,4034.89,4036.037,5162
2025-10-27 10:30:00+00:00,4036.09,4045.77,4028.795,4041.511,6228
2025-10-27 10:45:00+00:00,4041.541,4042.618,4035.246,4037.364,3896
2025-10-27 11:00:00+00:00,4037.407,4041.376,4020.958,4030.469,8090
2025-10-27 11:15:00+00:00,4030.429,4032.708,4027.912,4030.249,5393
2025-10-27 11:30:00+00:00,4030.321,4031.112,4015.427,4020.66,8306
2025-10-27 11:45:00+00:00,4020.615,4031.991,4019.501,4023.923,6797
2025-10-27 12:00:00+00:00,4023.971,4038.109,4022.293,4032.516,8809
2025-10-27 12:15:00+00:00,4032.546,4041.802,4032.13,4034.646,7072
2025-10-27 12:30:00+00:00,4034.693,4037.893,4030.159,4034.908,5283
2025-10-27 12:45:00+00:00,4034.937,4046.553,4034.636,4045.514,6531
2025-10-27 13:00:00+00:00,4045.564,4050.275,4038.844,4039.582,8344
2025-10-27 13:15:00+00:00,4039.557,4043.937,4031.53,4033.954,6849
2025-10-27 13:30:00+00:00,4033.927,4039.184,4017.942,4025.376,18400
2025-10-27 13:45:00+00:00,4025.334,4027.259,4013.181,4022.017,15598
2025-10-27 14:00:00+00:00,4022.04,4023.383,4000.043,4004.808,19616
2025-10-27 14:15:00+00:00,4004.758,4007.628,3986.725,3998.825,19995
2025-10-27 14:30:00+00:00,3998.888,4000.055,3982.877,3994.47,15520
2025-10-27 14:45:00+00:00,3994.445,3999.384,3983.898,3987.902,13781
2025-10-27 15:00:00+00:00,3987.927,3988.247,3971.348,3978.738,16623
2025-10-27 15:15:00+00:00,3978.787,3988.208,3975.686,3986.716,10693
2025-10-27 15:30:00+00:00,3986.755,3993.532,3979.321,3981.554,9947
2025-10-27 15:45:00+00:00,3981.582,3990.393,3981.139,3989.93,7215
2025-10-27 16:00:00+00:00,3990.039,3994.977,3986.489,3993.623,6228
2025-10-27 16:15:00+00:00,3993.658,3998.156,3987.103,3987.103,5351
2025-10-27 16:30:00+00:00,3987.149,3995.23,3983.978,3993.553,5426
2025-10-27 16:45:00+00:00,3993.572,4000.444,3991.807,3999.159,5333
2025-10-27 17:00:00+00:00,3999.255,4004.195,3997.357,3998.676,5116
2025-10-27 17:15:00+00:00,3998.713,4006.226,3990.771,4005.361,7068
2025-10-27 17:30:00+00:00,4005.311,4007.134,3998.967,4002.536,5380
2025-10-27 17:45:00+00:00,4002.494,4008.887,4002.466,4006.473,3756
2025-10-27 18:00:00+00:00,4006.419,4010.147,4002.722,4009.556,4219
2025-10-27 18:15:00+00:00,4009.466,4010.05,4005.698,4008.264,3829
2025-10-27 18:30:00+00:00,4008.263,4009.538,4000.918,4003.541,4625
2025-10-27 18:45:00+00:00,4003.587,4008.272,3997.793,3999.308,5250
2025-10-27 19:00:00+00:00,3999.338,4005.656,3995.398,4001.26,5899
2025-10-27 19:15:00+00:00,4001.176,4003.055,3988.859,3989.298,5753
2025-10-27 19:30:00+00:00,3989.254,3992.491,3987.035,3987.983,5788
2025-10-27 19:45:00+00:00,3988.008,3991.728,3985.575,3990.129,5279
2025-10-27 20:00:00+00:00,3990.176,3993.941,3987.373,3992.746,3952
2025-10-27 20:15:00+00:00,3992.677,4000.309,3992.677,3999.909,2322
2025-10-27 20:30:00+00:00,3999.954,4000.153,3987.258,3987.78,3310
2025-10-27 20:45:00+00:00,3987.747,3987.975,3979.11,3982.549,3528
2025-10-27 22:00:00+00:00,3986.884,3996.477,3983.714,3985.53,4321
2025-10-27 22:15:00+00:00,3985.535,3994.547,3984.246,3992.25,2754
2025-10-27 22:30:00+00:00,3992.25,3994.229,3988.58,3992.185,1718
2025-10-27 22:45:00+00:00,3992.217,3992.658,3988.346,3989.898,1748
2025-10-27 23:00:00+00:00,3989.896,3991.722,3982.88,3982.952,3198
2025-10-27 23:15:00+00:00,3982.982,3995.347,3982.982,3995.347,2752
2025-10-27 23:30:00+00:00,3995.337,4004.562,3994.924,4000.559,3666
2025-10-27 23:45:00+00:00,4000.578,4001.38,3994.116,3998.491,3475
2025-10-28 00:00:00+00:00,3998.379,3998.907,3985.345,3986.363,4392
2025-10-28 00:15:00+00:00,3986.412,3988.743,3973.043,3984.516,5499
2025-10-28 00:30:00+00:00,3984.47,4001.115,3983.461,3999.623,4842
2025-10-28 00:45:00+00:00,3999.597,4009.739,3996.793,4006.746,4627
2025-10-28 01:00:00+00:00,4006.712,4019.217,4004.355,4017.821,8444
2025-10-28 01:15:00+00:00,4017.862,4019.767,4009.401,4009.74,5562
2025-10-28 01:30:00+00:00,4009.78,4012.624,4004.568,4010.356,5817
2025-10-28 01:45:00+00:00,4010.404,4015.579,4010.026,4011.01,4535
2025-10-28 02:00:00+00:00,4010.983,4013.994,4004.474,4005.341,5341
2025-10-28 02:15:00+00:00,4005.34,4005.826,3997.06,4000.614,4123
2025-10-28 02:30:00+00:00,4000.686,4002.027,3986.075,3994.493,7102
2025-10-28 02:45:00+00:00,3994.452,3994.569,3980.663,3983.882,7674
2025-10-28 03:00:00+00:00,3983.838,3989.586,3983.107,3989.319,5001
2025-10-28 03:15:00+00:00,3989.338,3994.378,3986.735,3990.437,3612
2025-10-28 03:30:00+00:00,3990.398,3991.06,3985.042,3986.855,2930
2025-10-28 03:45:00+00:00,3986.83,3993.673,3986.83,3992.9,2277
2025-10-28 04:00:00+00:00,3992.855,3994.255,3985.595,3987.644,3459
2025-10-28 04:15:00+00:00,3987.558,3988.324,3963.645,3971.446,7739
2025-10-28 04:30:00+00:00,3971.476,3980.461,3967.087,3976.982,6232
2025-10-28 04:45:00+00:00,3976.986,3978.431,3971.085,3973.68,4524
2025-10-28 05:00:00+00:00,3973.682,3979.305,3970.462,3976.903,4537
2025-10-28 05:15:00+00:00,3976.94,3980.167,3968.787,3975.362,4505
2025-10-28 05:30:00+00:00,3975.384,3976.035,3959.031,3960.52,9567
2025-10-28 05:45:00+00:00,3960.554,3968.062,3960.032,3966.441,5870
2025-10-28 06:00:00+00:00,3966.512,3968.627,3953.295,3955.786,6776
2025-10-28 06:15:00+00:00,3955.736,3959.603,3951.446,3952.87,4798
2025-10-28 06:30:00+00:00,3952.844,3957.366,3943.552,3943.651,6991
2025-10-28 06:45:00+00:00,3943.651,3946.823,3938.4,3942.666,7236
2025-10-28 07:00:00+00:00,3942.556,3948.582,3936.267,3946.592,7118
2025-10-28 07:15:00+00:00,3946.556,3947.67,3930.489,3931.113,8667
2025-10-28 07:30:00+00:00,3931.085,3934.142,3921.754,3930.982,7124
2025-10-28 07:45:00+00:00,3931.012,3936.299,3927.912,3932.473,6267
2025-10-28 08:00:00+00:00,3932.508,3935.894,3921.816,3921.823,8529
2025-10-28 08:15:00+00:00,3921.822,3924.411,3910.771,3914.776,10651
2025-10-28 08:30:00+00:00,3914.733,3916.846,3900.606,3905.507,9815
2025-10-28 08:45:00+00:00,3905.614,3909.993,3896.474,3897.412,8693
2025-10-28 09:00:00+00:00,3897.452,3904.224,3886.54,3897.243,12177
2025-10-28 09:15:00+00:00,3897.269,3907.977,3895.251,3904.791,8944
2025-10-28 09:30:00+00:00,3904.744,3911.022,3899.107,3909.852,5679
2025-10-28 09:45:00+00:00,3909.905,3910.645,3897.608,3904.714,5915
2025-10-28 10:00:00+00:00,3904.702,3909.243,3901.132,3902.014,5242
2025-10-28 10:15:00+00:00,3902.058,3909.101,3899.951,3905.336,4860
2025-10-28 10:30:00+00:00,3905.302,3922.853,3904.617,3915.668,7555
2025-10-28 10:45:00+00:00,3915.727,3930.741,3915.038,3926.405,7241
2025-10-28 11:00:00+00:00,3926.447,3927.002,3912.071,3916.242,7092
2025-10-28 11:15:00+00:00,3916.195,3920.546,3910.769,3918.074,6204
2025-10-28 11:30:00+00:00,3917.97,3928.686,3917.563,3927.779,5806
2025-10-28 11:45:00+00:00,3927.749,3929.956,3921.739,3923.293,4507
2025-10-28 12:00:00+00:00,3923.32,3928.877,3921.9,3926.271,5063
2025-10-28 12:15:00+00:00,3926.295,3929.916,3921.763,3921.904,6221
2025-10-28 12:30:00+00:00,3921.864,3926.168,3915.763,3916.353,6983
2025-10-28 12:45:00+00:00,3916.326,3916.671,3905.489,3912.891,6677
2025-10-28 13:00:00+00:00,3912.946,3929.143,3912.406,3922.879,10114
2025-10-28 13:15:00+00:00,3922.909,3933.776,3922.591,3932.493,7647
2025-10-28 13:30:00+00:00,3932.395,3933.376,3914.807,3922.771,15484
2025-10-28 13:45:00+00:00,3922.792,3940.493,3919.685,3938.881,9888
2025-10-28 14:00:00+00:00,3938.934,3944.754,3934.699,3939.069,8819
2025-10-28 14:15:00+00:00,3939.104,3950.18,3938.271,3949.75,8230
2025-10-28 14:30:00+00:00,3949.795,3950.341,3939.524,3945.919,7452
2025-10-28 14:45:00+00:00,3946.004,3953.977,3942.492,3949.702,6469
2025-10-28 15:00:00+00:00,3949.678,3960.017,3947.11,3959.055,8295
2025-10-28 15:15:00+00:00,3959.045,3960.504,3956.459,3958.508,5679
2025-10-28 15:30:00+00:00,3958.402,3964.641,3957.414,3963.455,4816
2025-10-28 15:45:00+00:00,3963.399,3969.566,3963.235,3964.762,4545
2025-10-28 16:00:00+00:00,3964.796,3965.383,3954.585,3963.41,7131
2025-10-28 16:15:00+00:00,3963.449,3965.0,3960.745,3963.264,4585
2025-10-28 16:30:00+00:00,3963.224,3964.793,3951.101,3955.524,10738
2025-10-28 16:45:00+00:00,3955.482,3959.742,3952.705,3958.497,5241
2025-10-28 17:00:00+00:00,3958.424,3970.017,3956.518,3969.567,5303
2025-10-28 17:15:00+00:00,3969.538,3970.422,3964.209,3967.29,4742
2025-10-28 17:30:00+00:00,3967.335,3969.272,3961.349,3963.984,5119
2025-10-28 17:45:00+00:00,3963.938,3965.292,3955.104,3962.456,5746
2025-10-28 18:00:00+00:00,3962.423,3964.096,3955.225,3959.58,4497
2025-10-28 18:15:00+00:00,3959.545,3960.698,3952.686,3954.86,3171
2025-10-28 18:30:00+00:00,3954.811,3955.312,3945.144,3952.008,6722
2025-10-28 18:45:00+00:00,3951.957,3957.493,3949.414,3956.612,4153
2025-10-28 19:00:00+00:00,3956.638,3958.706,3950.906,3953.426,5547
2025-10-28 19:15:00+00:00,3953.482,3958.907,3951.886,3955.631,4335
2025-10-28 19:30:00+00:00,3955.595,3957.558,3950.76,3956.314,4058
2025-10-28 19:45:00+00:00,3956.308,3962.866,3955.016,3960.116,5086
2025-10-28 20:00:00+00:00,3960.164,3960.968,3951.719,3954.16,2778
2025-10-28 20:15:00+00:00,3954.171,3957.535,3949.298,3951.057,2500
2025-10-28 20:30:00+00:00,3951.1,3956.291,3951.1,3955.093,2376
2025-10-28 20:45:00+00:00,3955.077,3955.378,3949.968,3952.221,1918
2025-10-28 22:00:00+00:00,3957.342,3961.222,3915.99,3936.834,7846
2025-10-28 22:15:00+00:00,3936.867,3950.242,3927.223,3946.383,7200
2025-10-28 22:30:00+00:00,3946.429,3947.728,3939.489,3943.447,3701
2025-10-28 22:45:00+00:00,3943.418,3943.418,3933.944,3934.029,4962
2025-10-28 23:00:00+00:00,3934.044,3949.067,3934.003,3947.478,4559
2025-10-28 23:15:00+00:00,3947.372,3954.036,3946.867,3950.874,2372
2025-10-28 23:30:00+00:00,3950.865,3959.727,3947.272,3959.727,3168
2025-10-28 23:45:00+00:00,3959.662,3967.841,3954.86,3964.818,5312
2025-10-29 00:00:00+00:00,3964.847,3969.028,3959.089,3961.957,6417
2025-10-29 00:15:00+00:00,3961.931,3972.178,3959.534,3970.91,3994
2025-10-29 00:30:00+00:00,3970.921,3982.257,3966.759,3981.676,5281
2025-10-29 00:45:00+00:00,3981.63,3982.167,3972.446,3975.301,4888
2025-10-29 01:00:00+00:00,3975.258,3979.705,3968.765,3977.072,8464
2025-10-29 01:15:00+00:00,3977.13,3979.24,3972.345,3973.064,4940
2025-10-29 01:30:00+00:00,3973.105,3974.545,3966.152,3967.489,6226
2025-10-29 01:45:00+00:00,3967.464,3977.121,3967.053,3973.798,4455
2025-10-29 02:00:00+00:00,3973.775,3974.537,3965.315,3966.568,4103
2025-10-29 02:15:00+00:00,3966.509,3970.118,3962.133,3963.46,4369
2025-10-29 02:30:00+00:00,3963.497,3964.771,3944.199,3954.104,9040
2025-10-29 02:45:00+00:00,3954.121,3961.659,3951.48,3961.174,4657
2025-10-29 03:00:00+00:00,3961.214,3964.133,3958.753,3959.084,3984
2025-10-29 03:15:00+00:00,3959.119,3970.412,3958.379,3964.798,4997
2025-10-29 03:30:00+00:00,3964.715,3972.238,3962.86,3969.84,3558
2025-10-29 03:45:00+00:00,3969.824,3970.674,3962.376,3963.36,2776
2025-10-29 04:00:00+00:00,3963.373,3964.926,3955.649,3956.058,3701
2025-10-29 04:15:00+00:00,3956.086,3961.912,3951.138,3953.523,4542
2025-10-29 04:30:00+00:00,3953.491,3960.156,3952.369,3959.002,3354
2025-10-29 04:45:00+00:00,3959.004,3959.411,3951.549,3952.027,2822
2025-10-29 05:00:00+00:00,3952.044,3963.188,3950.749,3955.5,5046
2025-10-29 05:15:00+00:00,3955.545,3960.603,3953.405,3957.718,3726
2025-10-29 05:30:00+00:00,3957.75,3966.401,3954.084,3964.867,4980
2025-10-29 05:45:00+00:00,3964.858,3965.6,3957.832,3962.618,4320
2025-10-29 06:00:00+00:00,3962.509,3970.616,3959.849,3968.62,4787
2025-10-29 06:15:00+00:00,3968.645,3974.015,3966.05,3970.66,3990
2025-10-29 06:30:00+00:00,3970.646,3981.687,3970.339,3980.873,4393
2025-10-29 06:45:00+00:00,3980.833,3984.966,3974.554,3978.278,4483
2025-10-29 07:00:00+00:00,3978.332,3996.822,3974.965,3994.991,7032
2025-10-29 07:15:00+00:00,3994.945,3998.593,3993.378,3996.426,5075
2025-10-29 07:30:00+00:00,3996.466,3997.491,3989.777,3995.03,4450
2025-10-29 07:45:00+00:00,3995.004,4001.599,3991.315,4001.329,3519
2025-10-29 08:00:00+00:00,4001.294,4009.933,4000.436,4007.149,5648
2025-10-29 08:15:00+00:00,4007.111,4011.374,4003.522,4010.075,4561
2025-10-29 08:30:00+00:00,4010.105,4013.901,4007.117,4010.981,4634
2025-10-29 08:45:00+00:00,4010.902,4018.454,4009.803,4016.617,4363
2025-10-29 09:00:00+00:00,4016.592,4021.886,4015.115,4016.354,4744
2025-10-29 09:15:00+00:00,4016.404,4020.048,4013.389,4017.147,4391
2025-10-29 09:30:00+00:00,4017.245,4020.661,4015.64,4019.302,4131
2025-10-29 09:45:00+00:00,4019.353,4029.65,4019.201,4023.998,5667
2025-10-29 10:00:00+00:00,4024.1,4026.171,4017.185,4022.378,5483
2025-10-29 10:15:00+00:00,4022.334,4029.628,4021.337,4024.583,4564
2025-10-29 10:30:00+00:00,4024.538,4029.216,4020.959,4026.074,4426
2025-10-29 10:45:00+00:00,4026.098,4029.706,4022.569,4023.366,3256
2025-10-29 11:00:00+00:00,4023.415,4028.678,4022.025,4022.179,3317
2025-10-29 11:15:00+00:00,4022.245,4025.495,4018.054,4018.38,5712
2025-10-29 11:30:00+00:00,4018.424,4020.882,4014.589,4018.019,5042
2025-10-29 11:45:00+00:00,4017.977,4019.411,4013.39,4016.693,5495
2025-10-29 12:00:00+00:00,4016.722,4029.164,4013.595,4028.328,6131
2025-10-29 12:15:00+00:00,4028.304,4030.268,4022.852,4026.24,6466
2025-10-29 12:30:00+00:00,4026.213,4028.668,4021.686,4026.009,3806
2025-10-29 12:45:00+00:00,4026.11,4028.003,4023.009,4025.39,4588
2025-10-29 13:00:00+00:00,4025.357,4025.479,4009.851,4012.525,8875
2025-10-29 13:15:00+00:00,4012.565,4019.929,4012.565,4018.623,4620
2025-10-29 13:30:00+00:00,4018.671,4019.455,4002.482,4007.087,11700
2025-10-29 13:45:00+00:00,4006.93,4013.952,4002.518,4012.287,7062
2025-10-29 14:00:00+00:00,4012.253,4022.391,4011.683,4017.089,6657
2025-10-29 14:15:00+00:00,4017.114,4019.986,4014.197,4016.706,6227
2025-10-29 14:30:00+00:00,4016.708,4021.128,4009.219,4010.347,5809
2025-10-29 14:45:00+00:00,4010.296,4015.16,4007.362,4008.574,5580
2025-10-29 15:00:00+00:00,4008.543,4012.122,4004.584,4009.576,6613
2025-10-29 15:15:00+00:00,4009.531,4010.187,4001.883,4006.485,6999
2025-10-29 15:30:00+00:00,4006.449,4008.908,4002.91,4004.064,4493
2025-10-29 15:45:00+00:00,4004.057,4004.057,3989.229,3993.002,7958
2025-10-29 16:00:00+00:00,3993.009,3999.576,3991.353,3997.282,4697
2025-10-29 16:15:00+00:00,3997.164,4001.026,3995.859,3998.523,4143
2025-10-29 16:30:00+00:00,3998.423,3998.566,3992.96,3995.113,3314
2025-10-29 16:45:00+00:00,3995.071,3999.892,3992.263,3992.863,2893
2025-10-29 17:00:00+00:00,3992.832,3997.836,3989.301,3997.836,3211
2025-10-29 17:15:00+00:00,3997.715,3997.751,3985.614,3987.061,4785
2025-10-29 17:30:00+00:00,3986.987,3995.319,3986.174,3992.047,4084
2025-10-29 17:45:00+00:00,3991.988,3995.942,3991.427,3994.873,2663
2025-10-29 18:00:00+00:00,3994.835,4007.464,3978.566,3983.445,16985
2025-10-29 18:15:00+00:00,3983.477,3989.519,3976.64,3981.2,9608
2025-10-29 18:30:00+00:00,3981.186,3989.544,3942.858,3954.472,33449
2025-10-29 18:45:00+00:00,3954.497,3972.622,3947.947,3969.394,19949
2025-10-29 19:00:00+00:00,3969.431,3979.807,3953.559,3970.566,15706
2025-10-29 19:15:00+00:00,3970.608,3974.479,3951.108,3953.408,11803
2025-10-29 19:30:00+00:00,3953.449,3954.614,3927.91,3929.263,15077
2025-10-29 19:45:00+00:00,3929.294,3949.411,3929.294,3945.555,11504
2025-10-29 20:00:00+00:00,3945.528,3949.297,3932.471,3941.241,6942
2025-10-29 20:15:00+00:00,3941.217,3954.199,3937.071,3948.633,5666
2025-10-29 20:30:00+00:00,3948.629,3950.225,3935.241,3936.606,3818
2025-10-29 20:45:00+00:00,3936.582,3941.226,3927.99,3928.745,3675
2025-10-29 22:00:00+00:00,3927.247,3940.044,3917.19,3938.05,5661
2025-10-29 22:15:00+00:00,3937.983,3945.016,3925.094,3937.446,6739
2025-10-29 22:30:00+00:00,3937.504,3942.307,3931.376,3941.412,4740
2025-10-29 22:45:00+00:00,3941.38,3948.501,3940.486,3941.336,3661
2025-10-29 23:00:00+00:00,3941.38,3948.623,3939.512,3946.105,3978
2025-10-29 23:15:00+00:00,3946.108,3951.307,3943.851,3950.381,2493
2025-10-29 23:30:00+00:00,3950.4,3950.709,3944.296,3945.122,2891
2025-10-29 23:45:00+00:00,3945.077,3954.061,3941.156,3952.836,3856
2025-10-30 00:00:00+00:00,3952.798,3963.18,3951.982,3956.743,5364
2025-10-30 00:15:00+00:00,3956.752,3964.254,3955.129,3959.684,4136
2025-10-30 00:30:00+00:00,3959.66,3959.787,3941.462,3941.916,5566
2025-10-30 00:45:00+00:00,3941.892,3953.398,3937.991,3950.191,6194
2025-10-30 01:00:00+00:00,3950.21,3966.389,3945.352,3950.332,9753
2025-10-30 01:15:00+00:00,3950.24,3957.16,3945.125,3950.298,6774
2025-10-30 01:30:00+00:00,3950.294,3959.779,3947.632,3957.728,5367
2025-10-30 01:45:00+00:00,3957.795,3958.539,3945.876,3947.978,5547
2025-10-30 02:00:00+00:00,3947.937,3948.246,3926.421,3936.409,8226
2025-10-30 02:15:00+00:00,3936.513,3938.458,3932.355,3933.938,4163
2025-10-30 02:30:00+00:00,3934.019,3941.888,3930.904,3937.073,6622
2025-10-30 02:45:00+00:00,3937.108,3938.493,3921.643,3921.95,6921
2025-10-30 03:00:00+00:00,3921.953,3929.371,3915.301,3928.706,6697
2025-10-30 03:15:00+00:00,3928.734,3934.805,3925.85,3933.03,4601
2025-10-30 03:30:00+00:00,3932.998,3937.756,3931.619,3932.607,3205
2025-10-30 03:45:00+00:00,3932.587,3938.288,3929.837,3938.002,2962
2025-10-30 04:00:00+00:00,3938.03,3943.801,3934.842,3943.093,5769
2025-10-30 04:15:00+00:00,3943.066,3959.302,3941.483,3959.302,6205
2025-10-30 04:30:00+00:00,3959.337,3982.415,3958.457,3978.837,11022
2025-10-30 04:45:00+00:00,3978.789,3981.982,3971.495,3972.691,6017
2025-10-30 05:00:00+00:00,3972.664,3978.472,3961.358,3963.022,7167
2025-10-30 05:15:00+00:00,3962.978,3964.85,3948.884,3950.622,6617
2025-10-30 05:30:00+00:00,3950.534,3963.636,3947.087,3962.685,8046
2025-10-30 05:45:00+00:00,3962.625,3973.763,3960.817,3963.757,6859
2025-10-30 06:00:00+00:00,3963.716,3970.824,3956.36,3962.254,7043
2025-10-30 06:15:00+00:00,3962.195,3970.813,3958.606,3964.976,6944
2025-10-30 06:30:00+00:00,3965.026,3968.351,3956.714,3965.658,5566
2025-10-30 06:45:00+00:00,3965.613,3977.177,3961.742,3976.845,5201
2025-10-30 07:00:00+00:00,3976.774,3977.246,3969.25,3970.225,5540
2025-10-30 07:15:00+00:00,3970.278,3972.592,3960.131,3968.286,4971
2025-10-30 07:30:00+00:00,3968.389,3969.757,3958.539,3961.954,4843
2025-10-30 07:45:00+00:00,3961.901,3962.06,3955.865,3961.323,4443
2025-10-30 08:00:00+00:00,3961.339,3969.516,3960.183,3965.802,5800
2025-10-30 08:15:00+00:00,3965.764,3974.499,3964.387,3972.92,4500
2025-10-30 08:30:00+00:00,3972.918,3975.191,3968.363,3974.059,3936
2025-10-30 08:45:00+00:00,3974.088,3976.794,3971.564,3976.385,4154
2025-10-30 09:00:00+00:00,3976.326,4006.839,3976.001,4004.902,8236
2025-10-30 09:15:00+00:00,4004.949,4011.878,3999.676,4004.47,6163
2025-10-30 09:30:00+00:00,4004.495,4007.282,4000.156,4005.558,6382
2025-10-30 09:45:00+00:00,4005.645,4006.338,3992.646,3998.67,5859
2025-10-30 10:00:00+00:00,3998.645,4000.997,3996.047,3998.194,3334
2025-10-30 10:15:00+00:00,3998.192,3999.145,3982.37,3987.213,5926
2025-10-30 10:30:00+00:00,3987.094,3988.417,3973.717,3982.301,8440
2025-10-30 10:45:00+00:00,3982.326,3987.088,3979.593,3984.292,4891
2025-10-30 11:00:00+00:00,3984.311,3984.986,3976.77,3977.316,5336
2025-10-30 11:15:00+00:00,3977.27,3977.793,3964.005,3966.014,6958
2025-10-30 11:30:00+00:00,3965.991,3976.455,3965.184,3973.41,5312
2025-10-30 11:45:00+00:00,3973.303,3976.643,3970.977,3974.38,3704
2025-10-30 12:00:00+00:00,3974.422,3982.809,3973.514,3982.202,7185
2025-10-30 12:15:00+00:00,3982.322,3985.628,3970.883,3971.022,6791
2025-10-30 12:30:00+00:00,3970.989,3980.285,3966.637,3977.065,6644
2025-10-30 12:45:00+00:00,3976.966,3978.925,3961.012,3961.446,8255
2025-10-30 13:00:00+00:00,3961.408,3977.9,3960.046,3975.629,9926
2025-10-30 13:15:00+00:00,3975.729,3976.386,3969.437,3969.619,5710
2025-10-30 13:30:00+00:00,3969.651,3979.204,3963.314,3974.942,14256
2025-10-30 13:45:00+00:00,3974.988,3995.367,3974.001,3995.367,10937
2025-10-30 14:00:00+00:00,3995.414,4014.832,3991.836,4010.962,14649
2025-10-30 14:15:00+00:00,4011.002,4013.26,3995.808,3998.302,14186
2025-10-30 14:30:00+00:00,3998.361,4000.938,3986.728,3993.515,10175
2025-10-30 14:45:00+00:00,3993.472,4002.241,3989.124,3996.41,9679
2025-10-30 15:00:00+00:00,3996.359,4003.606,3988.385,4000.123,9823
2025-10-30 15:15:00+00:00,4000.157,4003.039,3994.722,3998.628,6562
2025-10-30 15:30:00+00:00,3998.585,4005.469,3997.765,4004.757,5745
2025-10-30 15:45:00+00:00,4004.828,4008.495,4000.944,4001.938,4929
2025-10-30 16:00:00+00:00,4001.9,4004.112,3993.965,3994.987,5683
2025-10-30 16:15:00+00:00,3995.013,3998.53,3991.38,3995.687,5362
2025-10-30 16:30:00+00:00,3995.67,4002.758,3994.992,4002.638,4242
2025-10-30 16:45:00+00:00,4002.575,4003.037,3997.01,4001.28,3652
2025-10-30 17:00:00+00:00,4001.324,4004.061,3995.34,3995.509,3802
2025-10-30 17:15:00+00:00,3995.471,4003.519,3994.383,4002.417,3750
2025-10-30 17:30:00+00:00,4002.38,4010.904,4001.923,4010.268,3754
2025-10-30 17:45:00+00:00,4010.311,4017.883,4003.415,4004.795,5070
2025-10-30 18:00:00+00:00,4004.839,4007.653,4000.237,4005.606,4729
2025-10-30 18:15:00+00:00,4005.657,4012.895,4003.469,4012.819,2963
2025-10-30 18:30:00+00:00,4012.853,4017.536,4007.645,4011.153,4613
2025-10-30 18:45:00+00:00,4011.101,4017.757,4009.719,4016.104,3750
2025-10-30 19:00:00+00:00,4016.134,4025.865,4015.329,4024.941,4274
2025-10-30 19:15:00+00:00,4024.982,4025.972,4018.802,4020.199,4415
2025-10-30 19:30:00+00:00,4020.154,4025.859,4020.154,4024.586,3323
2025-10-30 19:45:00+00:00,4024.578,4025.681,4020.226,4023.431,4427
2025-10-30 20:00:00+00:00,4023.4,4027.454,4021.725,4023.375,2999
2025-10-30 20:15:00+00:00,4023.396,4023.775,4017.866,4019.117,2468
2025-10-30 20:30:00+00:00,4019.157,4020.35,4016.379,4020.35,2352
2025-10-30 20:45:00+00:00,4020.29,4027.218,4019.937,4024.533,1854
2025-10-30 22:00:00+00:00,4023.522,4023.672,4016.328,4022.294,2163
2025-10-30 22:15:00+00:00,4022.308,4022.308,4016.596,4020.68,2554
2025-10-30 22:30:00+00:00,4020.668,4027.289,4020.668,4024.241,3045
2025-10-30 22:45:00+00:00,4024.328,4046.422,4023.287,4037.974,6226
2025-10-30 23:00:00+00:00,4038.002,4038.784,4018.906,4027.188,6654
2025-10-30 23:15:00+00:00,4027.223,4032.096,4023.311,4028.138,4185
2025-10-30 23:30:00+00:00,4028.069,4035.208,4026.236,4032.148,3298
2025-10-30 23:45:00+00:00,4032.081,4043.094,4032.081,4036.658,4679
2025-10-31 00:00:00+00:00,4036.633,4037.155,4029.139,4031.86,4727
2025-10-31 00:15:00+00:00,4031.895,4034.002,4026.198,4027.562,3770
2025-10-31 00:30:00+00:00,4027.595,4031.046,4026.072,4027.793,3929
2025-10-31 00:45:00+00:00,4027.763,4031.368,4023.798,4025.304,4242
2025-10-31 01:00:00+00:00,4025.272,4039.309,4019.752,4032.511,7792
2025-10-31 01:15:00+00:00,4032.619,4035.861,4027.925,4030.861,5819
2025-10-31 01:30:00+00:00,4030.818,4030.983,4023.38,4024.016,4968
2025-10-31 01:45:00+00:00,4023.907,4025.507,4012.93,4018.868,6514
2025-10-31 02:00:00+00:00,4018.824,4019.228,4009.199,4009.825,7834
2025-10-31 02:15:00+00:00,4009.781,4017.845,4008.727,4013.303,4641
2025-10-31 02:30:00+00:00,4013.296,4014.905,4001.586,4003.339,8504
2025-10-31 02:45:00+00:00,4003.323,4017.281,4003.323,4011.051,5603
2025-10-31 03:00:00+00:00,4011.118,4013.936,3991.092,3994.309,8372
2025-10-31 03:15:00+00:00,3994.335,4001.488,3993.014,4000.263,6435
2025-10-31 03:30:00+00:00,4000.29,4003.79,3997.777,3997.907,3127
2025-10-31 03:45:00+00:00,3997.939,3998.749,3994.015,3996.422,3423
2025-10-31 04:00:00+00:00,3996.448,3997.496,3989.103,3991.829,4235
2025-10-31 04:15:00+00:00,3991.787,4000.984,3991.168,4000.827,2626
2025-10-31 04:30:00+00:00,4000.905,4006.291,3998.852,4000.261,3463
2025-10-31 04:45:00+00:00,4000.252,4010.602,3999.847,4005.678,4724
2025-10-31 05:00:00+00:00,4005.64,4006.235,3996.189,3997.229,4350
2025-10-31 05:15:00+00:00,3997.178,4003.2,3994.021,4001.685,3592
2025-10-31 05:30:00+00:00,4001.679,4006.788,3998.248,4006.581,6356
2025-10-31 05:45:00+00:00,4006.62,4011.353,4003.397,4005.093,6047
2025-10-31 06:00:00+00:00,4005.121,4013.315,4002.055,4009.631,5872
2025-10-31 06:15:00+00:00,4009.703,4015.101,4006.596,4009.066,5502
2025-10-31 06:30:00+00:00,4009.132,4011.863,4007.069,4010.154,4385
2025-10-31 06:45:00+00:00,4010.095,4014.595,4005.179,4013.049,4012
2025-10-31 07:00:00+00:00,4013.086,4016.77,4007.446,4015.644,5674
2025-10-31 07:15:00+00:00,4015.667,4023.593,4014.408,4023.253,5013
2025-10-31 07:30:00+00:00,4023.243,4025.317,4011.989,4012.482,4321
2025-10-31 07:45:00+00:00,4012.6,4023.848,4012.569,4021.041,4122
2025-10-31 08:00:00+00:00,4020.948,4026.871,4018.969,4023.195,4740
2025-10-31 08:15:00+00:00,4023.165,4024.231,4018.409,4021.503,3686
2025-10-31 08:30:00+00:00,4021.455,4025.965,4018.71,4019.922,4246
2025-10-31 08:45:00+00:00,4019.966,4021.009,4006.64,4010.481,5494
2025-10-31 09:00:00+00:00,4010.442,4014.294,4006.496,4006.697,4217
2025-10-31 09:15:00+00:00,4006.579,4008.275,3998.795,4002.439,5433
2025-10-31 09:30:00+00:00,4002.481,4007.003,3999.973,4004.28,3427
2025-10-31 09:45:00+00:00,4004.232,4009.774,4000.218,4008.554,3874
2025-10-31 10:00:00+00:00,4008.547,4016.792,4008.284,4015.91,3633
2025-10-31 10:15:00+00:00,4015.911,4016.445,4010.421,4013.226,3911
2025-10-31 10:30:00+00:00,4013.177,4014.144,4008.327,4010.296,3199
2025-10-31 10:45:00+00:00,4010.273,4010.529,4003.609,4007.458,3482
2025-10-31 11:00:00+00:00,4007.413,4009.638,4004.07,4006.032,3558
2025-10-31 11:15:00+00:00,4006.034,4008.106,4001.666,4005.515,3459
2025-10-31 11:30:00+00:00,4005.55,4008.878,4001.895,4008.868,3268
2025-10-31 11:45:00+00:00,4008.826,4011.227,4006.279,4010.513,3116
2025-10-31 12:00:00+00:00,4010.483,4013.295,4009.075,4012.515,3097
2025-10-31 12:15:00+00:00,4012.593,4025.145,4011.77,4019.64,4729
2025-10-31 12:30:00+00:00,4019.404,4033.071,4016.57,4029.52,6957
2025-10-31 12:45:00+00:00,4029.5,4036.188,4020.686,4023.052,5713
2025-10-31 13:00:00+00:00,4023.013,4035.265,4020.379,4031.279,8173
2025-10-31 13:15:00+00:00,4031.225,4031.986,4025.62,4026.695,5184
2025-10-31 13:30:00+00:00,4026.747,4028.888,4013.131,4016.055,11428
2025-10-31 13:45:00+00:00,4015.999,4022.813,4010.09,4016.522,8987
2025-10-31 14:00:00+00:00,4016.556,4027.332,4016.544,4019.728,8226
2025-10-31 14:15:00+00:00,4019.832,4025.793,4014.796,4015.607,7175
2025-10-31 14:30:00+00:00,4015.644,4021.554,4012.84,4016.95,6301
2025-10-31 14:45:00+00:00,4016.992,4022.495,4010.859,4020.548,5652
2025-10-31 15:00:00+00:00,4020.566,4020.94,4009.409,4017.157,7953
2025-10-31 15:15:00+00:00,4017.125,4019.516,4014.74,4017.937,4965
2025-10-31 15:30:00+00:00,4017.868,4022.818,4015.93,4020.683,5701
2025-10-31 15:45:00+00:00,4020.723,4022.248,4011.531,4012.804,7465
2025-10-31 16:00:00+00:00,4012.753,4015.136,3978.339,3979.148,12559
2025-10-31 16:15:00+00:00,3979.032,3990.081,3972.406,3985.847,17776
2025-10-31 16:30:00+00:00,3985.89,3990.466,3981.475,3984.459,10202
2025-10-31 16:45:00+00:00,3984.355,3986.978,3978.767,3980.751,6804
2025-10-31 17:00:00+00:00,3980.793,3990.363,3980.793,3983.072,7248
2025-10-31 17:15:00+00:00,3983.025,3987.83,3981.345,3984.496,6151
2025-10-31 17:30:00+00:00,3984.441,3999.394,3980.453,3998.668,6917
2025-10-31 17:45:00+00:00,3998.579,4003.589,3996.395,3997.671,5154
2025-10-31 18:00:00+00:00,3997.706,4007.237,3995.487,4006.51,5211
2025-10-31 18:15:00+00:00,4006.513,4010.142,4005.079,4008.533,3894
2025-10-31 18:30:00+00:00,4008.506,4009.135,4002.739,4003.96,3447
2025-10-31 18:45:00+00:00,4004.015,4006.185,3999.525,4000.027,3281
2025-10-31 19:00:00+00:00,4000.064,4005.615,3999.008,4000.13,3950
2025-10-31 19:15:00+00:00,4000.143,4002.139,3991.236,4001.378,4584
2025-10-31 19:30:00+00:00,4001.443,4001.616,3994.787,3999.14,3529
2025-10-31 19:45:00+00:00,3999.168,4002.058,3996.081,4001.071,3880
2025-10-31 20:00:00+00:00,4001.033,4001.31,3996.134,3998.594,2228
2025-10-31 20:15:00+00:00,3998.546,4002.545,3997.233,4002.099,1693
2025-10-31 20:30:00+00:00,4002.065,4006.709,4001.742,4003.884,1855
2025-10-31 20:45:00+00:00,4003.882,4004.695,4001.616,4001.621,2209
2025-11-02 23:00:00+00:00,3990.719,3998.21,3990.07,3996.039,5148
2025-11-02 23:15:00+00:00,3996.095,3998.936,3988.242,3994.667,3718
2025-11-02 23:30:00+00:00,3994.66,3995.863,3978.253,3979.63,4567
2025-11-02 23:45:00+00:00,3979.666,3985.204,3977.946,3980.254,4081
2025-11-03 00:00:00+00:00,3980.215,3987.771,3966.612,3968.503,5907
2025-11-03 00:15:00+00:00,3968.454,3973.138,3962.306,3970.647,6638
2025-11-03 00:30:00+00:00,3970.549,3977.638,3963.355,3972.723,4496
2025-11-03 00:45:00+00:00,3972.673,3976.673,3967.781,3970.971,5172
2025-11-03 01:00:00+00:00,3971.006,3989.134,3965.367,3986.481,12637
2025-11-03 01:15:00+00:00,3986.505,3999.449,3986.193,3998.881,7332
2025-11-03 01:30:00+00:00,3998.906,4001.846,3990.417,3992.114,5377
2025-11-03 01:45:00+00:00,3992.099,4000.2,3990.163,3995.838,4821
2025-11-03 02:00:00+00:00,3995.811,3998.757,3990.316,3995.182,4608
2025-11-03 02:15:00+00:00,3995.13,4006.557,3994.965,3995.521,4827
2025-11-03 02:30:00+00:00,3995.586,4006.27,3994.917,4001.68,5193
2025-11-03 02:45:00+00:00,4001.723,4006.141,3997.862,4004.007,4013
2025-11-03 03:00:00+00:00,4004.042,4011.556,4002.349,4007.672,6590
2025-11-03 03:15:00+00:00,4007.676,4010.512,4005.702,4006.209,3793
2025-11-03 03:30:00+00:00,4006.161,4013.289,4005.563,4010.749,3399
2025-11-03 03:45:00+00:00,4010.802,4015.557,4010.802,4011.186,2459
2025-11-03 04:00:00+00:00,4011.183,4014.493,4006.786,4009.764,4082
2025-11-03 04:15:00+00:00,4009.768,4009.87,4001.693,4005.41,3304
2025-11-03 04:30:00+00:00,4005.392,4007.793,4002.485,4006.886,2659
2025-11-03 04:45:00+00:00,4006.882,4007.59,4002.706,4003.761,2257
2025-11-03 05:00:00+00:00,4003.762,4010.158,3997.685,4007.118,4842
2025-11-03 05:15:00+00:00,4007.145,4012.711,4004.974,4011.969,2621
2025-11-03 05:30:00+00:00,4012.009,4018.698,4012.009,4014.817,4527
2025-11-03 05:45:00+00:00,4014.852,4017.016,4011.323,4014.055,2831
2025-11-03 06:00:00+00:00,4014.082,4017.005,4010.105,4014.605,3984
2025-11-03 06:15:00+00:00,4014.534,4018.783,4013.366,4016.444,3662
2025-11-03 06:30:00+00:00,4016.433,4018.019,4013.074,4015.516,3012
2025-11-03 06:45:00+00:00,4015.557,4018.56,4013.931,4017.369,3073
2025-11-03 07:00:00+00:00,4017.343,4023.646,4015.005,4015.382,4827
2025-11-03 07:15:00+00:00,4015.379,4020.593,4013.527,4019.031,2976
2025-11-03 07:30:00+00:00,4019.152,4023.242,4015.792,4022.092,3538
2025-11-03 07:45:00+00:00,4022.176,4026.054,4020.769,4025.279,3976
2025-11-03 08:00:00+00:00,4025.371,4027.868,4020.717,4021.663,4124
2025-11-03 08:15:00+00:00,4021.627,4023.835,4011.224,4014.405,4319
2025-11-03 08:30:00+00:00,4014.422,4017.687,4012.263,4016.679,5205
2025-11-03 08:45:00+00:00,4016.7,4020.707,4012.978,4019.736,4634
2025-11-03 09:00:00+00:00,4019.807,4026.007,4016.61,4021.639,4722
2025-11-03 09:15:00+00:00,4021.689,4022.22,4005.157,4007.456,6389
2025-11-03 09:30:00+00:00,4007.426,4008.149,3996.312,3997.208,6965
2025-11-03 09:45:00+00:00,3997.183,4005.305,3992.968,4000.605,6067
2025-11-03 10:00:00+00:00,4000.679,4004.807,3994.513,3997.572,5674
2025-11-03 10:15:00+00:00,3997.499,4000.904,3995.76,3997.847,4563
2025-11-03 10:30:00+00:00,3997.793,4001.346,3994.441,3998.048,4171
2025-11-03 10:45:00+00:00,3998.038,3999.345,3994.424,3998.911,3515
2025-11-03 11:00:00+00:00,3998.951,4002.311,3994.258,4000.442,3952
2025-11-03 11:15:00+00:00,4000.415,4007.075,3998.726,4006.561,3979
2025-11-03 11:30:00+00:00,4006.585,4007.032,4002.848,4005.211,3646
2025-11-03 11:45:00+00:00,4005.193,4008.639,4004.5,4007.563,3096
2025-11-03 12:00:00+00:00,4007.556,4008.648,4004.714,4007.162,3827
2025-11-03 12:15:00+00:00,4007.169,4007.735,4001.707,4005.237,3017
2025-11-03 12:30:00+00:00,4005.217,4011.025,4003.663,4008.294,3859
2025-11-03 12:45:00+00:00,4008.257,4013.568,4007.672,4013.239,3515
2025-11-03 13:00:00+00:00,4013.206,4018.4,4011.765,4015.579,6431
2025-11-03 13:15:00+00:00,4015.537,4019.69,4013.916,4014.447,7444
2025-11-03 13:30:00+00:00,4014.481,4020.632,4010.723,4017.37,6039
2025-11-03 13:45:00+00:00,4017.327,4018.192,4014.558,4015.983,4706
2025-11-03 14:00:00+00:00,4016.024,4020.915,4012.534,4016.156,6273
2025-11-03 14:15:00+00:00,4016.131,4020.439,4009.381,4010.196,4925
2025-11-03 14:30:00+00:00,4010.169,4013.803,4001.745,4012.421,9133
2025-11-03 14:45:00+00:00,4012.407,4026.134,4012.337,4022.647,7495
2025-11-03 15:00:00+00:00,4022.761,4030.646,4022.761,4026.764,9196
2025-11-03 15:15:00+00:00,4026.721,4028.782,4008.599,4011.412,9628
2025-11-03 15:30:00+00:00,4011.426,4022.601,4005.637,4021.248,10004
2025-11-03 15:45:00+00:00,4021.294,4023.77,4003.416,4008.635,7738
2025-11-03 16:00:00+00:00,4008.604,4013.492,4001.865,4004.811,7123
2025-11-03 16:15:00+00:00,4004.764,4005.311,3995.327,3998.013,6941
2025-11-03 16:30:00+00:00,3997.974,4004.515,3995.929,4003.714,4881
2025-11-03 16:45:00+00:00,4003.608,4009.704,4001.911,4008.205,3770
2025-11-03 17:00:00+00:00,4008.263,4009.931,4003.531,4008.29,3797
2025-11-03 17:15:00+00:00,4008.315,4012.08,4006.591,4006.928,3859
2025-11-03 17:30:00+00:00,4006.934,4007.527,4004.32,4005.775,3331
2025-11-03 17:45:00+00:00,4005.737,4007.658,4005.124,4006.159,2508
2025-11-03 18:00:00+00:00,4006.134,4006.882,4001.628,4002.988,2658
2025-11-03 18:15:00+00:00,4003.012,4003.967,3999.527,4001.395,3433
2025-11-03 18:30:00+00:00,4001.428,4009.6,4001.101,4008.411,3094
2025-11-03 18:45:00+00:00,4008.436,4008.555,4003.445,4006.661,2550
2025-11-03 19:00:00+00:00,4006.658,4008.276,3995.081,4003.427,4707
2025-11-03 19:15:00+00:00,4003.442,4005.981,4001.726,4004.19,3592
2025-11-03 19:30:00+00:00,4004.064,4005.195,4000.57,4000.605,2924
2025-11-03 19:45:00+00:00,4000.566,4007.672,3999.681,4004.71,2906
2025-11-03 20:00:00+00:00,4004.67,4012.412,4004.67,4010.213,2794
2025-11-03 20:15:00+00:00,4010.243,4014.932,4009.458,4011.568,2895
2025-11-03 20:30:00+00:00,4011.503,4012.031,4007.156,4009.219,2197
2025-11-03 20:45:00+00:00,4009.266,4012.092,4007.89,4010.358,2086
2025-11-03 21:00:00+00:00,4010.248,4010.248,4004.352,4004.752,1512
2025-11-03 21:15:00+00:00,4004.8,4005.787,4001.015,4001.978,1625
2025-11-03 21:30:00+00:00,4001.961,4002.859,4000.164,4001.209,1281
2025-11-03 21:45:00+00:00,4001.211,4002.225,3999.703,4000.684,897
2025-11-03 23:00:00+00:00,4001.347,4005.837,3980.963,3988.41,3986
2025-11-03 23:15:00+00:00,3988.436,3997.357,3988.074,3995.9,3693
2025-11-03 23:30:00+00:00,3995.84,3999.826,3994.465,3997.969,2632
2025-11-03 23:45:00+00:00,3997.988,3999.703,3992.645,3997.223,3004
2025-11-04 00:00:00+00:00,3997.301,3998.723,3990.328,3994.83,4329
2025-11-04 00:15:00+00:00,3994.784,3999.269,3992.441,3993.092,2697
2025-11-04 00:30:00+00:00,3993.144,3993.938,3978.198,3980.106,5601
2025-11-04 00:45:00+00:00,3979.978,3989.134,3979.788,3986.349,5381
2025-11-04 01:00:00+00:00,3986.449,3992.776,3984.623,3990.283,7013
2025-11-04 01:15:00+00:00,3990.24,3994.534,3980.895,3985.424,5505
2025-11-04 01:30:00+00:00,3985.448,3988.031,3979.582,3987.304,5040
2025-11-04 01:45:00+00:00,3987.339,3990.317,3984.938,3987.411,3402
2025-11-04 02:00:00+00:00,3987.415,3987.415,3975.503,3977.204,6816
2025-11-04 02:15:00+00:00,3977.256,3984.037,3977.148,3983.927,3014
2025-11-04 02:30:00+00:00,3983.959,3985.181,3977.199,3983.37,5290
2025-11-04 02:45:00+00:00,3983.295,3986.853,3975.683,3986.62,5117
2025-11-04 03:00:00+00:00,3986.668,3990.571,3981.608,3988.329,3727
2025-11-04 03:15:00+00:00,3988.297,3993.956,3984.829,3992.986,3235
2025-11-04 03:30:00+00:00,3993.028,3999.382,3990.887,3992.262,4049
2025-11-04 03:45:00+00:00,3992.306,3995.406,3991.052,3994.564,3232
2025-11-04 04:00:00+00:00,3994.525,3995.175,3988.192,3988.853,3470
2025-11-04 04:15:00+00:00,3988.787,3993.08,3987.906,3991.909,2332
2025-11-04 04:30:00+00:00,3991.844,3993.443,3988.049,3988.31,2977
2025-11-04 04:45:00+00:00,3988.271,3991.44,3983.78,3985.48,3467
2025-11-04 05:00:00+00:00,3985.448,3986.879,3981.078,3983.866,3538
2025-11-04 05:15:00+00:00,3983.891,3987.093,3982.827,3982.985,2841
2025-11-04 05:30:00+00:00,3983.033,3985.678,3975.804,3976.341,5999
2025-11-04 05:45:00+00:00,3976.381,3981.631,3972.837,3973.41,5496
2025-11-04 06:00:00+00:00,3973.362,3975.4,3966.773,3974.554,5929
2025-11-04 06:15:00+00:00,3974.538,3976.282,3968.544,3975.569,4688
2025-11-04 06:30:00+00:00,3975.683,3980.962,3973.759,3979.509,5066
2025-11-04 06:45:00+00:00,3979.521,3988.008,3977.661,3985.053,4572
2025-11-04 07:00:00+00:00,3985.174,3990.134,3982.273,3987.06,5395
2025-11-04 07:15:00+00:00,3987.091,3996.438,3985.803,3993.989,5081
2025-11-04 07:30:00+00:00,3994.044,3995.974,3990.361,3991.592,3299
2025-11-04 07:45:00+00:00,3991.53,3996.199,3991.154,3993.914,2600
2025-11-04 08:00:00+00:00,3994.038,3999.323,3991.559,3991.755,4932
2025-11-04 08:15:00+00:00,3991.743,4000.711,3990.7,3999.925,4431
2025-11-04 08:30:00+00:00,3999.9,4000.573,3995.087,3999.07,3359
2025-11-04 08:45:00+00:00,3999.03,4000.268,3995.731,3996.008,3375
2025-11-04 09:00:00+00:00,3995.976,3997.764,3991.224,3991.665,3757
2025-11-04 09:15:00+00:00,3991.63,3994.819,3991.173,3991.935,3102
2025-11-04 09:30:00+00:00,3991.902,3999.395,3991.655,3997.035,4083
2025-11-04 09:45:00+00:00,3997.15,3997.828,3990.327,3991.224,3978
2025-11-04 10:00:00+00:00,3991.184,3994.767,3985.891,3994.499,5002
2025-11-04 10:15:00+00:00,3994.495,3996.863,3991.301,3992.042,3397
2025-11-04 10:30:00+00:00,3992.088,3997.514,3990.683,3995.603,3369
2025-11-04 10:45:00+00:00,3995.668,3996.301,3991.107,3993.927,2614
2025-11-04 11:00:00+00:00,3993.952,3995.701,3991.558,3993.953,2080
2025-11-04 11:15:00+00:00,3993.942,3995.855,3992.734,3994.277,1817
2025-11-04 11:30:00+00:00,3994.241,3995.769,3992.301,3992.379,2349
2025-11-04 11:45:00+00:00,3992.412,4000.218,3991.87,3995.217,3592
2025-11-04 12:00:00+00:00,3995.22,3996.747,3993.512,3996.611,2794
2025-11-04 12:15:00+00:00,3996.646,3997.576,3989.597,3990.117,2444
2025-11-04 12:30:00+00:00,3990.161,3990.654,3984.176,3990.528,3876
2025-11-04 12:45:00+00:00,3990.476,3992.524,3983.456,3984.707,3928
2025-11-04 13:00:00+00:00,3984.606,3995.549,3983.573,3993.114,5787
2025-11-04 13:15:00+00:00,3993.149,3996.042,3982.887,3983.826,5228
2025-11-04 13:30:00+00:00,3983.881,3988.091,3975.339,3980.209,6236
2025-11-04 13:45:00+00:00,3980.208,3982.272,3971.848,3975.696,5792
2025-11-04 14:00:00+00:00,3975.732,3976.7,3964.296,3975.73,7023
2025-11-04 14:15:00+00:00,3975.672,3977.762,3951.127,3951.143,6328
2025-11-04 14:30:00+00:00,3951.254,3956.589,3928.81,3931.119,20753
2025-11-04 14:45:00+00:00,3931.162,3959.805,3930.991,3956.957,11119
2025-11-04 15:00:00+00:00,3956.958,3958.76,3944.341,3947.311,8283
2025-11-04 15:15:00+00:00,3947.287,3953.048,3941.092,3949.119,7302
2025-11-04 15:30:00+00:00,3949.099,3968.055,3948.288,3965.271,7534
2025-11-04 15:45:00+00:00,3965.307,3965.982,3956.529,3956.768,5047
2025-11-04 16:00:00+00:00,3956.871,3965.73,3956.729,3963.555,5144
2025-11-04 16:15:00+00:00,3963.579,3975.778,3963.498,3972.576,6300
2025-11-04 16:30:00+00:00,3972.679,3973.969,3965.698,3969.688,4863
2025-11-04 16:45:00+00:00,3969.71,3970.316,3964.007,3968.911,3983
2025-11-04 17:00:00+00:00,3969.031,3971.009,3961.75,3963.967,4056
2025-11-04 17:15:00+00:00,3964.014,3965.375,3958.562,3959.433,4645
2025-11-04 17:30:00+00:00,3959.474,3965.178,3959.145,3961.123,4293
2025-11-04 17:45:00+00:00,3961.095,3964.352,3952.449,3955.014,5316
2025-11-04 18:00:00+00:00,3954.986,3956.858,3949.579,3950.524,3857
2025-11-04 18:15:00+00:00,3950.585,3952.706,3945.586,3950.881,5228
2025-11-04 18:30:00+00:00,3950.838,3951.529,3932.102,3938.51,7961
2025-11-04 18:45:00+00:00,3938.447,3941.254,3935.671,3937.847,5701
2025-11-04 19:00:00+00:00,3937.882,3944.074,3934.654,3940.428,4864
2025-11-04 19:15:00+00:00,3940.357,3944.104,3940.26,3941.968,4205
2025-11-04 19:30:00+00:00,3941.851,3943.083,3935.68,3937.945,4666
2025-11-04 19:45:00+00:00,3937.978,3939.919,3935.951,3937.435,3542
2025-11-04 20:00:00+00:00,3937.45,3939.412,3931.4,3934.238,4592
2025-11-04 20:15:00+00:00,3934.262,3937.837,3931.828,3937.436,3807
2025-11-04 20:30:00+00:00,3937.433,3942.073,3935.973,3941.015,3999
2025-11-04 20:45:00+00:00,3940.993,3941.238,3936.289,3938.528,3570
2025-11-04 21:00:00+00:00,3938.463,3938.582,3933.664,3934.24,1693
2025-11-04 21:15:00+00:00,3934.278,3935.46,3930.902,3933.97,1695
2025-11-04 21:30:00+00:00,3934.014,3935.059,3930.584,3930.987,1507
2025-11-04 21:45:00+00:00,3930.944,3934.128,3930.398,3932.139,1120
2025-11-04 23:00:00+00:00,3932.054,3940.555,3931.9,3935.835,2518
2025-11-04 23:15:00+00:00,3935.752,3939.623,3934.933,3937.724,2176
2025-11-04 23:30:00+00:00,3937.716,3938.693,3933.312,3938.008,2008
2025-11-04 23:45:00+00:00,3937.956,3937.956,3930.911,3934.767,3246
2025-11-05 00:00:00+00:00,3934.793,3943.054,3933.082,3939.943,3863
2025-11-05 00:15:00+00:00,3940.003,3942.538,3934.281,3938.781,3737
2025-11-05 00:30:00+00:00,3938.823,3939.974,3929.741,3931.771,4922
2025-11-05 00:45:00+00:00,3931.74,3939.874,3929.653,3939.874,4494
2025-11-05 01:00:00+00:00,3939.908,3945.055,3937.21,3943.055,6814
2025-11-05 01:15:00+00:00,3943.059,3948.609,3938.406,3946.305,5213
2025-11-05 01:30:00+00:00,3946.344,3949.453,3943.031,3943.455,5325
2025-11-05 01:45:00+00:00,3943.426,3943.603,3934.412,3937.05,4597
2025-11-05 02:00:00+00:00,3937.015,3945.19,3935.45,3942.013,4359
2025-11-05 02:15:00+00:00,3942.031,3942.144,3936.15,3938.131,2910
2025-11-05 02:30:00+00:00,3938.17,3948.962,3938.006,3945.255,4342
2025-11-05 02:45:00+00:00,3945.235,3950.974,3945.084,3948.503,4016
2025-11-05 03:00:00+00:00,3948.491,3956.079,3947.424,3953.061,3316
2025-11-05 03:15:00+00:00,3953.01,3956.316,3952.654,3953.009,2640
2025-11-05 03:30:00+00:00,3953.058,3959.508,3951.752,3958.907,2415
2025-11-05 03:45:00+00:00,3958.982,3965.371,3958.982,3960.802,3083
2025-11-05 04:00:00+00:00,3960.841,3964.963,3959.739,3961.958,2034
2025-11-05 04:15:00+00:00,3961.961,3964.489,3960.112,3963.498,1977
2025-11-05 04:30:00+00:00,3963.526,3972.248,3963.48,3971.17,3002
2025-11-05 04:45:00+00:00,3971.144,3973.639,3967.593,3970.233,2792
2025-11-05 05:00:00+00:00,3970.292,3972.227,3967.147,3971.048,2460
2025-11-05 05:15:00+00:00,3971.024,3978.556,3970.344,3975.787,2732
2025-11-05 05:30:00+00:00,3975.66,3976.077,3969.082,3970.044,4256
2025-11-05 05:45:00+00:00,3970.068,3970.068,3961.873,3964.933,3858
2025-11-05 06:00:00+00:00,3964.965,3968.898,3961.792,3964.841,4211
2025-11-05 06:15:00+00:00,3964.791,3970.406,3963.645,3967.432,3272
2025-11-05 06:30:00+00:00,3967.477,3973.594,3965.406,3971.466,3780
2025-11-05 06:45:00+00:00,3971.5,3972.122,3965.351,3966.191,3180
2025-11-05 07:00:00+00:00,3966.229,3967.707,3963.71,3966.431,3516
2025-11-05 07:15:00+00:00,3966.425,3969.633,3963.627,3965.971,3112
2025-11-05 07:30:00+00:00,3965.94,3971.284,3965.287,3970.123,2928
2025-11-05 07:45:00+00:00,3970.175,3974.807,3968.535,3972.701,2220
2025-11-05 08:00:00+00:00,3972.734,3987.091,3972.734,3982.289,6027
2025-11-05 08:15:00+00:00,3982.275,3984.094,3978.235,3979.943,3765
2025-11-05 08:30:00+00:00,3979.945,3985.856,3979.743,3981.779,3151
2025-11-05 08:45:00+00:00,3981.813,3983.575,3979.396,3979.852,2269
2025-11-05 09:00:00+00:00,3979.815,3981.302,3975.057,3975.398,3659
2025-11-05 09:15:00+00:00,3975.467,3975.741,3963.696,3965.7,3964
2025-11-05 09:30:00+00:00,3965.614,3971.534,3963.521,3969.802,2998
2025-11-05 09:45:00+00:00,3969.761,3972.587,3968.854,3971.802,2097
2025-11-05 10:00:00+00:00,3971.835,3971.835,3956.022,3963.861,5583
2025-11-05 10:15:00+00:00,3963.75,3967.275,3960.344,3964.491,2580
2025-11-05 10:30:00+00:00,3964.457,3967.367,3964.075,3967.048,2392
2025-11-05 10:45:00+00:00,3967.054,3970.229,3960.483,3964.456,3337
2025-11-05 11:00:00+00:00,3964.481,3968.861,3960.55,3960.902,2706
2025-11-05 11:15:00+00:00,3960.877,3961.801,3957.502,3958.285,2409
2025-11-05 11:30:00+00:00,3958.239,3964.263,3957.562,3963.146,2194
2025-11-05 11:45:00+00:00,3963.132,3968.202,3962.453,3966.879,2728
2025-11-05 12:00:00+00:00,3966.823,3967.115,3962.266,3964.273,2446
2025-11-05 12:15:00+00:00,3964.311,3969.91,3963.696,3967.447,2438
2025-11-05 12:30:00+00:00,3967.471,3968.067,3963.082,3964.5,2239
2025-11-05 12:45:00+00:00,3964.554,3969.573,3963.513,3969.571,2304
2025-11-05 13:00:00+00:00,3969.513,3974.688,3966.66,3972.438,4197
2025-11-05 13:15:00+00:00,3972.486,3977.541,3964.635,3976.173,5115
2025-11-05 13:30:00+00:00,3976.146,3977.222,3970.697,3974.399,5176
2025-11-05 13:45:00+00:00,3974.435,3979.533,3971.109,3975.814,3934
2025-11-05 14:00:00+00:00,3975.922,3980.763,3973.666,3979.353,4100
2025-11-05 14:15:00+00:00,3979.402,3985.32,3978.374,3983.72,3230
2025-11-05 14:30:00+00:00,3983.753,3985.562,3975.709,3976.433,9225
2025-11-05 14:45:00+00:00,3976.379,3978.596,3969.513,3973.399,8350
2025-11-05 15:00:00+00:00,3973.333,3977.745,3963.964,3970.554,8958
2025-11-05 15:15:00+00:00,3970.604,3980.119,3966.447,3979.185,6834
2025-11-05 15:30:00+00:00,3979.224,3984.502,3978.108,3982.944,4820
2025-11-05 15:45:00+00:00,3982.984,3984.431,3977.22,3978.191,4191
2025-11-05 16:00:00+00:00,3978.268,3982.089,3975.811,3976.536,4270
2025-11-05 16:15:00+00:00,3976.655,3981.36,3974.787,3981.311,3861
2025-11-05 16:30:00+00:00,3981.267,3984.394,3977.593,3982.596,3919
2025-11-05 16:45:00+00:00,3982.628,3990.496,3982.628,3986.864,4332
2025-11-05 17:00:00+00:00,3986.824,3989.659,3982.258,3984.212,3273
2025-11-05 17:15:00+00:00,3984.203,3985.321,3978.565,3982.324,3185
2025-11-05 17:30:00+00:00,3982.391,3984.306,3979.745,3983.199,2286
2025-11-05 17:45:00+00:00,3983.162,3983.471,3979.729,3981.948,2514
2025-11-05 18:00:00+00:00,3981.991,3983.828,3979.502,3983.623,2109
2025-11-05 18:15:00+00:00,3983.584,3986.002,3981.938,3983.598,2469
2025-11-05 18:30:00+00:00,3983.664,3985.013,3978.815,3979.657,2245
2025-11-05 18:45:00+00:00,3979.653,3983.271,3979.653,3982.459,1843
2025-11-05 19:00:00+00:00,3982.475,3985.942,3979.506,3980.04,2102
2025-11-05 19:15:00+00:00,3980.051,3984.438,3979.217,3984.198,1812
2025-11-05 19:30:00+00:00,3984.192,3988.887,3982.98,3987.075,1925
2025-11-05 19:45:00+00:00,3987.111,3988.843,3986.516,3987.809,1625
2025-11-05 20:00:00+00:00,3987.838,3990.243,3986.511,3987.701,1890
2025-11-05 20:15:00+00:00,3987.735,3988.587,3985.587,3985.587,1747
2025-11-05 20:30:00+00:00,3985.641,3988.219,3984.047,3984.539,1932
2025-11-05 20:45:00+00:00,3984.504,3985.359,3981.466,3983.78,2335
2025-11-05 21:00:00+00:00,3983.774,3984.941,3981.584,3983.449,1371
2025-11-05 21:15:00+00:00,3983.472,3984.233,3981.56,3981.972,1239
2025-11-05 21:30:00+00:00,3982.002,3983.316,3981.861,3982.11,853
2025-11-05 21:45:00+00:00,3982.118,3982.978,3977.889,3979.101,913
2025-11-05 23:00:00+00:00,3976.052,3980.142,3966.726,3969.898,6160
2025-11-05 23:15:00+00:00,3969.933,3971.934,3968.701,3970.247,1583
2025-11-05 23:30:00+00:00,3970.222,3975.313,3970.222,3973.417,2200
2025-11-05 23:45:00+00:00,3973.427,3977.509,3973.033,3973.671,1782
2025-11-06 00:00:00+00:00,3973.63,3975.385,3970.392,3974.901,1932
2025-11-06 00:15:00+00:00,3974.899,3974.986,3971.186,3973.55,1982
2025-11-06 00:30:00+00:00,3973.606,3974.884,3969.492,3972.303,3087
2025-11-06 00:45:00+00:00,3972.416,3976.129,3970.63,3976.129,2617
2025-11-06 01:00:00+00:00,3976.213,3977.409,3964.543,3969.983,5809
2025-11-06 01:15:00+00:00,3970.068,3975.601,3968.301,3969.175,3473
2025-11-06 01:30:00+00:00,3969.135,3974.074,3967.681,3970.943,3377
2025-11-06 01:45:00+00:00,3970.996,3976.717,3970.972,3976.629,2580
2025-11-06 02:00:00+00:00,3976.623,3979.609,3974.242,3977.375,3316
2025-11-06 02:15:00+00:00,3977.308,3978.988,3976.379,3978.085,1844
2025-11-06 02:30:00+00:00,3978.12,3985.259,3978.12,3980.14,3503
2025-11-06 02:45:00+00:00,3980.189,3984.346,3979.54,3983.325,2373
2025-11-06 03:00:00+00:00,3983.354,3985.418,3979.527,3985.027,2572
2025-11-06 03:15:00+00:00,3984.982,3987.01,3982.524,3986.132,2637
2025-11-06 03:30:00+00:00,3986.163,3990.439,3985.894,3987.549,2072
2025-11-06 03:45:00+00:00,3987.652,3987.903,3985.401,3987.556,1624
2025-11-06 04:00:00+00:00,3987.554,3988.107,3984.522,3985.501,1640
2025-11-06 04:15:00+00:00,3985.506,3987.486,3985.016,3986.726,1201
2025-11-06 04:30:00+00:00,3986.669,3989.37,3986.007,3986.979,1565
2025-11-06 04:45:00+00:00,3987.0,3989.858,3985.238,3988.748,1782
2025-11-06 05:00:00+00:00,3988.748,3990.31,3986.017,3988.087,1956
2025-11-06 05:15:00+00:00,3988.043,3990.925,3987.934,3990.056,1523
2025-11-06 05:30:00+00:00,3990.171,3990.396,3985.628,3987.865,3146
2025-11-06 05:45:00+00:00,3987.874,3990.316,3986.716,3987.694,2437
2025-11-06 06:00:00+00:00,3987.737,3989.825,3984.961,3987.09,3250
2025-11-06 06:15:00+00:00,3987.042,3988.808,3985.363,3987.155,2241
2025-11-06 06:30:00+00:00,3987.124,3987.592,3984.245,3984.266,1946
2025-11-06 06:45:00+00:00,3984.195,3992.93,3982.177,3991.508,3238
2025-11-06 07:00:00+00:00,3991.443,3998.782,3991.063,3998.431,3352
2025-11-06 07:15:00+00:00,3998.347,4009.155,3997.563,4004.138,4844
2025-11-06 07:30:00+00:00,4004.142,4009.645,4003.894,4005.319,3006
2025-11-06 07:45:00+00:00,4005.241,4009.298,4004.187,4005.883,2253
2025-11-06 08:00:00+00:00,4005.852,4009.561,4004.708,4009.109,3510
2025-11-06 08:15:00+00:00,4009.15,4016.278,4008.71,4015.685,3511
2025-11-06 08:30:00+00:00,4015.688,4016.818,4010.112,4010.112,2577
2025-11-06 08:45:00+00:00,4010.218,4015.707,4010.152,4014.801,2590
2025-11-06 09:00:00+00:00,4014.832,4015.191,4010.773,4012.094,2703
2025-11-06 09:15:00+00:00,4012.094,4014.956,4011.124,4012.782,2688
2025-11-06 09:30:00+00:00,4012.76,4013.459,4010.535,4012.393,1829
2025-11-06 09:45:00+00:00,4012.353,4012.735,4009.313,4011.031,2404
2025-11-06 10:00:00+00:00,4011.095,4011.216,4006.051,4008.673,2389
2025-11-06 10:15:00+00:00,4008.693,4009.171,4005.28,4006.179,2034
2025-11-06 10:30:00+00:00,4006.066,4008.727,4004.248,4007.795,2586
2025-11-06 10:45:00+00:00,4007.794,4009.501,4005.297,4008.363,1523
2025-11-06 11:00:00+00:00,4008.318,4010.634,4007.712,4009.948,1926
2025-11-06 11:15:00+00:00,4009.91,4011.15,4006.901,4009.527,2024
2025-11-06 11:30:00+00:00,4009.412,4017.035,4009.359,4015.909,2905
2025-11-06 11:45:00+00:00,4015.904,4019.609,4014.042,4018.182,2285
2025-11-06 12:00:00+00:00,4018.104,4019.506,4012.153,4012.783,2849
2025-11-06 12:15:00+00:00,4012.777,4014.612,4010.849,4011.683,2092
2025-11-06 12:30:00+00:00,4011.723,4013.059,4006.787,4009.243,2152
2025-11-06 12:45:00+00:00,4009.244,4010.5,4002.899,4005.269,2693
2025-11-06 13:00:00+00:00,4005.308,4013.048,4003.502,4011.776,4836
2025-11-06 13:15:00+00:00,4011.734,4016.022,4010.159,4013.432,3318
2025-11-06 13:30:00+00:00,4013.474,4016.118,4010.702,4013.702,3018
2025-11-06 13:45:00+00:00,4013.669,4016.025,4011.973,4012.14,2839
2025-11-06 14:00:00+00:00,4012.148,4013.794,4005.021,4008.326,4751
2025-11-06 14:15:00+00:00,4008.336,4008.336,3988.84,3991.9,7242
2025-11-06 14:30:00+00:00,3991.868,4003.112,3990.568,3998.289,9135
2025-11-06 14:45:00+00:00,3998.321,4001.054,3992.751,3993.264,7455
2025-11-06 15:00:00+00:00,3993.312,3993.763,3978.235,3982.61,10837
2025-11-06 15:15:00+00:00,3982.658,3991.067,3981.822,3986.775,6993
2025-11-06 15:30:00+00:00,3986.808,3987.28,3975.197,3978.35,7703
2025-11-06 15:45:00+00:00,3978.401,3984.222,3976.812,3980.22,7292
2025-11-06 16:00:00+00:00,3980.264,3986.27,3979.668,3982.001,6317
2025-11-06 16:15:00+00:00,3981.959,3983.92,3976.669,3983.682,5544
2025-11-06 16:30:00+00:00,3983.705,3983.994,3976.478,3979.167,4711
2025-11-06 16:45:00+00:00,3979.194,3984.729,3977.868,3980.916,4247
2025-11-06 17:00:00+00:00,3980.95,3985.438,3978.084,3978.843,4188
2025-11-06 17:15:00+00:00,3978.765,3979.115,3965.754,3969.74,7815
2025-11-06 17:30:00+00:00,3969.783,3982.587,3967.895,3981.888,5432
2025-11-06 17:45:00+00:00,3981.924,3988.178,3981.355,3986.251,4461
2025-11-06 18:00:00+00:00,3986.258,3986.687,3980.214,3984.023,3899
2025-11-06 18:15:00+00:00,3983.979,3989.388,3982.075,3983.312,3488
2025-11-06 18:30:00+00:00,3983.285,3991.074,3983.092,3989.511,3136
2025-11-06 18:45:00+00:00,3989.463,3990.47,3986.291,3987.769,2615
2025-11-06 19:00:00+00:00,3987.817,3995.278,3986.712,3995.084,2544
2025-11-06 19:15:00+00:00,3995.077,3995.209,3992.181,3992.333,2112
2025-11-06 19:30:00+00:00,3992.348,3992.819,3988.258,3989.486,2303
2025-11-06 19:45:00+00:00,3989.521,3990.253,3983.091,3985.395,3218
2025-11-06 20:00:00+00:00,3985.35,3987.277,3982.691,3984.581,2434
2025-11-06 20:15:00+00:00,3984.527,3985.055,3981.999,3982.691,2130
2025-11-06 20:30:00+00:00,3982.725,3986.801,3982.588,3984.008,2698
2025-11-06 20:45:00+00:00,3984.02,3984.02,3979.399,3980.709,7192
2025-11-06 21:00:00+00:00,3980.794,3982.399,3977.986,3981.217,3097
2025-11-06 21:15:00+00:00,3981.178,3981.771,3978.394,3980.673,1417
2025-11-06 21:30:00+00:00,3980.572,3981.024,3978.345,3978.75,1361
2025-11-06 21:45:00+00:00,3978.81,3979.161,3976.545,3977.032,1079
2025-11-06 23:00:00+00:00,3977.349,3983.199,3974.354,3981.264,1555
2025-11-06 23:15:00+00:00,3981.191,3985.22,3980.736,3983.477,1189
2025-11-06 23:30:00+00:00,3983.458,3987.954,3981.848,3986.005,2055
2025-11-06 23:45:00+00:00,3985.944,3989.711,3985.944,3989.177,1492
2025-11-07 00:00:00+00:00,3989.212,3989.801,3984.506,3987.15,2110
2025-11-07 00:15:00+00:00,3987.254,3992.598,3986.583,3991.636,1880
2025-11-07 00:30:00+00:00,3991.6,3994.485,3989.511,3991.047,2078
2025-11-07 00:45:00+00:00,3991.051,3991.397,3987.828,3988.647,1701
2025-11-07 01:00:00+00:00,3988.635,4000.063,3987.099,3998.914,4900
2025-11-07 01:15:00+00:00,3998.874,4001.826,3996.76,3997.564,2832
2025-11-07 01:30:00+00:00,3997.523,4002.573,3994.934,4001.929,2660
2025-11-07 01:45:00+00:00,4001.921,4002.751,3999.286,4001.748,1961
2025-11-07 02:00:00+00:00,4001.707,4003.402,3997.946,3998.013,2213
2025-11-07 02:15:00+00:00,3998.018,3998.175,3994.101,3995.624,2483
2025-11-07 02:30:00+00:00,3995.592,3998.891,3991.433,3992.894,3126
2025-11-07 02:45:00+00:00,3992.934,3997.482,3992.934,3995.397,2247
2025-11-07 03:00:00+00:00,3995.338,3996.568,3988.213,3990.945,2723
2025-11-07 03:15:00+00:00,3990.991,3993.385,3988.65,3992.571,1926
2025-11-07 03:30:00+00:00,3992.474,3995.337,3991.077,3994.731,1719
2025-11-07 03:45:00+00:00,3994.818,3994.899,3989.642,3990.445,1928
2025-11-07 04:00:00+00:00,3990.413,3993.125,3985.363,3991.144,2500
2025-11-07 04:15:00+00:00,3991.159,3997.951,3990.512,3996.365,2222
2025-11-07 04:30:00+00:00,3996.405,3997.364,3993.467,3995.517,1884
2025-11-07 04:45:00+00:00,3995.522,3998.635,3994.999,3998.451,1384
2025-11-07 05:00:00+00:00,3998.494,3998.904,3996.361,3997.737,1891
2025-11-07 05:15:00+00:00,3997.742,3997.894,3991.954,3994.138,1956
2025-11-07 05:30:00+00:00,3994.109,3998.019,3993.828,3996.408,3388
2025-11-07 05:45:00+00:00,3996.44,3997.735,3993.393,3995.159,2320
2025-11-07 06:00:00+00:00,3995.13,3997.059,3992.442,3995.318,2590
2025-11-07 06:15:00+00:00,3995.362,3999.952,3994.684,3998.302,2419
2025-11-07 06:30:00+00:00,3998.259,4003.046,3996.374,4001.466,2647
2025-11-07 06:45:00+00:00,4001.5,4008.442,4001.314,4006.685,2792
2025-11-07 07:00:00+00:00,4006.735,4010.016,4005.395,4007.835,2777
2025-11-07 07:15:00+00:00,4007.831,4009.776,4003.18,4003.683,3169
2025-11-07 07:30:00+00:00,4003.609,4006.785,4003.609,4005.542,2100
2025-11-07 07:45:00+00:00,4005.577,4008.185,4002.893,4007.772,1942
2025-11-07 08:00:00+00:00,4007.836,4010.328,4005.113,4009.675,3070
2025-11-07 08:15:00+00:00,4009.761,4009.801,4003.961,4005.72,1835
2025-11-07 08:30:00+00:00,4005.75,4008.809,4003.597,4005.771,2199
2025-11-07 08:45:00+00:00,4005.743,4010.323,4005.026,4009.683,2134
2025-11-07 09:00:00+00:00,4009.721,4011.649,4008.251,4010.73,2368
2025-11-07 09:15:00+00:00,4010.746,4014.195,4009.617,4010.204,2464
2025-11-07 09:30:00+00:00,4010.222,4011.473,4004.08,4006.255,2567
2025-11-07 09:45:00+00:00,4006.33,4009.581,4005.467,4006.548,2167
2025-11-07 10:00:00+00:00,4006.595,4008.943,4005.777,4006.254,2180
2025-11-07 10:15:00+00:00,4006.146,4009.41,4002.928,4006.068,2935
2025-11-07 10:30:00+00:00,4006.029,4006.86,4003.119,4004.261,2282
2025-11-07 10:45:00+00:00,4004.291,4009.085,4004.235,4007.849,2099
2025-11-07 11:00:00+00:00,4007.852,4012.18,4002.4,4003.56,2544
2025-11-07 11:15:00+00:00,4003.584,4007.838,3998.116,3999.117,4178
2025-11-07 11:30:00+00:00,3999.236,3999.804,3993.715,3998.463,4191
2025-11-07 11:45:00+00:00,3998.496,4004.309,3998.496,4002.861,3209
2025-11-07 12:00:00+00:00,4002.935,4008.431,4002.087,4005.659,3132
2025-11-07 12:15:00+00:00,4005.683,4006.234,3998.248,3998.335,3001
2025-11-07 12:30:00+00:00,3998.244,3999.44,3994.826,3996.411,3556
2025-11-07 12:45:00+00:00,3996.445,3998.372,3991.464,3995.829,3787
2025-11-07 13:00:00+00:00,3995.868,4000.674,3992.045,3995.927,5314
2025-11-07 13:15:00+00:00,3995.946,4002.03,3995.233,3997.166,3386
2025-11-07 13:30:00+00:00,3997.03,3997.481,3991.72,3993.898,3731
2025-11-07 13:45:00+00:00,3993.848,3999.817,3992.789,3997.699,3507
2025-11-07 14:00:00+00:00,3997.653,4004.102,3995.451,4002.883,3235
2025-11-07 14:15:00+00:00,4002.915,4007.45,3999.807,4000.541,3552
2025-11-07 14:30:00+00:00,4000.512,4000.512,3984.432,3990.546,12549
2025-11-07 14:45:00+00:00,3990.57,3995.678,3985.922,3993.336,7388
2025-11-07 15:00:00+00:00,3993.333,3999.231,3990.6,3990.967,7254
2025-11-07 15:15:00+00:00,3991.018,3994.927,3987.889,3993.248,6360
2025-11-07 15:30:00+00:00,3993.202,3995.651,3985.986,3986.475,5311
2025-11-07 15:45:00+00:00,3986.491,3992.913,3984.058,3990.952,4037
2025-11-07 16:00:00+00:00,3990.989,4000.641,3989.915,3999.394,4741
2025-11-07 16:15:00+00:00,3999.394,4009.406,3995.456,4007.915,4649
2025-11-07 16:30:00+00:00,4007.94,4027.628,4007.928,4020.818,9737
2025-11-07 16:45:00+00:00,4020.782,4022.167,4006.197,4007.833,6673
2025-11-07 17:00:00+00:00,4007.859,4009.969,3995.135,3999.791,9896
2025-11-07 17:15:00+00:00,3999.761,4001.367,3992.218,3997.794,7315
2025-11-07 17:30:00+00:00,3997.727,3999.625,3993.948,3999.011,4920
2025-11-07 17:45:00+00:00,3998.967,4006.493,3996.993,4005.371,4612
2025-11-07 18:00:00+00:00,4005.464,4009.17,4003.273,4004.879,4034
2025-11-07 18:15:00+00:00,4004.862,4006.528,3999.778,4002.825,3911
2025-11-07 18:30:00+00:00,4002.782,4007.242,4001.655,4006.097,3021
2025-11-07 18:45:00+00:00,4006.071,4007.528,4003.912,4005.564,3110
2025-11-07 19:00:00+00:00,4005.594,4009.027,4003.383,4007.895,2740
2025-11-07 19:15:00+00:00,4007.86,4008.761,4005.494,4006.443,2249
2025-11-07 19:30:00+00:00,4006.458,4008.012,4001.861,4003.055,3464
2025-11-07 19:45:00+00:00,4003.027,4008.16,4001.721,4006.841,3333
2025-11-07 20:00:00+00:00,4006.811,4007.184,4003.658,4005.082,3113
2025-11-07 20:15:00+00:00,4005.118,4005.455,3994.34,3998.447,4259
2025-11-07 20:30:00+00:00,3998.413,4003.87,3997.139,4001.131,6975
2025-11-07 20:45:00+00:00,4001.099,4005.951,3999.12,4004.02,3585
2025-11-07 21:00:00+00:00,4003.986,4005.128,4002.602,4002.734,1379
2025-11-07 21:15:00+00:00,4002.768,4002.997,4001.083,4001.919,932
2025-11-07 21:30:00+00:00,4001.918,4002.434,3999.018,4000.301,847
2025-11-07 21:45:00+00:00,4000.261,4002.184,3998.491,4001.422,1426
2025-11-09 23:00:00+00:00,4004.876,4011.654,4004.068,4010.841,3469
2025-11-09 23:15:00+00:00,4010.805,4011.628,4004.538,4008.502,3277
2025-11-09 23:30:00+00:00,4008.593,4009.269,4004.027,4007.412,2541
2025-11-09 23:45:00+00:00,4007.425,4012.265,4004.839,4011.86,2601
2025-11-10 00:00:00+00:00,4011.87,4017.247,4011.132,4015.689,3488
2025-11-10 00:15:00+00:00,4015.721,4017.144,4014.341,4016.493,1934
2025-11-10 00:30:00+00:00,4016.449,4017.527,4011.325,4016.399,2710
2025-11-10 00:45:00+00:00,4016.426,4023.809,4016.271,4020.382,3522
2025-11-10 01:00:00+00:00,4020.306,4029.405,4019.102,4026.887,5553
2025-11-10 01:15:00+00:00,4026.845,4052.114,4026.845,4047.96,8899
2025-11-10 01:30:00+00:00,4047.935,4053.256,4045.541,4050.739,7314
2025-11-10 01:45:00+00:00,4050.775,4052.755,4041.507,4043.982,6371
2025-11-10 02:00:00+00:00,4043.95,4047.257,4037.742,4044.729,6179
2025-11-10 02:15:00+00:00,4044.638,4048.048,4039.844,4041.023,3440
2025-11-10 02:30:00+00:00,4041.07,4046.276,4038.497,4044.587,4202
2025-11-10 02:45:00+00:00,4044.529,4049.012,4043.531,4048.212,2275
2025-11-10 03:00:00+00:00,4048.134,4048.214,4045.238,4045.906,1938
2025-11-10 03:15:00+00:00,4045.899,4051.964,4044.943,4050.724,2222
2025-11-10 03:30:00+00:00,4050.755,4052.954,4049.937,4050.196,2428
2025-11-10 03:45:00+00:00,4050.267,4051.256,4047.357,4050.292,1772
2025-11-10 04:00:00+00:00,4050.242,4056.781,4050.068,4056.129,2522
2025-11-10 04:15:00+00:00,4056.1,4056.836,4052.698,4053.812,2040
2025-11-10 04:30:00+00:00,4053.838,4055.507,4052.527,4052.629,1799
2025-11-10 04:45:00+00:00,4052.607,4054.792,4049.947,4054.216,1979
2025-11-10 05:00:00+00:00,4054.121,4054.236,4050.074,4050.206,1841
2025-11-10 05:15:00+00:00,4050.175,4056.092,4050.169,4055.28,1903
2025-11-10 05:30:00+00:00,4055.327,4065.044,4054.766,4062.941,4440
2025-11-10 05:45:00+00:00,4062.891,4069.865,4061.949,4069.251,3259
2025-11-10 06:00:00+00:00,4069.301,4071.105,4067.008,4067.93,3203
2025-11-10 06:15:00+00:00,4067.86,4074.039,4067.86,4073.003,2969
2025-11-10 06:30:00+00:00,4072.997,4078.671,4070.746,4073.261,3637
2025-11-10 06:45:00+00:00,4073.238,4076.533,4069.853,4075.095,3928
2025-11-10 07:00:00+00:00,4075.04,4078.73,4072.975,4078.472,3063
2025-11-10 07:15:00+00:00,4078.498,4079.165,4072.043,4075.525,2883
2025-11-10 07:30:00+00:00,4075.554,4078.968,4073.947,4075.627,2736
2025-11-10 07:45:00+00:00,4075.555,4078.562,4074.023,4075.19,2637
2025-11-10 08:00:00+00:00,4075.215,4083.273,4075.093,4079.349,4677
2025-11-10 08:15:00+00:00,4079.373,4081.025,4074.821,4080.258,3770
2025-11-10 08:30:00+00:00,4080.234,4085.186,4078.312,4078.867,3320
2025-11-10 08:45:00+00:00,4078.842,4083.027,4078.206,4082.196,3093
2025-11-10 09:00:00+00:00,4082.238,4083.481,4074.567,4074.971,3379
2025-11-10 09:15:00+00:00,4074.943,4080.403,4071.626,4079.938,3729
2025-11-10 09:30:00+00:00,4079.909,4086.238,4078.112,4081.068,3024
2025-11-10 09:45:00+00:00,4081.103,4082.382,4076.051,4076.625,3107
2025-11-10 10:00:00+00:00,4076.67,4081.456,4076.67,4081.228,1972
2025-11-10 10:15:00+00:00,4081.262,4082.762,4077.529,4077.867,2077
2025-11-10 10:30:00+00:00,4077.827,4083.514,4077.507,4078.244,2802
2025-11-10 10:45:00+00:00,4078.215,4081.166,4075.958,4080.83,2447
2025-11-10 11:00:00+00:00,4080.879,4082.234,4075.784,4077.957,3418
2025-11-10 11:15:00+00:00,4078.01,4080.334,4077.179,4079.089,1639
2025-11-10 11:30:00+00:00,4079.129,4083.663,4078.636,4082.638,1770
2025-11-10 11:45:00+00:00,4082.66,4085.497,4080.974,4085.293,2200
2025-11-10 12:00:00+00:00,4085.335,4090.017,4084.182,4089.786,3254
2025-11-10 12:15:00+00:00,4089.812,4095.758,4087.899,4094.198,4640
2025-11-10 12:30:00+00:00,4094.307,4096.71,4093.761,4094.686,2590
2025-11-10 12:45:00+00:00,4094.668,4099.989,4093.52,4097.69,3317
2025-11-10 13:00:00+00:00,4097.704,4105.886,4097.019,4102.963,7530
2025-11-10 13:15:00+00:00,4102.932,4105.156,4098.677,4101.993,5954
2025-11-10 13:30:00+00:00,4102.022,4103.441,4095.276,4098.011,5647
2025-11-10 13:45:00+00:00,4098.044,4098.103,4090.31,4091.621,5641
2025-11-10 14:00:00+00:00,4091.684,4094.146,4084.078,4086.661,6518
2025-11-10 14:15:00+00:00,4086.55,4088.76,4082.02,4086.242,4357
2025-11-10 14:30:00+00:00,4086.193,4086.193,4074.405,4081.344,11433
2025-11-10 14:45:00+00:00,4081.297,4086.959,4078.258,4083.582,8002
2025-11-10 15:00:00+00:00,4083.545,4092.95,4083.386,4087.426,6469
2025-11-10 15:15:00+00:00,4087.442,4094.344,4086.792,4089.302,5916
2025-11-10 15:30:00+00:00,4089.293,4089.581,4082.826,4087.521,5783
2025-11-10 15:45:00+00:00,4087.599,4087.818,4077.971,4084.555,6134
2025-11-10 16:00:00+00:00,4084.509,4091.838,4081.921,4091.171,4456
2025-11-10 16:15:00+00:00,4091.212,4093.392,4089.736,4093.005,3236
2025-11-10 16:30:00+00:00,4093.079,4095.768,4090.189,4091.066,3668
2025-11-10 16:45:00+00:00,4091.105,4095.574,4088.664,4094.822,3105
2025-11-10 17:00:00+00:00,4094.863,4098.104,4093.974,4096.171,2982
2025-11-10 17:15:00+00:00,4096.202,4098.42,4093.328,4096.909,2681
2025-11-10 17:30:00+00:00,4096.859,4098.079,4094.007,4094.785,2339
2025-11-10 17:45:00+00:00,4094.691,4102.643,4094.503,4102.492,2944
2025-11-10 18:00:00+00:00,4102.439,4105.1,4101.49,4104.686,2632
2025-11-10 18:15:00+00:00,4104.688,4114.46,4104.598,4114.149,3887
2025-11-10 18:30:00+00:00,4114.112,4115.834,4107.276,4109.119,3332
2025-11-10 18:45:00+00:00,4109.202,4110.403,4105.781,4110.195,2870
2025-11-10 19:00:00+00:00,4110.215,4114.502,4107.878,4113.36,2755
2025-11-10 19:15:00+00:00,4113.458,4115.66,4110.188,4114.441,2467
2025-11-10 19:30:00+00:00,4114.381,4114.714,4110.566,4110.725,2197
2025-11-10 19:45:00+00:00,4110.629,4113.883,4109.448,4113.162,2161
2025-11-10 20:00:00+00:00,4113.102,4114.519,4111.021,4111.886,1917
2025-11-10 20:15:00+00:00,4111.93,4112.789,4106.58,4111.31,3051
2025-11-10 20:30:00+00:00,4111.317,4113.19,4108.225,4113.19,2794
2025-11-10 20:45:00+00:00,4113.145,4113.273,4107.967,4111.662,3217
2025-11-10 21:00:00+00:00,4111.765,4113.1,4110.535,4111.624,1355
2025-11-10 21:15:00+00:00,4111.6,4114.667,4111.6,4112.515,1105
2025-11-10 21:30:00+00:00,4112.523,4114.02,4111.585,4113.886,966
2025-11-10 21:45:00+00:00,4113.873,4116.659,4113.41,4115.691,1094
2025-11-10 23:00:00+00:00,4115.42,4120.531,4114.901,4119.341,1888
2025-11-10 23:15:00+00:00,4119.372,4120.883,4115.87,4120.248,2110
2025-11-10 23:30:00+00:00,4120.272,4120.587,4118.236,4120.07,1601
2025-11-10 23:45:00+00:00,4120.085,4122.665,4117.263,4119.955,2520
2025-11-11 00:00:00+00:00,4119.992,4120.57,4116.195,4119.657,2228
2025-11-11 00:15:00+00:00,4119.641,4126.189,4119.641,4124.934,2538
2025-11-11 00:30:00+00:00,4124.967,4129.414,4124.801,4129.414,2757
2025-11-11 00:45:00+00:00,4129.425,4133.67,4127.707,4130.931,3155
2025-11-11 01:00:00+00:00,4130.979,4135.296,4128.01,4132.528,6872
2025-11-11 01:15:00+00:00,4132.481,4137.835,4130.396,4137.309,4288
2025-11-11 01:30:00+00:00,4137.269,4141.134,4135.712,4135.832,4269
2025-11-11 01:45:00+00:00,4135.798,4137.083,4130.626,4136.261,4733
2025-11-11 02:00:00+00:00,4136.225,4137.21,4130.48,4134.618,4101
2025-11-11 02:15:00+00:00,4134.651,4137.66,4132.158,4134.249,2908
2025-11-11 02:30:00+00:00,4134.159,4138.974,4129.554,4138.943,4139
2025-11-11 02:45:00+00:00,4138.899,4139.55,4134.211,4138.0,3063
2025-11-11 03:00:00+00:00,4138.002,4144.198,4136.996,4143.161,2980
2025-11-11 03:15:00+00:00,4143.128,4145.776,4143.031,4144.355,2579
2025-11-11 03:30:00+00:00,4144.306,4148.113,4143.299,4144.861,2716
2025-11-11 03:45:00+00:00,4144.775,4147.022,4144.323,4146.879,1802
2025-11-11 04:00:00+00:00,4146.816,4148.862,4142.603,4143.164,2119
2025-11-11 04:15:00+00:00,4143.206,4144.626,4142.29,4144.078,1629
2025-11-11 04:30:00+00:00,4144.08,4146.379,4142.049,4142.138,1904
2025-11-11 04:45:00+00:00,4142.142,4146.194,4141.931,4143.052,1801
2025-11-11 05:00:00+00:00,4143.169,4144.534,4134.854,4140.584,3772
2025-11-11 05:15:00+00:00,4140.555,4142.184,4135.072,4136.076,3026
2025-11-11 05:30:00+00:00,4136.119,4136.96,4124.545,4129.895,6197
2025-11-11 05:45:00+00:00,4129.854,4135.522,4128.305,4131.026,3345
2025-11-11 06:00:00+00:00,4130.995,4134.467,4126.799,4134.017,3678
2025-11-11 06:15:00+00:00,4133.989,4137.88,4132.829,4137.542,2775
2025-11-11 06:30:00+00:00,4137.548,4137.594,4128.395,4129.561,3659
2025-11-11 06:45:00+00:00,4129.625,4132.851,4127.019,4129.998,3120
2025-11-11 07:00:00+00:00,4129.94,4131.066,4126.106,4129.669,2851
2025-11-11 07:15:00+00:00,4129.679,4133.287,4128.36,4131.201,2882
2025-11-11 07:30:00+00:00,4131.167,4131.766,4126.949,4130.74,2546
2025-11-11 07:45:00+00:00,4130.797,4132.869,4124.863,4129.671,2943
2025-11-11 08:00:00+00:00,4129.564,4137.338,4128.805,4136.924,3594
2025-11-11 08:15:00+00:00,4136.869,4137.702,4131.68,4134.725,3392
2025-11-11 08:30:00+00:00,4134.724,4135.039,4129.025,4132.309,2981
2025-11-11 08:45:00+00:00,4132.29,4137.348,4131.053,4135.678,3053
2025-11-11 09:00:00+00:00,4135.703,4144.1,4134.39,4143.127,3148
2025-11-11 09:15:00+00:00,4143.221,4144.428,4140.899,4143.727,2316
2025-11-11 09:30:00+00:00,4143.716,4145.183,4142.942,4143.497,1604
2025-11-11 09:45:00+00:00,4143.54,4146.001,4141.798,4141.891,1889
2025-11-11 10:00:00+00:00,4141.883,4142.59,4137.562,4141.34,2340
2025-11-11 10:15:00+00:00,4141.347,4144.034,4140.546,4142.134,1648
2025-11-11 10:30:00+00:00,4142.109,4142.22,4136.799,4139.553,3238
2025-11-11 10:45:00+00:00,4139.572,4144.28,4139.374,4141.891,1999
2025-11-11 11:00:00+00:00,4141.928,4143.726,4139.745,4140.04,2200
2025-11-11 11:15:00+00:00,4140.1,4143.749,4139.086,4141.256,2396
2025-11-11 11:30:00+00:00,4141.231,4144.547,4139.326,4142.19,2069
2025-11-11 11:45:00+00:00,4142.148,4144.488,4141.028,4142.788,2077
2025-11-11 12:00:00+00:00,4142.829,4143.943,4137.284,4138.904,3128
2025-11-11 12:15:00+00:00,4139.015,4140.876,4136.555,4138.995,2156
2025-11-11 12:30:00+00:00,4138.995,4141.751,4137.788,4141.142,1884
2025-11-11 12:45:00+00:00,4141.211,4141.234,4133.211,4134.334,3427
2025-11-11 13:00:00+00:00,4134.375,4140.817,4133.858,4140.332,3280
2025-11-11 13:15:00+00:00,4140.279,4143.731,4138.116,4141.574,3374
2025-11-11 13:30:00+00:00,4141.466,4146.645,4139.129,4141.705,4252
2025-11-11 13:45:00+00:00,4141.812,4145.601,4141.142,4142.475,2789
2025-11-11 14:00:00+00:00,4142.475,4143.263,4136.85,4139.339,4104
2025-11-11 14:15:00+00:00,4139.359,4140.189,4128.524,4130.288,5460
2025-11-11 14:30:00+00:00,4130.215,4133.511,4123.203,4132.754,9661
2025-11-11 14:45:00+00:00,4132.788,4134.428,4120.002,4125.061,8842
2025-11-11 15:00:00+00:00,4125.013,4126.364,4117.844,4121.083,7775
2025-11-11 15:15:00+00:00,4121.095,4121.334,4097.117,4101.563,11160
2025-11-11 15:30:00+00:00,4101.514,4108.023,4097.107,4107.826,8390
2025-11-11 15:45:00+00:00,4107.933,4112.147,4104.341,4106.638,5688
2025-11-11 16:00:00+00:00,4106.671,4113.545,4105.416,4113.416,4422
2025-11-11 16:15:00+00:00,4113.37,4114.957,4108.045,4109.394,3987
2025-11-11 16:30:00+00:00,4109.427,4114.871,4105.046,4113.915,4492
2025-11-11 16:45:00+00:00,4113.954,4115.676,4111.493,4113.226,3289
2025-11-11 17:00:00+00:00,4113.198,4117.776,4112.195,4115.734,2773
2025-11-11 17:15:00+00:00,4115.773,4117.509,4111.669,4114.423,3333
2025-11-11 17:30:00+00:00,4114.357,4114.889,4110.651,4113.842,2905
2025-11-11 17:45:00+00:00,4113.894,4116.43,4112.195,4114.315,2437
2025-11-11 18:00:00+00:00,4114.349,4116.325,4109.309,4109.772,3244
2025-11-11 18:15:00+00:00,4109.728,4114.962,4109.269,4110.519,3468
2025-11-11 18:30:00+00:00,4110.551,4111.77,4106.712,4109.555,3235
2025-11-11 18:45:00+00:00,4109.584,4114.878,4108.98,4113.998,2460
2025-11-11 19:00:00+00:00,4113.907,4117.574,4112.008,4117.416,2135
2025-11-11 19:15:00+00:00,4117.343,4118.871,4116.446,4117.528,2036
2025-11-11 19:30:00+00:00,4117.564,4122.149,4117.487,4121.609,2231
2025-11-11 19:45:00+00:00,4121.649,4126.175,4120.93,4123.01,2672
2025-11-11 20:00:00+00:00,4123.062,4127.414,4122.366,4127.222,2375
2025-11-11 20:15:00+00:00,4127.209,4128.638,4124.17,4125.63,3113
2025-11-11 20:30:00+00:00,4125.608,4130.601,4124.387,4129.5,2655
2025-11-11 20:45:00+00:00,4129.469,4131.983,4128.481,4129.524,2599
2025-11-11 21:00:00+00:00,4129.491,4130.565,4128.205,4130.185,1482
2025-11-11 21:15:00+00:00,4130.286,4131.311,4127.301,4128.905,1362
2025-11-11 21:30:00+00:00,4128.909,4129.378,4126.422,4128.475,1167
2025-11-11 21:45:00+00:00,4128.476,4128.476,4125.704,4126.546,1271
2025-11-11 23:00:00+00:00,4127.6,4133.541,4127.33,4133.4,2230
2025-11-11 23:15:00+00:00,4133.425,4139.332,4132.949,4138.361,3018
2025-11-11 23:30:00+00:00,4138.278,4143.797,4136.056,4143.485,3334
2025-11-11 23:45:00+00:00,4143.429,4144.677,4141.337,4142.639,2360
2025-11-12 00:00:00+00:00,4142.641,4145.524,4138.928,4143.826,2869
2025-11-12 00:15:00+00:00,4143.847,4144.492,4139.534,4141.67,2111
2025-11-12 00:30:00+00:00,4141.585,4144.295,4140.425,4141.65,2186
2025-11-12 00:45:00+00:00,4141.593,4142.9,4132.035,4133.017,4784
2025-11-12 01:00:00+00:00,4133.062,4137.302,4127.712,4134.885,7197
2025-11-12 01:15:00+00:00,4134.845,4134.876,4129.147,4130.957,5049
2025-11-12 01:30:00+00:00,4130.993,4133.928,4126.356,4133.751,4271
2025-11-12 01:45:00+00:00,4133.718,4135.698,4130.386,4131.633,3269
2025-11-12 02:00:00+00:00,4131.636,4135.442,4130.701,4134.095,2671
2025-11-12 02:15:00+00:00,4134.126,4135.054,4130.895,4131.656,2064
2025-11-12 02:30:00+00:00,4131.64,4131.772,4120.749,4125.181,5007
2025-11-12 02:45:00+00:00,4125.147,4126.215,4118.858,4124.006,4072
2025-11-12 03:00:00+00:00,4123.992,4125.381,4116.801,4122.955,3482
2025-11-12 03:15:00+00:00,4122.992,4123.801,4119.263,4119.393,2986
2025-11-12 03:30:00+00:00,4119.48,4121.552,4117.873,4120.307,1911
2025-11-12 03:45:00+00:00,4120.333,4121.423,4111.79,4111.972,3140
2025-11-12 04:00:00+00:00,4111.9,4113.209,4103.643,4109.738,4823
2025-11-12 04:15:00+00:00,4109.692,4111.622,4104.906,4111.548,3171
2025-11-12 04:30:00+00:00,4111.505,4112.246,4105.707,4107.55,2752
2025-11-12 04:45:00+00:00,4107.51,4112.127,4107.341,4110.41,2027
2025-11-12 05:00:00+00:00,4110.461,4111.024,4105.748,4107.96,2581
2025-11-12 05:15:00+00:00,4107.955,4109.696,4104.954,4105.43,2608
2025-11-12 05:30:00+00:00,4105.462,4107.915,4098.923,4105.098,5637
2025-11-12 05:45:00+00:00,4105.209,4107.633,4102.094,4104.681,3339
2025-11-12 06:00:00+00:00,4104.714,4109.704,4103.201,4106.125,3701
2025-11-12 06:15:00+00:00,4106.161,4115.993,4105.962,4115.06,3440
2025-11-12 06:30:00+00:00,4115.135,4119.056,4111.943,4116.904,4087
2025-11-12 06:45:00+00:00,4116.949,4118.673,4113.094,4118.448,3164
2025-11-12 07:00:00+00:00,4118.319,4125.318,4115.449,4124.598,3217
2025-11-12 07:15:00+00:00,4124.663,4125.283,4121.277,4123.92,2774
2025-11-12 07:30:00+00:00,4123.958,4124.161,4113.646,4114.318,3710
2025-11-12 07:45:00+00:00,4114.313,4119.057,4113.305,4116.963,3159
2025-11-12 08:00:00+00:00,4117.004,4119.501,4112.131,4118.632,4461
2025-11-12 08:15:00+00:00,4118.636,4130.393,4117.193,4127.981,4498
2025-11-12 08:30:00+00:00,4128.024,4132.909,4126.158,4128.554,3787
2025-11-12 08:45:00+00:00,4128.604,4132.737,4128.604,4131.233,2524
2025-11-12 09:00:00+00:00,4131.202,4133.567,4127.274,4128.521,2564
2025-11-12 09:15:00+00:00,4128.453,4132.631,4124.87,4127.42,3360
2025-11-12 09:30:00+00:00,4127.361,4129.72,4124.073,4126.086,3962
2025-11-12 09:45:00+00:00,4126.083,4126.817,4120.584,4124.669,3782
2025-11-12 10:00:00+00:00,4124.693,4126.473,4121.836,4125.561,2886
2025-11-12 10:15:00+00:00,4125.587,4128.455,4120.102,4120.703,3645
2025-11-12 10:30:00+00:00,4120.733,4127.672,4118.052,4125.749,3884
2025-11-12 10:45:00+00:00,4125.769,4129.192,4124.251,4127.815,3252
2025-11-12 11:00:00+00:00,4127.841,4131.075,4126.567,4131.025,2088
2025-11-12 11:15:00+00:00,4131.034,4131.034,4123.062,4124.246,3025
2025-11-12 11:30:00+00:00,4124.215,4128.67,4123.522,4128.413,2881
2025-11-12 11:45:00+00:00,4128.402,4129.03,4123.667,4126.122,3200
2025-11-12 12:00:00+00:00,4126.096,4130.717,4124.875,4130.452,3496
2025-11-12 12:15:00+00:00,4130.488,4137.656,4130.083,4136.428,3853
2025-11-12 12:30:00+00:00,4136.455,4139.537,4133.636,4134.49,3997
2025-11-12 12:45:00+00:00,4134.455,4137.203,4129.531,4130.209,3373
2025-11-12 13:00:00+00:00,4130.25,4131.436,4122.809,4125.734,6476
2025-11-12 13:15:00+00:00,4125.713,4130.054,4123.051,4127.74,5422
2025-11-12 13:30:00+00:00,4127.728,4132.669,4126.418,4129.146,5021
2025-11-12 13:45:00+00:00,4129.093,4131.457,4124.254,4127.013,3921
2025-11-12 14:00:00+00:00,4127.011,4138.057,4126.701,4134.891,5309
2025-11-12 14:15:00+00:00,4134.915,4136.567,4131.614,4131.784,4722
2025-11-12 14:30:00+00:00,4131.73,4138.822,4125.06,4136.315,10168
2025-11-12 14:45:00+00:00,4136.236,4140.067,4131.878,4136.763,7448
2025-11-12 15:00:00+00:00,4136.647,4162.157,4134.546,4161.726,9935
2025-11-12 15:15:00+00:00,4161.702,4172.362,4159.763,4166.593,11067
2025-11-12 15:30:00+00:00,4166.632,4180.935,4166.004,4178.731,9741
2025-11-12 15:45:00+00:00,4178.774,4185.704,4174.919,4181.424,9077
2025-11-12 16:00:00+00:00,4181.381,4189.66,4180.097,4183.709,8740
2025-11-12 16:15:00+00:00,4183.748,4187.646,4180.859,4186.751,7063
2025-11-12 16:30:00+00:00,4186.797,4196.096,4186.194,4193.165,8686
2025-11-12 16:45:00+00:00,4193.205,4197.842,4187.373,4196.322,6539
2025-11-12 17:00:00+00:00,4196.367,4202.491,4195.727,4198.835,6260
2025-11-12 17:15:00+00:00,4198.802,4199.615,4192.204,4196.479,7344
2025-11-12 17:30:00+00:00,4196.442,4206.535,4195.676,4202.582,6504
2025-11-12 17:45:00+00:00,4202.572,4204.417,4199.162,4199.374,5029
2025-11-12 18:00:00+00:00,4199.41,4201.761,4190.841,4199.743,6896
2025-11-12 18:15:00+00:00,4199.787,4211.751,4197.959,4206.84,6888
2025-11-12 18:30:00+00:00,4206.873,4210.646,4205.956,4208.5,4302
2025-11-12 18:45:00+00:00,4208.473,4210.488,4206.574,4206.899,3413
2025-11-12 19:00:00+00:00,4206.927,4210.099,4194.183,4195.747,4824
2025-11-12 19:15:00+00:00,4195.775,4200.371,4192.192,4194.201,5120
2025-11-12 19:30:00+00:00,4194.155,4200.496,4194.024,4194.963,4224
2025-11-12 19:45:00+00:00,4195.066,4199.811,4194.942,4197.485,4130
2025-11-12 20:00:00+00:00,4197.44,4198.118,4190.695,4197.624,4764
2025-11-12 20:15:00+00:00,4197.659,4199.81,4193.962,4195.564,3145
2025-11-12 20:30:00+00:00,4195.509,4197.733,4191.907,4195.64,3781
2025-11-12 20:45:00+00:00,4195.677,4199.416,4193.528,4195.859,3602
2025-11-12 21:00:00+00:00,4195.933,4197.172,4192.671,4192.85,2074
2025-11-12 21:15:00+00:00,4192.812,4198.462,4191.098,4197.586,1805
2025-11-12 21:30:00+00:00,4197.638,4202.228,4196.588,4197.396,1714
2025-11-12 21:45:00+00:00,4197.388,4199.651,4194.351,4194.486,1512
2025-11-12 23:00:00+00:00,4203.503,4208.175,4197.664,4198.94,5385
2025-11-12 23:15:00+00:00,4198.962,4200.116,4193.885,4196.097,2186
2025-11-12 23:30:00+00:00,4196.089,4196.291,4187.216,4190.978,3028
2025-11-12 23:45:00+00:00,4191.012,4193.352,4189.169,4191.097,2754
2025-11-13 00:00:00+00:00,4191.055,4192.313,4185.809,4188.048,3635
2025-11-13 00:15:00+00:00,4187.997,4194.197,4187.353,4192.881,2517
2025-11-13 00:30:00+00:00,4192.84,4206.002,4192.663,4201.985,5090
2025-11-13 00:45:00+00:00,4201.932,4209.002,4198.262,4205.918,5545
2025-11-13 01:00:00+00:00,4205.874,4209.38,4190.204,4191.196,8523
2025-11-13 01:15:00+00:00,4191.154,4191.226,4179.893,4188.074,7245
2025-11-13 01:30:00+00:00,4188.09,4190.514,4180.543,4188.467,5102
2025-11-13 01:45:00+00:00,4188.39,4193.945,4181.679,4192.336,5712
2025-11-13 02:00:00+00:00,4192.23,4195.841,4188.62,4193.994,5501
2025-11-13 02:15:00+00:00,4194.071,4194.78,4185.978,4187.87,4235
2025-11-13 02:30:00+00:00,4187.795,4194.63,4183.505,4192.112,5256
2025-11-13 02:45:00+00:00,4192.061,4194.139,4185.514,4190.073,5793
2025-11-13 03:00:00+00:00,4190.123,4204.18,4190.087,4199.972,4893
2025-11-13 03:15:00+00:00,4199.997,4205.724,4196.638,4200.813,4691
2025-11-13 03:30:00+00:00,4200.798,4207.424,4200.399,4207.222,3611
2025-11-13 03:45:00+00:00,4207.328,4213.486,4206.131,4213.125,3683
2025-11-13 04:00:00+00:00,4213.094,4219.568,4209.448,4217.531,4216
2025-11-13 04:15:00+00:00,4217.568,4217.666,4206.745,4209.653,3016
2025-11-13 04:30:00+00:00,4209.627,4210.51,4203.316,4207.881,3571
2025-11-13 04:45:00+00:00,4207.908,4210.664,4205.89,4209.314,3169
2025-11-13 05:00:00+00:00,4209.278,4217.591,4207.3,4217.342,4029
2025-11-13 05:15:00+00:00,4217.388,4217.76,4212.145,4212.479,3460
2025-11-13 05:30:00+00:00,4212.525,4217.144,4210.15,4215.246,5796
2025-11-13 05:45:00+00:00,4215.283,4216.674,4207.898,4211.945,5499
2025-11-13 06:00:00+00:00,4211.98,4212.241,4205.029,4206.058,5289
2025-11-13 06:15:00+00:00,4206.064,4211.608,4203.286,4209.224,4318
2025-11-13 06:30:00+00:00,4209.141,4209.953,4205.535,4205.794,3279
2025-11-13 06:45:00+00:00,4205.763,4211.99,4205.056,4210.337,2873
2025-11-13 07:00:00+00:00,4210.383,4211.991,4208.462,4210.564,2877
2025-11-13 07:15:00+00:00,4210.518,4218.2,4210.064,4216.362,3172
2025-11-13 07:30:00+00:00,4216.427,4219.084,4213.198,4215.446,3466
2025-11-13 07:45:00+00:00,4215.475,4220.15,4212.492,4219.942,3641
2025-11-13 08:00:00+00:00,4219.896,4230.301,4218.874,4229.658,5877
2025-11-13 08:15:00+00:00,4229.699,4238.063,4228.404,4237.422,5651
2025-11-13 08:30:00+00:00,4237.376,4239.515,4233.295,4235.972,3869
2025-11-13 08:45:00+00:00,4236.054,4238.498,4232.203,4232.847,3612
2025-11-13 09:00:00+00:00,4232.801,4234.457,4227.746,4232.996,4583
2025-11-13 09:15:00+00:00,4232.924,4239.493,4226.766,4227.112,4066
2025-11-13 09:30:00+00:00,4227.145,4233.741,4224.944,4227.634,4042
2025-11-13 09:45:00+00:00,4227.674,4233.846,4227.322,4233.2,2507
2025-11-13 10:00:00+00:00,4233.163,4239.295,4231.703,4237.491,2558
2025-11-13 10:15:00+00:00,4237.464,4240.261,4234.847,4235.021,3201
2025-11-13 10:30:00+00:00,4235.057,4236.266,4227.632,4233.544,4039
2025-11-13 10:45:00+00:00,4233.569,4234.752,4221.773,4225.373,4248
2025-11-13 11:00:00+00:00,4225.424,4231.486,4221.699,4227.251,4397
2025-11-13 11:15:00+00:00,4227.221,4228.297,4219.38,4223.055,3914
2025-11-13 11:30:00+00:00,4223.092,4232.047,4221.811,4231.897,3173
2025-11-13 11:45:00+00:00,4231.896,4232.315,4228.294,4230.52,2870
2025-11-13 12:00:00+00:00,4230.479,4235.906,4230.091,4234.524,3251
2025-11-13 12:15:00+00:00,4234.503,4237.108,4230.597,4233.329,2940
2025-11-13 12:30:00+00:00,4233.417,4237.397,4232.071,4235.406,2402
2025-11-13 12:45:00+00:00,4235.384,4245.332,4235.384,4242.523,3302
2025-11-13 13:00:00+00:00,4242.562,4243.956,4225.935,4230.429,9495
2025-11-13 13:15:00+00:00,4230.475,4237.647,4228.645,4235.322,6324
2025-11-13 13:30:00+00:00,4235.263,4236.143,4220.174,4228.465,8772
2025-11-13 13:45:00+00:00,4228.554,4232.465,4224.095,4231.841,4995
2025-11-13 14:00:00+00:00,4231.94,4232.457,4213.756,4220.569,9449
2025-11-13 14:15:00+00:00,4220.532,4221.157,4207.486,4211.175,7756
2025-11-13 14:30:00+00:00,4211.221,4220.097,4184.507,4188.168,17201
2025-11-13 14:45:00+00:00,4188.125,4200.891,4185.239,4195.363,16102
2025-11-13 15:00:00+00:00,4195.337,4205.029,4188.988,4201.652,11161
2025-11-13 15:15:00+00:00,4201.603,4204.709,4191.649,4194.847,9423
2025-11-13 15:30:00+00:00,4194.813,4200.734,4186.685,4197.586,8293
2025-11-13 15:45:00+00:00,4197.61,4203.257,4188.488,4202.482,8039
2025-11-13 16:00:00+00:00,4202.509,4210.882,4202.218,4210.027,6708
2025-11-13 16:15:00+00:00,4210.018,4211.009,4203.069,4206.35,6155
2025-11-13 16:30:00+00:00,4206.397,4208.698,4195.735,4197.654,8308
2025-11-13 16:45:00+00:00,4197.627,4207.031,4197.365,4206.601,6387
2025-11-13 17:00:00+00:00,4206.567,4208.336,4194.036,4195.015,5866
2025-11-13 17:15:00+00:00,4195.063,4204.703,4193.209,4202.651,6539
2025-11-13 17:30:00+00:00,4202.606,4206.775,4199.529,4200.612,4666
2025-11-13 17:45:00+00:00,4200.561,4205.493,4196.434,4201.845,5587
2025-11-13 18:00:00+00:00,4201.869,4203.365,4199.891,4202.209,4956
2025-11-13 18:15:00+00:00,4202.233,4203.058,4187.555,4190.45,6646
2025-11-13 18:30:00+00:00,4190.394,4190.731,4145.348,4155.885,25395
2025-11-13 18:45:00+00:00,4155.778,4161.89,4150.099,4157.983,9391
2025-11-13 19:00:00+00:00,4157.926,4157.926,4145.838,4153.924,8414
2025-11-13 19:15:00+00:00,4153.897,4161.139,4150.638,4159.814,7066
2025-11-13 19:30:00+00:00,4159.812,4169.806,4158.062,4169.806,6405
2025-11-13 19:45:00+00:00,4169.83,4170.622,4162.237,4163.828,5610
2025-11-13 20:00:00+00:00,4163.872,4167.129,4160.283,4165.184,5833
2025-11-13 20:15:00+00:00,4165.207,4170.553,4160.762,4169.195,5640
2025-11-13 20:30:00+00:00,4169.163,4170.609,4163.497,4164.689,4353
2025-11-13 20:45:00+00:00,4164.651,4167.142,4160.821,4163.946,5376
2025-11-13 21:00:00+00:00,4163.972,4181.371,4161.122,4178.522,4252
2025-11-13 21:15:00+00:00,4178.561,4178.644,4172.847,4174.168,2009
2025-11-13 21:30:00+00:00,4174.109,4176.015,4169.373,4173.019,2239
2025-11-13 21:45:00+00:00,4173.005,4173.731,4171.022,4171.534,1478
2025-11-13 23:00:00+00:00,4170.27,4181.626,4170.197,4176.436,3534
2025-11-13 23:15:00+00:00,4176.51,4184.866,4175.835,4179.206,3023
2025-11-13 23:30:00+00:00,4179.214,4181.886,4176.967,4179.333,2727
2025-11-13 23:45:00+00:00,4179.323,4186.697,4178.764,4185.929,3214
2025-11-14 00:00:00+00:00,4185.951,4186.625,4179.203,4185.706,3391
2025-11-14 00:15:00+00:00,4185.662,4189.957,4182.589,4188.364,2885
2025-11-14 00:30:00+00:00,4188.331,4189.789,4185.546,4186.836,3101
2025-11-14 00:45:00+00:00,4186.893,4187.361,4178.207,4183.793,4096
2025-11-14 01:00:00+00:00,4183.759,4189.19,4179.047,4183.061,6955
2025-11-14 01:15:00+00:00,4183.089,4186.699,4174.238,4174.653,6472
2025-11-14 01:30:00+00:00,4174.693,4183.777,4173.688,4180.122,5284
2025-11-14 01:45:00+00:00,4180.109,4193.85,4180.109,4190.127,5237
2025-11-14 02:00:00+00:00,4190.081,4194.678,4188.535,4194.034,4021
2025-11-14 02:15:00+00:00,4194.022,4202.344,4192.239,4199.794,4470
2025-11-14 02:30:00+00:00,4199.725,4204.721,4199.303,4203.925,4847
2025-11-14 02:45:00+00:00,4203.888,4210.26,4202.74,4207.113,4309
2025-11-14 03:00:00+00:00,4207.14,4208.901,4203.308,4205.639,3848
2025-11-14 03:15:00+00:00,4205.682,4211.037,4204.575,4210.894,2781
2025-11-14 03:30:00+00:00,4210.801,4211.566,4206.892,4207.154,2389
2025-11-14 03:45:00+00:00,4207.147,4207.302,4201.385,4204.436,3067
2025-11-14 04:00:00+00:00,4204.4,4205.836,4198.331,4199.956,2581
2025-11-14 04:15:00+00:00,4199.986,4201.474,4196.908,4197.813,3020
2025-11-14 04:30:00+00:00,4197.764,4204.212,4197.117,4202.413,3177
2025-11-14 04:45:00+00:00,4202.375,4203.559,4199.883,4203.31,2086
2025-11-14 05:00:00+00:00,4203.243,4203.696,4188.989,4189.608,4057
2025-11-14 05:15:00+00:00,4189.582,4189.721,4184.122,4188.273,6116
2025-11-14 05:30:00+00:00,4188.317,4196.561,4185.652,4193.926,6162
2025-11-14 05:45:00+00:00,4193.953,4195.442,4187.987,4189.919,3706
2025-11-14 06:00:00+00:00,4189.871,4193.193,4186.228,4189.777,4180
2025-11-14 06:15:00+00:00,4189.838,4190.203,4173.565,4178.341,6254
2025-11-14 06:30:00+00:00,4178.281,4184.065,4176.343,4180.501,4097
2025-11-14 06:45:00+00:00,4180.36,4180.59,4169.242,4175.27,6661
2025-11-14 07:00:00+00:00,4175.309,4177.288,4169.433,4171.53,6751
2025-11-14 07:15:00+00:00,4171.581,4174.044,4158.836,4163.392,6298
2025-11-14 07:30:00+00:00,4163.432,4174.36,4162.817,4173.946,3836
2025-11-14 07:45:00+00:00,4173.952,4182.382,4173.153,4180.986,3698
2025-11-14 08:00:00+00:00,4180.917,4182.129,4173.118,4174.38,5543
2025-11-14 08:15:00+00:00,4174.374,4184.325,4173.517,4176.984,5043
2025-11-14 08:30:00+00:00,4177.005,4187.007,4176.032,4182.868,4964
2025-11-14 08:45:00+00:00,4182.821,4183.918,4169.837,4176.063,6043
2025-11-14 09:00:00+00:00,4175.987,4180.404,4168.087,4174.606,5969
2025-11-14 09:15:00+00:00,4174.63,4177.233,4168.357,4170.218,4624
2025-11-14 09:30:00+00:00,4170.109,4171.688,4166.488,4170.91,4154
2025-11-14 09:45:00+00:00,4170.943,4171.78,4168.853,4169.232,2489
2025-11-14 10:00:00+00:00,4169.369,4170.559,4162.667,4165.457,3557
2025-11-14 10:15:00+00:00,4165.47,4170.634,4162.953,4165.113,4331
2025-11-14 10:30:00+00:00,4165.08,4168.373,4159.388,4167.426,3783
2025-11-14 10:45:00+00:00,4167.451,4171.064,4165.927,4167.811,3646
2025-11-14 11:00:00+00:00,4167.826,4169.907,4150.888,4153.03,6028
2025-11-14 11:15:00+00:00,4152.991,4152.991,4141.839,4148.691,7755
2025-11-14 11:30:00+00:00,4148.739,4157.72,4148.599,4153.721,4535
2025-11-14 11:45:00+00:00,4153.649,4153.649,4130.777,4132.907,10213
2025-11-14 12:00:00+00:00,4132.858,4140.501,4123.935,4126.01,10416
2025-11-14 12:15:00+00:00,4125.979,4128.646,4110.87,4113.477,11826
2025-11-14 12:30:00+00:00,4113.459,4119.254,4107.233,4115.402,9879
2025-11-14 12:45:00+00:00,4115.301,4119.696,4109.665,4116.161,8321
2025-11-14 13:00:00+00:00,4116.12,4118.823,4084.345,4086.187,16277
2025-11-14 13:15:00+00:00,4086.215,4091.959,4053.519,4055.76,20032
2025-11-14 13:30:00+00:00,4055.716,4063.745,4046.333,4054.988,14706
2025-11-14 13:45:00+00:00,4054.947,4057.884,4041.062,4055.752,14765
2025-11-14 14:00:00+00:00,4055.708,4055.973,4037.449,4050.199,15302
2025-11-14 14:15:00+00:00,4050.212,4060.328,4046.378,4053.378,10259
2025-11-14 14:30:00+00:00,4053.347,4072.597,4032.197,4068.27,20185
2025-11-14 14:45:00+00:00,4068.169,4083.941,4063.339,4082.653,14884
2025-11-14 15:00:00+00:00,4082.694,4082.731,4068.282,4079.303,13912
2025-11-14 15:15:00+00:00,4079.19,4082.278,4071.599,4080.794,11716
2025-11-14 15:30:00+00:00,4080.766,4083.432,4072.718,4073.386,10115
2025-11-14 15:45:00+00:00,4073.31,4096.446,4071.899,4093.474,11403
2025-11-14 16:00:00+00:00,4093.53,4095.309,4080.85,4084.024,8375
2025-11-14 16:15:00+00:00,4084.066,4103.468,4082.186,4102.28,7722
2025-11-14 16:30:00+00:00,4102.309,4111.212,4096.422,4108.231,7347
2025-11-14 16:45:00+00:00,4108.314,4109.366,4102.233,4105.116,7171
2025-11-14 17:00:00+00:00,4105.076,4110.634,4096.121,4102.427,7828
2025-11-14 17:15:00+00:00,4102.476,4104.123,4093.952,4098.837,5959
2025-11-14 17:30:00+00:00,4098.86,4110.427,4097.903,4103.342,6917
2025-11-14 17:45:00+00:00,4103.39,4104.648,4095.989,4099.889,6066
2025-11-14 18:00:00+00:00,4099.931,4100.361,4086.335,4094.657,9023
2025-11-14 18:15:00+00:00,4094.728,4095.174,4080.789,4093.049,8274
2025-11-14 18:30:00+00:00,4093.011,4103.708,4090.833,4096.943,6249
2025-11-14 18:45:00+00:00,4096.892,4102.992,4095.57,4098.069,4177
2025-11-14 19:00:00+00:00,4098.036,4100.042,4089.736,4094.95,5377
2025-11-14 19:15:00+00:00,4094.999,4097.258,4092.142,4093.676,4278
2025-11-14 19:30:00+00:00,4093.597,4095.604,4089.812,4090.114,4212
2025-11-14 19:45:00+00:00,4090.159,4095.701,4087.704,4089.972,4637
2025-11-14 20:00:00+00:00,4090.03,4092.339,4083.723,4087.372,5284
2025-11-14 20:15:00+00:00,4087.393,4088.993,4075.294,4083.566,5531
2025-11-14 20:30:00+00:00,4083.621,4092.311,4081.802,4087.577,5048
2025-11-14 20:45:00+00:00,4087.6,4091.634,4084.9,4087.143,5003
2025-11-14 21:00:00+00:00,4087.12,4087.12,4078.86,4079.734,2602
2025-11-14 21:15:00+00:00,4079.738,4085.219,4079.467,4082.87,2181
2025-11-14 21:30:00+00:00,4082.866,4083.979,4077.63,4080.385,2803
2025-11-14 21:45:00+00:00,4080.378,4086.274,4078.899,4084.62,2007
2025-11-16 23:00:00+00:00,4083.755,4104.848,4071.875,4099.186,8407
2025-11-16 23:15:00+00:00,4099.133,4106.794,4095.414,4103.709,5678
2025-11-16 23:30:00+00:00,4103.81,4106.262,4098.961,4102.434,4483
2025-11-16 23:45:00+00:00,4102.511,4103.172,4093.668,4096.461,4436
2025-11-17 00:00:00+00:00,4096.528,4098.279,4084.151,4084.975,6002
2025-11-17 00:15:00+00:00,4084.968,4091.956,4080.518,4086.432,5422
2025-11-17 00:30:00+00:00,4086.459,4092.09,4085.255,4090.089,4755
2025-11-17 00:45:00+00:00,4090.044,4091.571,4081.479,4083.038,4645
2025-11-17 01:00:00+00:00,4083.073,4096.292,4082.47,4093.872,9005
2025-11-17 01:15:00+00:00,4093.781,4096.873,4085.457,4095.711,7058
2025-11-17 01:30:00+00:00,4095.833,4102.076,4094.273,4098.915,5762
2025-11-17 01:45:00+00:00,4098.942,4099.733,4090.121,4091.202,5724
2025-11-17 02:00:00+00:00,4091.159,4092.714,4083.603,4089.453,6134
2025-11-17 02:15:00+00:00,4089.391,4092.368,4085.883,4091.887,4479
2025-11-17 02:30:00+00:00,4091.844,4093.793,4085.557,4088.238,5789
2025-11-17 02:45:00+00:00,4088.298,4089.612,4080.73,4081.702,6704
2025-11-17 03:00:00+00:00,4081.677,4083.123,4070.048,4079.704,8387
2025-11-17 03:15:00+00:00,4079.674,4085.746,4075.717,4080.221,6548
2025-11-17 03:30:00+00:00,4080.183,4083.35,4077.902,4083.038,4387
2025-11-17 03:45:00+00:00,4083.111,4085.351,4080.839,4082.993,3517
2025-11-17 04:00:00+00:00,4082.938,4087.96,4082.045,4083.965,3878
2025-11-17 04:15:00+00:00,4083.959,4084.529,4081.065,4083.241,2112
2025-11-17 04:30:00+00:00,4083.256,4085.218,4081.162,4083.337,2098
2025-11-17 04:45:00+00:00,4083.307,4083.669,4076.835,4078.6,2756
2025-11-17 05:00:00+00:00,4078.643,4078.759,4072.057,4072.475,3442
2025-11-17 05:15:00+00:00,4072.508,4072.889,4058.56,4064.279,6232
2025-11-17 05:30:00+00:00,4064.395,4064.876,4049.649,4057.476,8804
2025-11-17 05:45:00+00:00,4057.466,4060.45,4053.157,4058.254,5007
2025-11-17 06:00:00+00:00,4058.227,4066.523,4054.582,4058.603,6351
2025-11-17 06:15:00+00:00,4058.549,4064.745,4056.242,4062.856,3916
2025-11-17 06:30:00+00:00,4062.903,4071.878,4062.493,4066.724,4888
2025-11-17 06:45:00+00:00,4066.77,4069.902,4064.887,4066.086,3896
2025-11-17 07:00:00+00:00,4066.022,4073.628,4065.135,4072.723,3782
2025-11-17 07:15:00+00:00,4072.717,4079.609,4072.207,4078.773,3822
2025-11-17 07:30:00+00:00,4078.726,4083.332,4077.042,4083.3,2785
2025-11-17 07:45:00+00:00,4083.248,4089.243,4083.204,4088.159,3049
2025-11-17 08:00:00+00:00,4088.13,4095.987,4086.819,4090.161,4709
2025-11-17 08:15:00+00:00,4090.202,4090.811,4079.042,4081.106,5045
2025-11-17 08:30:00+00:00,4081.095,4083.932,4075.801,4077.621,4996
2025-11-17 08:45:00+00:00,4077.599,4079.631,4072.079,4077.406,4862
2025-11-17 09:00:00+00:00,4077.412,4082.393,4072.22,4082.137,4527
2025-11-17 09:15:00+00:00,4082.181,4085.254,4079.367,4083.582,3514
2025-11-17 09:30:00+00:00,4083.524,4088.844,4081.779,4086.366,4421
2025-11-17 09:45:00+00:00,4086.392,4086.748,4078.899,4082.251,3580
2025-11-17 10:00:00+00:00,4082.202,4089.395,4081.23,4087.152,4065
2025-11-17 10:15:00+00:00,4087.205,4089.517,4083.843,4084.49,3889
2025-11-17 10:30:00+00:00,4084.433,4086.508,4078.03,4079.274,4763
2025-11-17 10:45:00+00:00,4079.308,4081.108,4068.252,4070.222,4965
2025-11-17 11:00:00+00:00,4070.296,4073.746,4061.026,4068.338,5836
2025-11-17 11:15:00+00:00,4068.227,4072.513,4065.31,4065.622,3377
2025-11-17 11:30:00+00:00,4065.675,4082.904,4064.222,4080.255,5185
2025-11-17 11:45:00+00:00,4080.3,4086.054,4076.501,4078.456,4881
2025-11-17 12:00:00+00:00,4078.493,4080.347,4076.612,4078.374,3084
2025-11-17 12:15:00+00:00,4078.416,4080.459,4074.671,4078.359,3755
2025-11-17 12:30:00+00:00,4078.259,4085.287,4077.684,4082.656,3473
2025-11-17 12:45:00+00:00,4082.729,4083.42,4074.954,4077.149,3314
2025-11-17 13:00:00+00:00,4077.119,4092.276,4075.903,4083.275,6820
2025-11-17 13:15:00+00:00,4083.404,4087.244,4074.866,4076.514,5724
2025-11-17 13:30:00+00:00,4076.491,4079.54,4067.262,4069.259,6294
2025-11-17 13:45:00+00:00,4069.229,4071.283,4060.66,4065.412,6984
2025-11-17 14:00:00+00:00,4065.272,4074.499,4060.633,4073.565,6130
2025-11-17 14:15:00+00:00,4073.538,4074.601,4064.102,4066.458,4257
2025-11-17 14:30:00+00:00,4066.502,4082.056,4065.484,4074.106,11862
2025-11-17 14:45:00+00:00,4074.059,4080.323,4072.131,4076.213,9440
2025-11-17 15:00:00+00:00,4076.326,4077.738,4061.489,4068.866,9340
2025-11-17 15:15:00+00:00,4068.873,4076.038,4060.758,4072.587,7969
2025-11-17 15:30:00+00:00,4072.535,4077.504,4070.66,4073.642,6914
2025-11-17 15:45:00+00:00,4073.613,4073.886,4063.487,4064.373,7026
2025-11-17 16:00:00+00:00,4064.304,4065.45,4052.171,4061.433,8241
2025-11-17 16:15:00+00:00,4061.457,4068.996,4059.258,4068.996,6380
2025-11-17 16:30:00+00:00,4069.03,4073.7,4068.032,4068.846,5593
2025-11-17 16:45:00+00:00,4068.879,4071.111,4065.174,4069.907,4460
2025-11-17 17:00:00+00:00,4069.959,4075.731,4069.705,4074.042,4224
2025-11-17 17:15:00+00:00,4074.146,4080.698,4072.305,4077.459,4170
2025-11-17 17:30:00+00:00,4077.4,4081.109,4073.788,4075.512,4374
2025-11-17 17:45:00+00:00,4075.541,4075.869,4071.171,4073.391,4159
2025-11-17 18:00:00+00:00,4073.423,4076.303,4071.072,4072.709,4672
2025-11-17 18:15:00+00:00,4072.659,4075.427,4067.696,4073.027,4532
2025-11-17 18:30:00+00:00,4072.978,4072.978,4067.391,4068.751,4092
2025-11-17 18:45:00+00:00,4068.713,4071.59,4062.261,4062.617,3842
2025-11-17 19:00:00+00:00,4062.592,4064.207,4056.332,4060.59,6044
2025-11-17 19:15:00+00:00,4060.628,4065.127,4053.425,4056.556,4355
2025-11-17 19:30:00+00:00,4056.565,4058.491,4016.181,4019.416,17883
2025-11-17 19:45:00+00:00,4019.389,4025.902,4010.808,4011.229,13581
2025-11-17 20:00:00+00:00,4011.258,4022.812,4006.848,4016.388,11305
2025-11-17 20:15:00+00:00,4016.451,4027.944,4015.431,4027.015,7773
2025-11-17 20:30:00+00:00,4027.057,4031.663,4025.335,4029.942,6180
2025-11-17 20:45:00+00:00,4029.971,4043.999,4029.396,4040.993,6602
2025-11-17 21:00:00+00:00,4040.949,4045.656,4038.699,4044.399,2946
2025-11-17 21:15:00+00:00,4044.446,4045.944,4042.663,4043.378,1794
2025-11-17 21:30:00+00:00,4043.417,4044.904,4042.672,4043.517,1267
2025-11-17 21:45:00+00:00,4043.582,4046.281,4042.683,4045.789,1356
2025-11-17 23:00:00+00:00,4049.919,4055.565,4046.321,4050.208,4183
2025-11-17 23:15:00+00:00,4050.183,4052.487,4047.573,4048.068,2524
2025-11-17 23:30:00+00:00,4048.047,4049.657,4034.45,4037.323,5553
2025-11-17 23:45:00+00:00,4037.215,4042.757,4028.569,4036.825,7837
2025-11-18 00:00:00+00:00,4036.862,4040.406,4030.339,4036.282,6001
2025-11-18 00:15:00+00:00,4036.355,4036.99,4027.332,4030.799,6802
2025-11-18 00:30:00+00:00,4030.764,4039.233,4028.687,4037.093,4066
2025-11-18 00:45:00+00:00,4037.033,4041.166,4032.072,4040.142,4633
2025-11-18 01:00:00+00:00,4040.198,4045.052,4034.956,4040.939,8929
2025-11-18 01:15:00+00:00,4040.876,4044.939,4036.951,4040.336,4808
2025-11-18 01:30:00+00:00,4040.369,4041.348,4030.067,4032.898,5269
2025-11-18 01:45:00+00:00,4032.871,4033.815,4022.333,4025.005,5328
2025-11-18 02:00:00+00:00,4024.96,4034.399,4019.225,4034.228,5340
2025-11-18 02:15:00+00:00,4034.258,4034.479,4026.918,4030.681,3768
2025-11-18 02:30:00+00:00,4030.71,4035.955,4028.47,4030.042,4790
2025-11-18 02:45:00+00:00,4029.972,4030.917,4015.297,4017.671,5958
2025-11-18 03:00:00+00:00,4017.663,4019.664,4010.033,4014.627,5989
2025-11-18 03:15:00+00:00,4014.588,4015.28,4008.202,4012.742,4892
2025-11-18 03:30:00+00:00,4012.879,4026.252,4011.491,4022.129,4418
2025-11-18 03:45:00+00:00,4022.083,4022.097,4011.173,4013.285,4689
2025-11-18 04:00:00+00:00,4013.316,4013.434,4009.665,4010.983,3733
2025-11-18 04:15:00+00:00,4010.997,4018.202,4004.878,4017.807,6748
2025-11-18 04:30:00+00:00,4017.756,4017.95,4007.615,4010.278,4967
2025-11-18 04:45:00+00:00,4010.302,4012.236,4008.629,4010.472,3581
2025-11-18 05:00:00+00:00,4010.442,4014.428,4008.106,4012.14,4275
2025-11-18 05:15:00+00:00,4012.162,4022.025,4010.722,4016.852,3589
2025-11-18 05:30:00+00:00,4016.853,4024.882,4016.656,4023.767,5327
2025-11-18 05:45:00+00:00,4023.807,4025.227,4015.635,4018.912,4044
2025-11-18 06:00:00+00:00,4018.946,4020.5,4012.318,4012.556,4472
2025-11-18 06:15:00+00:00,4012.606,4015.714,4008.426,4014.079,4841
2025-11-18 06:30:00+00:00,4014.06,4015.481,4007.567,4011.248,4843
2025-11-18 06:45:00+00:00,4011.278,4015.667,4008.697,4009.043,3655
2025-11-18 07:00:00+00:00,4009.004,4009.433,4002.459,4008.478,5026
2025-11-18 07:15:00+00:00,4008.447,4010.86,4002.062,4002.294,3986
2025-11-18 07:30:00+00:00,4002.268,4015.368,3998.05,4011.683,6543
2025-11-18 07:45:00+00:00,4011.71,4017.575,4009.958,4013.674,3662
2025-11-18 08:00:00+00:00,4013.648,4026.959,4010.54,4025.069,6032
2025-11-18 08:15:00+00:00,4025.066,4026.254,4021.088,4022.207,4305
2025-11-18 08:30:00+00:00,4022.228,4042.74,4021.55,4037.168,7498
2025-11-18 08:45:00+00:00,4037.137,4041.593,4033.816,4036.817,4683
2025-11-18 09:00:00+00:00,4036.765,4039.221,4030.453,4033.3,4578
2025-11-18 09:15:00+00:00,4033.306,4039.97,4033.306,4034.815,4436
2025-11-18 09:30:00+00:00,4034.782,4037.355,4030.124,4037.33,4196
2025-11-18 09:45:00+00:00,4037.361,4047.21,4035.933,4040.264,4393
2025-11-18 10:00:00+00:00,4040.206,4045.028,4037.497,4040.755,4753
2025-11-18 10:15:00+00:00,4040.797,4043.308,4038.459,4038.459,3859
2025-11-18 10:30:00+00:00,4038.433,4043.662,4037.453,4043.131,3898
2025-11-18 10:45:00+00:00,4043.257,4050.434,4041.695,4044.148,4488
2025-11-18 11:00:00+00:00,4044.194,4048.678,4042.714,4045.555,2706
2025-11-18 11:15:00+00:00,4045.593,4049.106,4044.479,4048.491,2997
2025-11-18 11:30:00+00:00,4048.494,4050.306,4043.591,4044.823,2675
2025-11-18 11:45:00+00:00,4044.879,4045.311,4036.929,4039.334,3753
2025-11-18 12:00:00+00:00,4039.303,4044.969,4037.853,4039.913,4524
2025-11-18 12:15:00+00:00,4039.953,4043.386,4032.16,4033.214,4745
2025-11-18 12:30:00+00:00,4033.192,4040.012,4031.995,4033.669,4030
2025-11-18 12:45:00+00:00,4033.644,4035.447,4029.064,4032.356,5082
2025-11-18 13:00:00+00:00,4032.333,4046.319,4031.044,4043.053,7953
2025-11-18 13:15:00+00:00,4043.113,4053.123,4040.869,4049.025,6329
2025-11-18 13:30:00+00:00,4048.982,4068.201,4047.924,4063.353,9659
2025-11-18 13:45:00+00:00,4063.378,4070.33,4062.038,4065.135,6068
2025-11-18 14:00:00+00:00,4065.111,4075.11,4063.418,4073.948,7049
2025-11-18 14:15:00+00:00,4073.902,4080.582,4073.211,4074.755,5675
2025-11-18 14:30:00+00:00,4074.72,4082.042,4069.717,4073.264,12132
2025-11-18 14:45:00+00:00,4073.293,4077.521,4058.004,4065.731,13093
2025-11-18 15:00:00+00:00,4065.782,4068.03,4053.363,4059.439,11759
2025-11-18 15:15:00+00:00,4059.514,4067.478,4054.175,4064.831,13592
2025-11-18 15:30:00+00:00,4064.792,4072.286,4058.159,4060.297,11435
2025-11-18 15:45:00+00:00,4060.33,4061.053,4048.798,4052.921,8688
2025-11-18 16:00:00+00:00,4053.001,4054.531,4040.402,4053.449,12375
2025-11-18 16:15:00+00:00,4053.398,4065.429,4051.388,4064.759,8376
2025-11-18 16:30:00+00:00,4064.809,4066.903,4057.692,4062.349,6430
2025-11-18 16:45:00+00:00,4062.388,4069.284,4060.572,4066.865,4795
2025-11-18 17:00:00+00:00,4066.835,4070.609,4063.691,4066.201,4432
2025-11-18 17:15:00+00:00,4066.242,4068.082,4059.212,4061.563,5593
2025-11-18 17:30:00+00:00,4061.473,4075.796,4060.441,4073.016,5639
2025-11-18 17:45:00+00:00,4073.099,4074.466,4069.789,4071.441,4688
2025-11-18 18:00:00+00:00,4071.481,4074.774,4067.756,4068.464,4407
2025-11-18 18:15:00+00:00,4068.468,4070.58,4063.114,4065.781,4513
2025-11-18 18:30:00+00:00,4065.747,4072.917,4063.553,4070.799,4190
2025-11-18 18:45:00+00:00,4070.801,4074.536,4069.261,4072.652,3843
2025-11-18 19:00:00+00:00,4072.679,4079.764,4072.574,4079.575,3735
2025-11-18 19:15:00+00:00,4079.535,4080.91,4075.016,4075.623,3805
2025-11-18 19:30:00+00:00,4075.655,4081.165,4073.457,4076.94,4425
2025-11-18 19:45:00+00:00,4076.921,4082.06,4076.675,4081.051,3929
2025-11-18 20:00:00+00:00,4081.089,4082.273,4073.123,4073.482,4109
2025-11-18 20:15:00+00:00,4073.451,4076.436,4069.354,4072.26,4038
2025-11-18 20:30:00+00:00,4072.286,4073.654,4068.418,4068.731,3932
2025-11-18 20:45:00+00:00,4068.688,4071.455,4067.19,4069.515,4391
2025-11-18 21:00:00+00:00,4069.469,4072.311,4069.202,4070.431,2031
2025-11-18 21:15:00+00:00,4070.398,4070.398,4064.834,4065.849,1692
2025-11-18 21:30:00+00:00,4065.882,4068.487,4065.261,4067.359,1092
2025-11-18 21:45:00+00:00,4067.367,4068.415,4065.784,4067.233,1173
2025-11-18 23:00:00+00:00,4067.811,4073.059,4066.009,4071.224,2850
2025-11-18 23:15:00+00:00,4071.232,4073.62,4070.654,4071.17,1522
2025-11-18 23:30:00+00:00,4071.17,4073.759,4067.927,4073.281,2176
2025-11-18 23:45:00+00:00,4073.38,4077.878,4069.988,4076.65,2889
2025-11-19 00:00:00+00:00,4076.692,4077.692,4071.325,4073.102,3082
2025-11-19 00:15:00+00:00,4073.107,4078.477,4071.076,4074.927,2800
2025-11-19 00:30:00+00:00,4074.92,4077.528,4074.309,4075.6,2679
2025-11-19 00:45:00+00:00,4075.566,4075.913,4067.721,4069.467,4618
2025-11-19 01:00:00+00:00,4069.401,4070.299,4061.573,4064.686,6464
2025-11-19 01:15:00+00:00,4064.723,4069.898,4060.906,4067.917,4939
2025-11-19 01:30:00+00:00,4067.874,4070.346,4061.341,4065.386,4461
2025-11-19 01:45:00+00:00,4065.454,4065.677,4056.338,4059.169,3893
2025-11-19 02:00:00+00:00,4059.219,4063.842,4055.665,4059.743,5073
2025-11-19 02:15:00+00:00,4059.728,4065.014,4059.613,4064.386,3048
2025-11-19 02:30:00+00:00,4064.43,4078.453,4064.101,4078.124,5961
2025-11-19 02:45:00+00:00,4078.088,4080.659,4075.198,4075.548,4091
2025-11-19 03:00:00+00:00,4075.52,4078.675,4072.164,4073.547,3994
2025-11-19 03:15:00+00:00,4073.583,4075.375,4069.6,4071.837,4205
2025-11-19 03:30:00+00:00,4071.796,4074.293,4070.3,4073.206,2916
2025-11-19 03:45:00+00:00,4073.202,4076.217,4066.098,4066.989,2937
2025-11-19 04:00:00+00:00,4066.883,4071.092,4064.406,4068.738,2706
2025-11-19 04:15:00+00:00,4068.689,4075.729,4068.214,4074.351,2803
2025-11-19 04:30:00+00:00,4074.359,4076.961,4072.429,4074.944,2658
2025-11-19 04:45:00+00:00,4074.919,4076.917,4073.407,4075.206,2395
2025-11-19 05:00:00+00:00,4075.29,4079.585,4074.205,4079.195,2625
2025-11-19 05:15:00+00:00,4079.171,4092.263,4078.861,4088.763,5540
2025-11-19 05:30:00+00:00,4088.708,4097.59,4087.818,4092.568,5899
2025-11-19 05:45:00+00:00,4092.496,4095.641,4090.277,4095.465,3969
2025-11-19 06:00:00+00:00,4095.472,4098.628,4092.204,4096.944,4571
2025-11-19 06:15:00+00:00,4096.969,4096.992,4089.219,4092.263,3679
2025-11-19 06:30:00+00:00,4092.202,4095.328,4089.477,4093.969,3638
2025-11-19 06:45:00+00:00,4093.908,4095.291,4089.849,4091.113,3247
2025-11-19 07:00:00+00:00,4090.982,4092.804,4084.857,4087.187,3016
2025-11-19 07:15:00+00:00,4087.213,4091.029,4085.16,4088.539,2607
2025-11-19 07:30:00+00:00,4088.532,4096.204,4088.111,4094.884,2977
2025-11-19 07:45:00+00:00,4094.85,4096.963,4086.192,4087.046,3128
2025-11-19 08:00:00+00:00,4087.003,4087.003,4078.212,4082.227,4594
2025-11-19 08:15:00+00:00,4082.203,4088.759,4080.495,4087.907,3541
2025-11-19 08:30:00+00:00,4087.88,4088.634,4080.126,4081.585,4448
2025-11-19 08:45:00+00:00,4081.633,4085.706,4080.228,4083.482,3489
2025-11-19 09:00:00+00:00,4083.413,4090.632,4081.134,4089.984,4796
2025-11-19 09:15:00+00:00,4089.968,4092.026,4085.449,4091.124,3914
2025-11-19 09:30:00+00:00,4091.158,4099.063,4087.783,4098.701,3892
2025-11-19 09:45:00+00:00,4098.742,4116.424,4098.359,4113.321,8171
2025-11-19 10:00:00+00:00,4113.364,4119.173,4109.155,4111.185,6029
2025-11-19 10:15:00+00:00,4111.229,4115.975,4110.647,4112.327,5263
2025-11-19 10:30:00+00:00,4112.278,4114.745,4110.139,4112.646,4240
2025-11-19 10:45:00+00:00,4112.745,4113.774,4107.012,4108.906,4587
2025-11-19 11:00:00+00:00,4108.953,4111.408,4106.46,4110.026,3724
2025-11-19 11:15:00+00:00,4110.125,4117.592,4109.905,4114.347,3720
2025-11-19 11:30:00+00:00,4114.243,4115.103,4109.886,4111.461,3258
2025-11-19 11:45:00+00:00,4111.403,4116.909,4111.403,4112.9,3230
2025-11-19 12:00:00+00:00,4112.838,4119.881,4112.483,4115.988,3377
2025-11-19 12:15:00+00:00,4115.962,4117.576,4112.165,4117.152,3093
2025-11-19 12:30:00+00:00,4117.206,4120.01,4114.812,4117.287,2717
2025-11-19 12:45:00+00:00,4117.332,4119.642,4112.273,4114.492,3738
2025-11-19 13:00:00+00:00,4114.583,4115.287,4101.136,4103.218,8884
2025-11-19 13:15:00+00:00,4103.11,4109.662,4100.788,4109.477,6921
2025-11-19 13:30:00+00:00,4109.432,4115.112,4106.482,4114.709,5498
2025-11-19 13:45:00+00:00,4114.809,4117.877,4106.071,4110.366,5799
2025-11-19 14:00:00+00:00,4110.42,4118.776,4110.42,4117.627,4944
2025-11-19 14:15:00+00:00,4117.655,4118.791,4105.816,4106.915,5519
2025-11-19 14:30:00+00:00,4106.94,4117.559,4101.844,4112.336,10897
2025-11-19 14:45:00+00:00,4112.311,4128.969,4109.176,4127.793,9384
2025-11-19 15:00:00+00:00,4127.748,4130.341,4120.471,4129.807,9612
2025-11-19 15:15:00+00:00,4129.776,4132.686,4115.949,4116.407,9063
2025-11-19 15:30:00+00:00,4116.376,4121.268,4108.957,4109.98,7329
2025-11-19 15:45:00+00:00,4110.018,4110.832,4090.012,4096.599,14076
2025-11-19 16:00:00+00:00,4096.671,4098.646,4083.83,4094.739,11832
2025-11-19 16:15:00+00:00,4094.7,4095.386,4071.474,4074.601,12954
2025-11-19 16:30:00+00:00,4074.56,4079.368,4067.574,4073.51,12550
2025-11-19 16:45:00+00:00,4073.545,4078.173,4069.981,4074.77,10999
2025-11-19 17:00:00+00:00,4074.731,4076.404,4055.572,4065.65,14906
2025-11-19 17:15:00+00:00,4065.61,4073.081,4061.87,4072.143,9656
2025-11-19 17:30:00+00:00,4072.115,4078.335,4063.001,4075.139,10256
2025-11-19 17:45:00+00:00,4075.113,4081.217,4071.851,4078.816,7519
2025-11-19 18:00:00+00:00,4078.856,4085.588,4078.561,4083.779,6962
2025-11-19 18:15:00+00:00,4083.897,4086.588,4078.868,4081.664,6663
2025-11-19 18:30:00+00:00,4081.637,4084.525,4075.735,4079.232,8298
2025-11-19 18:45:00+00:00,4079.213,4091.246,4078.222,4087.029,5566
2025-11-19 19:00:00+00:00,4087.076,4087.209,4073.006,4078.096,8181
2025-11-19 19:15:00+00:00,4078.008,4079.193,4069.099,4071.68,7569
2025-11-19 19:30:00+00:00,4071.645,4076.732,4068.955,4071.906,6771
2025-11-19 19:45:00+00:00,4071.924,4077.493,4070.871,4073.651,5820
2025-11-19 20:00:00+00:00,4073.642,4078.065,4072.241,4075.499,4253
2025-11-19 20:15:00+00:00,4075.603,4082.101,4075.603,4079.207,4353
2025-11-19 20:30:00+00:00,4079.167,4080.491,4074.548,4077.097,4569
2025-11-19 20:45:00+00:00,4077.142,4078.339,4072.318,4076.203,4532
2025-11-19 21:00:00+00:00,4076.169,4076.169,4071.316,4072.394,2430
2025-11-19 21:15:00+00:00,4072.346,4077.424,4065.58,4076.657,4386
2025-11-19 21:30:00+00:00,4076.618,4084.762,4076.178,4080.177,3001
2025-11-19 21:45:00+00:00,4080.293,4082.155,4076.253,4077.89,1955
2025-11-19 23:00:00+00:00,4080.006,4089.567,4079.886,4087.954,4464
2025-11-19 23:15:00+00:00,4088.069,4091.02,4087.493,4088.03,2552
2025-11-19 23:30:00+00:00,4088.083,4098.938,4085.851,4096.425,4012
2025-11-19 23:45:00+00:00,4096.402,4108.239,4096.402,4104.662,5569
2025-11-20 00:00:00+00:00,4104.692,4110.334,4103.218,4105.545,5022
2025-11-20 00:15:00+00:00,4105.542,4109.211,4105.089,4105.657,3468
2025-11-20 00:30:00+00:00,4105.679,4108.884,4101.451,4105.041,3709
2025-11-20 00:45:00+00:00,4105.015,4106.049,4100.408,4103.077,3454
2025-11-20 01:00:00+00:00,4103.047,4109.258,4096.576,4097.615,8537
2025-11-20 01:15:00+00:00,4097.603,4099.191,4092.485,4094.478,4992
2025-11-20 01:30:00+00:00,4094.447,4094.94,4088.4,4091.614,5233
2025-11-20 01:45:00+00:00,4091.706,4098.297,4080.874,4081.388,6263
2025-11-20 02:00:00+00:00,4081.343,4081.734,4059.117,4063.353,12507
2025-11-20 02:15:00+00:00,4063.302,4064.212,4039.865,4055.052,12014
2025-11-20 02:30:00+00:00,4055.084,4061.841,4053.436,4061.264,6528
2025-11-20 02:45:00+00:00,4061.297,4070.176,4060.221,4067.018,4502
2025-11-20 03:00:00+00:00,4066.985,4085.767,4066.264,4078.271,7906
2025-11-20 03:15:00+00:00,4078.237,4078.391,4072.792,4076.27,4785
2025-11-20 03:30:00+00:00,4076.334,4076.813,4064.981,4065.948,4597
2025-11-20 03:45:00+00:00,4065.916,4072.932,4064.907,4072.427,4059
2025-11-20 04:00:00+00:00,4072.466,4078.786,4068.367,4078.014,3867
2025-11-20 04:15:00+00:00,4078.12,4080.131,4076.181,4078.251,2604
2025-11-20 04:30:00+00:00,4078.285,4079.726,4073.381,4076.554,2160
2025-11-20 04:45:00+00:00,4076.644,4080.577,4074.615,4075.632,2126
2025-11-20 05:00:00+00:00,4075.67,4076.106,4068.086,4071.376,4321
2025-11-20 05:15:00+00:00,4071.357,4074.034,4068.287,4069.668,3059
2025-11-20 05:30:00+00:00,4069.671,4072.411,4064.532,4067.173,6025
2025-11-20 05:45:00+00:00,4067.136,4071.805,4066.275,4066.777,3962
2025-11-20 06:00:00+00:00,4066.733,4077.694,4064.979,4073.491,5795
2025-11-20 06:15:00+00:00,4073.441,4074.757,4058.651,4062.934,5463
2025-11-20 06:30:00+00:00,4062.961,4072.144,4061.377,4067.837,5082
2025-11-20 06:45:00+00:00,4067.795,4070.402,4063.439,4068.479,4665
2025-11-20 07:00:00+00:00,4068.448,4076.696,4065.558,4073.649,5265
2025-11-20 07:15:00+00:00,4073.578,4073.781,4060.175,4062.864,4949
2025-11-20 07:30:00+00:00,4062.767,4068.158,4058.608,4059.73,4288
2025-11-20 07:45:00+00:00,4059.765,4061.643,4054.051,4059.959,5393
2025-11-20 08:00:00+00:00,4059.901,4063.152,4042.585,4047.154,9325
2025-11-20 08:15:00+00:00,4047.123,4050.591,4038.727,4045.94,7792
2025-11-20 08:30:00+00:00,4045.972,4058.546,4043.919,4054.431,8235
2025-11-20 08:45:00+00:00,4054.461,4069.424,4051.928,4063.648,6694
2025-11-20 09:00:00+00:00,4063.616,4072.779,4063.292,4068.786,7435
2025-11-20 09:15:00+00:00,4068.83,4071.822,4058.896,4059.33,5987
2025-11-20 09:30:00+00:00,4059.264,4067.549,4055.632,4063.531,5367
2025-11-20 09:45:00+00:00,4063.569,4068.997,4059.832,4064.216,4714
2025-11-20 10:00:00+00:00,4064.241,4068.234,4058.796,4059.706,3801
2025-11-20 10:15:00+00:00,4059.672,4064.049,4058.094,4061.613,4008
2025-11-20 10:30:00+00:00,4061.581,4066.954,4061.18,4063.431,3219
2025-11-20 10:45:00+00:00,4063.442,4064.903,4058.186,4060.086,3930
2025-11-20 11:00:00+00:00,4060.057,4061.134,4054.013,4057.371,3739
2025-11-20 11:15:00+00:00,4057.238,4057.238,4051.246,4056.589,3808
2025-11-20 11:30:00+00:00,4056.543,4068.42,4054.481,4066.381,3738
2025-11-20 11:45:00+00:00,4066.495,4066.74,4056.498,4060.789,3866
2025-11-20 12:00:00+00:00,4060.724,4074.951,4060.084,4072.737,4667
2025-11-20 12:15:00+00:00,4072.766,4079.48,4069.616,4073.186,4389
2025-11-20 12:30:00+00:00,4073.306,4079.257,4072.944,4076.814,4259
2025-11-20 12:45:00+00:00,4076.848,4082.061,4074.221,4081.81,4437
2025-11-20 13:00:00+00:00,4081.771,4094.621,4081.34,4090.227,9476
2025-11-20 13:15:00+00:00,4090.262,4093.072,4083.486,4085.912,7908
2025-11-20 13:30:00+00:00,4085.954,4096.505,4067.153,4080.48,15719
2025-11-20 13:45:00+00:00,4080.526,4089.977,4073.057,4080.24,11753
2025-11-20 14:00:00+00:00,4080.213,4083.34,4072.012,4078.595,10078
2025-11-20 14:15:00+00:00,4078.57,4088.564,4078.318,4080.591,7973
2025-11-20 14:30:00+00:00,4080.634,4091.458,4074.382,4088.827,15427
2025-11-20 14:45:00+00:00,4088.868,4107.183,4086.446,4093.354,13235
2025-11-20 15:00:00+00:00,4093.265,4097.153,4082.519,4092.284,10752
2025-11-20 15:15:00+00:00,4092.325,4098.817,4086.353,4095.465,8479
2025-11-20 15:30:00+00:00,4095.575,4096.284,4074.836,4088.084,10345
2025-11-20 15:45:00+00:00,4088.028,4088.605,4070.156,4070.156,7982
2025-11-20 16:00:00+00:00,4070.211,4082.664,4068.576,4074.498,10020
2025-11-20 16:15:00+00:00,4074.523,4078.383,4062.701,4065.093,12077
2025-11-20 16:30:00+00:00,4065.18,4068.211,4057.727,4059.255,13299
2025-11-20 16:45:00+00:00,4059.357,4067.264,4044.773,4049.046,14076
2025-11-20 17:00:00+00:00,4049.014,4054.909,4043.674,4052.614,16714
2025-11-20 17:15:00+00:00,4052.653,4061.206,4050.345,4056.234,14270
2025-11-20 17:30:00+00:00,4056.204,4060.085,4049.359,4052.378,10516
2025-11-20 17:45:00+00:00,4052.346,4068.476,4051.511,4066.087,9792
2025-11-20 18:00:00+00:00,4066.04,4072.63,4064.415,4066.44,8029
2025-11-20 18:15:00+00:00,4066.507,4067.144,4056.201,4060.393,8932
2025-11-20 18:30:00+00:00,4060.427,4067.246,4057.365,4060.95,8801
2025-11-20 18:45:00+00:00,4060.931,4063.086,4056.577,4060.656,5966
2025-11-20 19:00:00+00:00,4060.608,4069.369,4058.981,4069.224,5997
2025-11-20 19:15:00+00:00,4069.173,4087.303,4066.275,4084.263,9387
2025-11-20 19:30:00+00:00,4084.275,4087.262,4079.36,4082.997,7009
2025-11-20 19:45:00+00:00,4083.012,4085.556,4080.332,4084.652,5033
2025-11-20 20:00:00+00:00,4084.615,4085.099,4074.103,4077.086,5466
2025-11-20 20:15:00+00:00,4077.099,4081.428,4073.999,4077.403,4627
2025-11-20 20:30:00+00:00,4077.428,4078.327,4073.28,4077.893,4805
2025-11-20 20:45:00+00:00,4077.958,4080.15,4073.455,4077.05,5922
2025-11-20 21:00:00+00:00,4077.091,4079.619,4074.259,4077.125,2542
2025-11-20 21:15:00+00:00,4077.149,4081.015,4076.317,4079.057,1657
2025-11-20 21:30:00+00:00,4079.077,4080.262,4076.458,4076.668,1300
2025-11-20 21:45:00+00:00,4076.674,4079.77,4076.674,4077.134,1187
2025-11-20 23:00:00+00:00,4076.391,4085.512,4072.924,4085.187,3693
2025-11-20 23:15:00+00:00,4085.229,4086.089,4076.881,4081.097,3383
2025-11-20 23:30:00+00:00,4081.098,4088.391,4079.884,4087.101,3435
2025-11-20 23:45:00+00:00,4087.044,4088.817,4074.425,4079.097,5033
2025-11-21 00:00:00+00:00,4079.141,4081.453,4073.655,4079.681,3706
2025-11-21 00:15:00+00:00,4079.687,4081.114,4071.752,4075.027,2933
2025-11-21 00:30:00+00:00,4075.074,4080.001,4072.016,4078.576,3365
2025-11-21 00:45:00+00:00,4078.496,4079.74,4071.573,4073.755,3950
2025-11-21 01:00:00+00:00,4073.759,4073.759,4063.26,4064.541,9068
2025-11-21 01:15:00+00:00,4064.571,4068.655,4061.529,4061.837,5077
2025-11-21 01:30:00+00:00,4061.855,4064.74,4060.516,4064.121,4615
2025-11-21 01:45:00+00:00,4064.143,4074.454,4063.202,4068.52,4906
2025-11-21 02:00:00+00:00,4068.47,4075.687,4067.909,4073.64,4047
2025-11-21 02:15:00+00:00,4073.569,4075.18,4066.162,4073.492,3801
2025-11-21 02:30:00+00:00,4073.464,4079.978,4072.289,4073.283,4110
2025-11-21 02:45:00+00:00,4073.324,4073.594,4056.675,4057.353,6356
2025-11-21 03:00:00+00:00,4057.383,4059.203,4052.434,4056.675,5686
2025-11-21 03:15:00+00:00,4056.743,4058.139,4049.396,4052.501,5301
2025-11-21 03:30:00+00:00,4052.55,4057.475,4050.693,4054.718,4260
2025-11-21 03:45:00+00:00,4054.685,4059.344,4051.905,4056.197,3643
2025-11-21 04:00:00+00:00,4056.16,4062.427,4052.839,4055.245,3549
2025-11-21 04:15:00+00:00,4055.2,4060.685,4053.426,4059.742,3535
2025-11-21 04:30:00+00:00,4059.819,4060.557,4048.039,4050.623,3605
2025-11-21 04:45:00+00:00,4050.668,4052.715,4047.779,4052.055,2708
2025-11-21 05:00:00+00:00,4052.037,4057.35,4051.375,4055.987,3714
2025-11-21 05:15:00+00:00,4056.017,4057.146,4052.933,4052.933,2596
2025-11-21 05:30:00+00:00,4052.833,4057.449,4048.04,4048.785,5448
2025-11-21 05:45:00+00:00,4048.763,4059.771,4039.848,4058.471,8671
2025-11-21 06:00:00+00:00,4058.51,4064.881,4051.706,4051.889,6103
2025-11-21 06:15:00+00:00,4051.931,4052.766,4030.846,4031.856,7885
2025-11-21 06:30:00+00:00,4031.885,4040.739,4029.362,4036.153,8136
2025-11-21 06:45:00+00:00,4036.05,4039.251,4032.706,4032.882,5221
2025-11-21 07:00:00+00:00,4032.847,4033.065,4024.822,4032.245,6364
2025-11-21 07:15:00+00:00,4032.276,4037.682,4030.418,4037.468,5426
2025-11-21 07:30:00+00:00,4037.501,4039.836,4032.035,4033.482,4748
2025-11-21 07:45:00+00:00,4033.439,4035.697,4028.682,4031.675,5043
2025-11-21 08:00:00+00:00,4031.705,4039.256,4022.258,4036.92,9109
2025-11-21 08:15:00+00:00,4036.969,4048.165,4033.954,4042.667,6978
2025-11-21 08:30:00+00:00,4042.673,4047.62,4040.717,4043.577,4753
2025-11-21 08:45:00+00:00,4043.498,4047.026,4038.658,4040.962,5244
2025-11-21 09:00:00+00:00,4041.009,4059.861,4040.214,4058.365,5301
2025-11-21 09:15:00+00:00,4058.359,4063.621,4054.001,4056.744,6167
2025-11-21 09:30:00+00:00,4056.637,4060.907,4049.476,4049.536,5078
2025-11-21 09:45:00+00:00,4049.579,4054.986,4048.218,4050.578,5044
2025-11-21 10:00:00+00:00,4050.525,4052.781,4035.331,4038.825,8798
2025-11-21 10:15:00+00:00,4038.784,4043.356,4032.67,4032.764,7345
2025-11-21 10:30:00+00:00,4032.731,4038.127,4032.373,4033.696,6050
2025-11-21 10:45:00+00:00,4033.657,4041.914,4033.166,4037.15,5857
2025-11-21 11:00:00+00:00,4037.186,4046.888,4035.68,4040.38,5553
2025-11-21 11:15:00+00:00,4040.407,4042.276,4037.11,4039.5,4465
2025-11-21 11:30:00+00:00,4039.533,4041.191,4035.028,4036.661,4191
2025-11-21 11:45:00+00:00,4036.618,4038.688,4030.923,4036.588,4808
2025-11-21 12:00:00+00:00,4036.553,4045.901,4034.758,4044.277,5916
2025-11-21 12:15:00+00:00,4044.237,4050.551,4041.12,4045.052,6358
2025-11-21 12:30:00+00:00,4044.993,4063.501,4043.761,4061.709,14334
2025-11-21 12:45:00+00:00,4061.763,4071.86,4060.841,4065.815,9128
2025-11-21 13:00:00+00:00,4065.908,4067.234,4059.19,4062.224,8915
2025-11-21 13:15:00+00:00,4062.236,4070.7,4059.691,4067.49,8198
2025-11-21 13:30:00+00:00,4067.426,4072.584,4066.218,4072.55,5991
2025-11-21 13:45:00+00:00,4072.52,4081.258,4072.389,4079.534,7654
2025-11-21 14:00:00+00:00,4079.488,4083.968,4071.606,4076.248,8111
2025-11-21 14:15:00+00:00,4076.182,4076.654,4063.954,4066.456,7590
2025-11-21 14:30:00+00:00,4066.432,4070.749,4061.537,4063.199,15423
2025-11-21 14:45:00+00:00,4063.162,4075.109,4062.192,4071.676,10156
2025-11-21 15:00:00+00:00,4071.62,4076.875,4066.39,4071.864,9945
2025-11-21 15:15:00+00:00,4071.818,4076.7,4067.504,4069.058,11936
2025-11-21 15:30:00+00:00,4069.064,4070.589,4054.983,4063.342,12604
2025-11-21 15:45:00+00:00,4063.382,4072.0,4062.567,4069.739,9188
2025-11-21 16:00:00+00:00,4069.723,4072.328,4062.91,4067.01,9104
2025-11-21 16:15:00+00:00,4067.042,4071.642,4064.209,4069.98,8587
2025-11-21 16:30:00+00:00,4070.043,4081.245,4069.659,4079.249,6970
2025-11-21 16:45:00+00:00,4079.225,4100.646,4076.394,4099.858,12132
2025-11-21 17:00:00+00:00,4099.823,4101.27,4083.017,4084.614,9359
2025-11-21 17:15:00+00:00,4084.655,4087.375,4078.989,4081.49,7874
2025-11-21 17:30:00+00:00,4081.518,4084.476,4079.344,4083.346,6195
2025-11-21 17:45:00+00:00,4083.378,4088.678,4080.946,4085.414,5211
2025-11-21 18:00:00+00:00,4085.457,4087.451,4080.094,4081.211,5422
2025-11-21 18:15:00+00:00,4081.171,4084.563,4079.123,4079.996,6045
2025-11-21 18:30:00+00:00,4080.058,4081.843,4076.389,4079.517,4879
2025-11-21 18:45:00+00:00,4079.584,4088.312,4079.344,4082.921,7431
2025-11-21 19:00:00+00:00,4082.958,4086.421,4082.701,4084.904,4028
2025-11-21 19:15:00+00:00,4085.003,4092.064,4084.321,4090.627,3747
2025-11-21 19:30:00+00:00,4090.656,4092.179,4085.279,4085.712,3629
2025-11-21 19:45:00+00:00,4085.748,4089.464,4084.449,4087.587,3973
2025-11-21 20:00:00+00:00,4087.621,4088.776,4080.368,4081.117,3922
2025-11-21 20:15:00+00:00,4081.064,4083.059,4068.091,4069.552,6824
2025-11-21 20:30:00+00:00,4069.517,4069.517,4056.26,4059.217,9993
2025-11-21 20:45:00+00:00,4059.252,4070.078,4055.14,4067.445,8766
2025-11-21 21:00:00+00:00,4067.385,4069.303,4054.505,4058.928,4104
2025-11-21 21:15:00+00:00,4058.974,4063.736,4057.015,4062.353,2191
2025-11-21 21:30:00+00:00,4062.311,4066.76,4061.8,4065.011,1908
2025-11-21 21:45:00+00:00,4064.988,4067.372,4062.805,4066.113,2056
2025-11-23 23:00:00+00:00,4072.469,4077.681,4065.886,4074.834,4129
2025-11-23 23:15:00+00:00,4074.798,4077.497,4069.192,4070.693,3307
2025-11-23 23:30:00+00:00,4070.608,4072.244,4065.815,4070.258,3749
2025-11-23 23:45:00+00:00,4070.21,4076.794,4069.195,4075.117,3473
2025-11-24 00:00:00+00:00,4075.148,4076.144,4058.252,4062.223,4023
2025-11-24 00:15:00+00:00,4062.155,4064.672,4059.026,4062.789,2483
2025-11-24 00:30:00+00:00,4062.81,4066.423,4061.872,4065.925,3111
2025-11-24 00:45:00+00:00,4065.889,4068.092,4063.917,4067.524,2838
2025-11-24 01:00:00+00:00,4067.564,4073.206,4051.508,4054.931,8756
2025-11-24 01:15:00+00:00,4054.899,4056.226,4049.976,4055.363,6572
2025-11-24 01:30:00+00:00,4055.473,4056.56,4050.485,4052.132,5377
2025-11-24 01:45:00+00:00,4052.127,4054.293,4042.648,4044.155,5438
2025-11-24 02:00:00+00:00,4044.071,4048.376,4043.339,4046.252,4190
2025-11-24 02:15:00+00:00,4046.244,4048.848,4045.913,4048.004,3065
2025-11-24 02:30:00+00:00,4047.992,4051.611,4045.169,4047.524,4301
2025-11-24 02:45:00+00:00,4047.515,4048.187,4040.582,4043.565,3919
2025-11-24 03:00:00+00:00,4043.634,4050.94,4043.634,4046.778,3900
2025-11-24 03:15:00+00:00,4046.832,4049.536,4044.616,4048.863,3231
2025-11-24 03:30:00+00:00,4048.895,4058.177,4048.895,4056.074,3188
2025-11-24 03:45:00+00:00,4056.125,4056.42,4048.338,4050.459,3321
2025-11-24 04:00:00+00:00,4050.507,4061.206,4049.41,4059.149,3045
2025-11-24 04:15:00+00:00,4059.218,4060.624,4048.405,4051.024,3705
2025-11-24 04:30:00+00:00,4051.052,4052.48,4044.993,4046.691,4518
2025-11-24 04:45:00+00:00,4046.736,4046.806,4042.235,4044.061,2988
2025-11-24 05:00:00+00:00,4044.104,4046.806,4042.942,4045.535,2846
2025-11-24 05:15:00+00:00,4045.503,4047.99,4039.842,4046.947,3619
2025-11-24 05:30:00+00:00,4046.988,4049.513,4042.339,4048.475,4492
2025-11-24 05:45:00+00:00,4048.472,4048.554,4041.374,4046.422,4312
2025-11-24 06:00:00+00:00,4046.301,4054.473,4045.321,4049.8,4291
2025-11-24 06:15:00+00:00,4049.763,4056.439,4047.895,4053.032,4762
2025-11-24 06:30:00+00:00,4053.038,4058.186,4052.513,4056.89,3458
2025-11-24 06:45:00+00:00,4056.97,4057.136,4052.029,4053.418,3791
2025-11-24 07:00:00+00:00,4053.408,4057.585,4051.428,4053.787,4768
2025-11-24 07:15:00+00:00,4053.83,4056.751,4051.88,4052.634,3872
2025-11-24 07:30:00+00:00,4052.613,4067.058,4052.461,4063.966,5368
2025-11-24 07:45:00+00:00,4063.921,4067.639,4058.295,4059.976,3207
2025-11-24 08:00:00+00:00,4059.9,4064.775,4059.665,4061.817,4317
2025-11-24 08:15:00+00:00,4061.867,4066.244,4059.548,4063.029,3726
2025-11-24 08:30:00+00:00,4063.019,4063.755,4059.969,4063.652,2924
2025-11-24 08:45:00+00:00,4063.584,4067.034,4062.478,4063.401,3195
2025-11-24 09:00:00+00:00,4063.377,4074.23,4063.081,4072.13,3882
2025-11-24 09:15:00+00:00,4072.097,4073.769,4066.769,4068.716,4584
2025-11-24 09:30:00+00:00,4068.678,4072.889,4067.587,4070.122,3472
2025-11-24 09:45:00+00:00,4070.174,4072.663,4065.542,4071.824,4017
2025-11-24 10:00:00+00:00,4071.862,4077.254,4070.853,4073.108,3645
2025-11-24 10:15:00+00:00,4073.149,4076.96,4068.385,4070.342,3596
2025-11-24 10:30:00+00:00,4070.301,4071.169,4066.032,4070.27,4053
2025-11-24 10:45:00+00:00,4070.241,4070.991,4063.388,4064.029,2469
2025-11-24 11:00:00+00:00,4064.014,4068.386,4063.132,4066.727,2435
2025-11-24 11:15:00+00:00,4066.683,4070.629,4066.471,4070.445,2499
2025-11-24 11:30:00+00:00,4070.469,4071.099,4067.094,4070.351,2826
2025-11-24 11:45:00+00:00,4070.326,4071.689,4069.041,4069.968,2650
2025-11-24 12:00:00+00:00,4069.86,4074.292,4065.635,4068.776,3602
2025-11-24 12:15:00+00:00,4068.752,4071.4,4067.432,4070.82,2795
2025-11-24 12:30:00+00:00,4070.765,4080.788,4070.604,4079.251,3573
2025-11-24 12:45:00+00:00,4079.349,4084.036,4077.169,4080.471,3658
2025-11-24 13:00:00+00:00,4080.508,4081.754,4075.777,4078.272,5372
2025-11-24 13:15:00+00:00,4078.275,4085.046,4077.347,4080.517,4394
2025-11-24 13:30:00+00:00,4080.506,4086.043,4074.65,4077.29,4604
2025-11-24 13:45:00+00:00,4077.271,4080.99,4073.66,4077.696,4602
2025-11-24 14:00:00+00:00,4077.664,4083.114,4075.995,4079.749,4696
2025-11-24 14:15:00+00:00,4079.792,4081.113,4073.917,4075.72,3987
2025-11-24 14:30:00+00:00,4075.749,4079.044,4068.395,4073.641,10512
2025-11-24 14:45:00+00:00,4073.598,4086.12,4072.217,4081.312,8493
2025-11-24 15:00:00+00:00,4081.259,4093.474,4081.159,4092.391,8373
2025-11-24 15:15:00+00:00,4092.417,4093.872,4087.212,4088.137,7480
2025-11-24 15:30:00+00:00,4088.112,4093.588,4087.065,4093.202,5514
2025-11-24 15:45:00+00:00,4093.24,4093.705,4089.494,4091.741,4543
2025-11-24 16:00:00+00:00,4091.791,4095.615,4089.732,4094.891,5072
2025-11-24 16:15:00+00:00,4094.947,4095.28,4092.069,4092.372,3457
2025-11-24 16:30:00+00:00,4092.344,4098.952,4092.009,4097.874,4498
2025-11-24 16:45:00+00:00,4097.901,4098.71,4094.855,4097.127,3632
2025-11-24 17:00:00+00:00,4097.171,4099.903,4091.649,4092.01,4159
2025-11-24 17:15:00+00:00,4092.08,4094.767,4088.83,4093.368,3742
2025-11-24 17:30:00+00:00,4093.488,4096.114,4092.613,4095.189,2660
2025-11-24 17:45:00+00:00,4095.191,4100.408,4092.564,4092.916,3581
2025-11-24 18:00:00+00:00,4092.983,4093.628,4088.034,4090.109,3649
2025-11-24 18:15:00+00:00,4090.138,4095.724,4089.467,4095.582,3313
2025-11-24 18:30:00+00:00,4095.544,4114.778,4095.544,4112.758,6607
2025-11-24 18:45:00+00:00,4112.647,4125.735,4110.271,4120.456,6831
2025-11-24 19:00:00+00:00,4120.488,4124.176,4116.553,4116.805,4356
2025-11-24 19:15:00+00:00,4116.841,4120.628,4114.867,4119.065,4643
2025-11-24 19:30:00+00:00,4119.044,4119.53,4113.913,4116.05,3394
2025-11-24 19:45:00+00:00,4116.043,4121.201,4115.829,4118.508,2856
2025-11-24 20:00:00+00:00,4118.531,4123.838,4117.942,4121.982,3602
2025-11-24 20:15:00+00:00,4121.981,4125.71,4121.156,4124.886,2652
2025-11-24 20:30:00+00:00,4124.888,4133.368,4124.692,4131.33,3683
2025-11-24 20:45:00+00:00,4131.367,4133.382,4128.736,4132.62,3480
2025-11-24 21:00:00+00:00,4132.619,4133.702,4130.137,4131.889,1721
2025-11-24 21:15:00+00:00,4131.898,4133.219,4130.926,4132.299,1075
2025-11-24 21:30:00+00:00,4132.309,4140.02,4131.207,4139.265,1380
2025-11-24 21:45:00+00:00,4139.292,4139.903,4133.618,4134.086,1918
2025-11-24 23:00:00+00:00,4134.311,4138.523,4125.138,4128.958,4313
2025-11-24 23:15:00+00:00,4128.927,4133.174,4127.508,4131.068,6105
2025-11-24 23:30:00+00:00,4131.112,4136.184,4128.754,4135.874,3587
2025-11-24 23:45:00+00:00,4135.912,4144.411,4135.654,4143.81,5138
2025-11-25 00:00:00+00:00,4143.802,4144.609,4136.252,4136.322,6219
2025-11-25 00:15:00+00:00,4136.361,4140.385,4133.99,4135.493,4674
2025-11-25 00:30:00+00:00,4135.54,4137.251,4131.914,4135.232,3962
2025-11-25 00:45:00+00:00,4135.188,4136.41,4127.612,4129.512,4610
2025-11-25 01:00:00+00:00,4129.563,4136.047,4124.01,4128.379,9226
2025-11-25 01:15:00+00:00,4128.37,4128.858,4122.524,4127.405,6224
2025-11-25 01:30:00+00:00,4127.441,4139.199,4127.371,4136.688,7390
2025-11-25 01:45:00+00:00,4136.693,4137.471,4132.608,4134.809,4733
2025-11-25 02:00:00+00:00,4134.754,4142.162,4132.707,4136.364,5468
2025-11-25 02:15:00+00:00,4136.403,4145.772,4135.395,4144.735,4439
2025-11-25 02:30:00+00:00,4144.703,4152.498,4143.877,4151.956,5697
2025-11-25 02:45:00+00:00,4152.01,4155.82,4149.825,4150.76,4851
2025-11-25 03:00:00+00:00,4150.819,4151.048,4145.293,4146.05,4733
2025-11-25 03:15:00+00:00,4146.045,4147.713,4139.56,4145.227,5140
2025-11-25 03:30:00+00:00,4145.214,4145.753,4140.865,4144.904,4029
2025-11-25 03:45:00+00:00,4144.92,4145.624,4141.217,4143.052,2851
2025-11-25 04:00:00+00:00,4143.026,4145.894,4139.453,4144.908,3339
2025-11-25 04:15:00+00:00,4144.98,4147.953,4144.061,4146.164,2849
2025-11-25 04:30:00+00:00,4146.186,4148.417,4142.803,4145.197,2723
2025-11-25 04:45:00+00:00,4145.173,4146.389,4140.313,4140.807,2493
2025-11-25 05:00:00+00:00,4140.831,4148.004,4140.831,4146.744,2063
2025-11-25 05:15:00+00:00,4146.721,4147.278,4142.714,4144.039,2859
2025-11-25 05:30:00+00:00,4144.006,4147.316,4141.43,4146.651,3706
2025-11-25 05:45:00+00:00,4146.621,4152.036,4144.901,4150.888,3775
2025-11-25 06:00:00+00:00,4150.921,4152.063,4145.855,4147.2,4242
2025-11-25 06:15:00+00:00,4147.174,4148.921,4139.879,4140.923,3881
2025-11-25 06:30:00+00:00,4140.938,4143.68,4138.614,4139.834,6541
2025-11-25 06:45:00+00:00,4139.83,4143.317,4138.824,4141.605,3378
2025-11-25 07:00:00+00:00,4141.571,4146.085,4139.601,4140.533,3518
2025-11-25 07:15:00+00:00,4140.502,4143.396,4134.676,4136.792,3403
2025-11-25 07:30:00+00:00,4136.917,4138.638,4130.826,4137.325,5155
2025-11-25 07:45:00+00:00,4137.279,4139.325,4130.277,4132.601,4550
2025-11-25 08:00:00+00:00,4132.591,4136.524,4131.514,4134.34,4592
2025-11-25 08:15:00+00:00,4134.388,4139.522,4134.388,4136.37,3408
2025-11-25 08:30:00+00:00,4136.339,4136.677,4121.258,4127.447,6451
2025-11-25 08:45:00+00:00,4127.459,4128.273,4109.156,4116.043,6010
2025-11-25 09:00:00+00:00,4116.147,4128.447,4113.814,4126.843,4923
2025-11-25 09:15:00+00:00,4126.844,4130.602,4122.798,4124.761,4509
2025-11-25 09:30:00+00:00,4124.731,4131.382,4121.815,4127.947,4972
2025-11-25 09:45:00+00:00,4127.983,4130.489,4126.004,4128.448,4243
2025-11-25 10:00:00+00:00,4128.421,4137.676,4127.465,4137.212,3264
2025-11-25 10:15:00+00:00,4137.256,4138.882,4129.058,4130.84,3592
2025-11-25 10:30:00+00:00,4130.947,4133.406,4128.198,4132.025,3222
2025-11-25 10:45:00+00:00,4132.005,4134.717,4127.524,4131.192,3735
2025-11-25 11:00:00+00:00,4131.241,4134.867,4127.737,4134.689,3315
2025-11-25 11:15:00+00:00,4134.814,4137.378,4128.724,4132.446,3690
2025-11-25 11:30:00+00:00,4132.442,4133.981,4129.381,4132.56,2758
2025-11-25 11:45:00+00:00,4132.521,4134.149,4130.032,4133.468,2786
2025-11-25 12:00:00+00:00,4133.521,4137.278,4133.185,4135.96,2758
2025-11-25 12:15:00+00:00,4135.903,4138.805,4132.656,4132.937,3127
2025-11-25 12:30:00+00:00,4132.976,4136.998,4117.021,4117.021,5708
2025-11-25 12:45:00+00:00,4117.056,4129.972,4115.995,4129.871,9849
2025-11-25 13:00:00+00:00,4129.906,4140.059,4129.392,4138.341,5138
2025-11-25 13:15:00+00:00,4138.392,4146.826,4137.838,4141.806,7024
2025-11-25 13:30:00+00:00,4141.829,4150.896,4141.829,4145.891,5911
2025-11-25 13:45:00+00:00,4145.928,4150.186,4144.068,4147.779,5287
2025-11-25 14:00:00+00:00,4147.685,4148.754,4138.685,4142.662,5119
2025-11-25 14:15:00+00:00,4142.626,4143.235,4133.395,4134.263,6315
2025-11-25 14:30:00+00:00,4134.239,4137.759,4117.526,4119.81,14567
2025-11-25 14:45:00+00:00,4119.836,4126.124,4111.034,4125.254,11305
2025-11-25 15:00:00+00:00,4125.305,4131.937,4117.946,4129.211,7460
2025-11-25 15:15:00+00:00,4129.243,4133.818,4125.036,4127.963,7545
2025-11-25 15:30:00+00:00,4128.008,4133.406,4127.168,4130.636,5074
2025-11-25 15:45:00+00:00,4130.6,4132.852,4120.759,4123.13,5999
2025-11-25 16:00:00+00:00,4123.092,4131.595,4122.152,4131.285,5082
2025-11-25 16:15:00+00:00,4131.251,4141.408,4131.155,4140.544,5672
2025-11-25 16:30:00+00:00,4140.498,4141.196,4136.27,4140.095,4290
2025-11-25 16:45:00+00:00,4140.087,4140.369,4134.531,4136.278,3241
2025-11-25 17:00:00+00:00,4136.291,4153.436,4135.954,4150.135,12189
2025-11-25 17:15:00+00:00,4150.245,4154.011,4145.357,4149.829,6386
2025-11-25 17:30:00+00:00,4149.717,4159.498,4148.713,4152.529,6659
2025-11-25 17:45:00+00:00,4152.56,4153.437,4144.271,4146.103,5770
2025-11-25 18:00:00+00:00,4146.136,4150.924,4141.852,4145.787,6092
2025-11-25 18:15:00+00:00,4145.743,4147.084,4141.57,4142.336,4754
2025-11-25 18:30:00+00:00,4142.368,4145.443,4134.903,4139.226,4062
2025-11-25 18:45:00+00:00,4139.265,4141.188,4132.539,4134.318,3709
2025-11-25 19:00:00+00:00,4134.36,4140.372,4131.602,4138.294,4726
2025-11-25 19:15:00+00:00,4138.333,4138.857,4128.456,4129.97,4353
2025-11-25 19:30:00+00:00,4129.93,4133.654,4129.063,4132.32,3651
2025-11-25 19:45:00+00:00,4132.331,4134.042,4129.381,4133.761,3485
2025-11-25 20:00:00+00:00,4133.797,4138.431,4133.457,4136.556,3745
2025-11-25 20:15:00+00:00,4136.591,4137.941,4132.1,4132.334,3020
2025-11-25 20:30:00+00:00,4132.351,4136.433,4130.638,4135.334,3071
2025-11-25 20:45:00+00:00,4135.373,4135.465,4130.498,4132.303,3916
2025-11-25 21:00:00+00:00,4132.257,4132.446,4127.629,4131.973,2032
2025-11-25 21:15:00+00:00,4132.009,4132.473,4129.464,4130.29,2510
2025-11-25 21:30:00+00:00,4130.292,4132.491,4129.577,4131.385,986
2025-11-25 21:45:00+00:00,4131.308,4131.627,4129.305,4130.768,1156
2025-11-25 23:00:00+00:00,4132.695,4135.814,4132.207,4133.313,1198
2025-11-25 23:15:00+00:00,4133.3,4137.046,4131.901,4133.31,2226
2025-11-25 23:30:00+00:00,4133.307,4135.638,4129.778,4133.989,2222
2025-11-25 23:45:00+00:00,4134.059,4134.059,4131.176,4133.73,1594
2025-11-26 00:00:00+00:00,4133.808,4139.965,4132.595,4138.602,2559
2025-11-26 00:15:00+00:00,4138.605,4142.803,4137.683,4141.876,2350
2025-11-26 00:30:00+00:00,4141.862,4142.581,4137.797,4139.734,2797
2025-11-26 00:45:00+00:00,4139.742,4144.361,4134.75,4142.69,2946
2025-11-26 01:00:00+00:00,4142.744,4145.872,4138.507,4140.406,5253
2025-11-26 01:15:00+00:00,4140.315,4147.309,4140.315,4144.921,3657
2025-11-26 01:30:00+00:00,4144.893,4151.611,4143.11,4150.429,4227
2025-11-26 01:45:00+00:00,4150.398,4152.909,4148.084,4148.541,3352
2025-11-26 02:00:00+00:00,4148.494,4153.699,4147.303,4150.566,3824
2025-11-26 02:15:00+00:00,4150.508,4164.628,4150.318,4162.473,4642
2025-11-26 02:30:00+00:00,4162.518,4166.459,4158.36,4161.984,6591
2025-11-26 02:45:00+00:00,4161.975,4166.77,4161.444,4161.638,4216
2025-11-26 03:00:00+00:00,4161.631,4169.169,4160.35,4165.408,4042
2025-11-26 03:15:00+00:00,4165.44,4166.08,4163.034,4164.183,2439
2025-11-26 03:30:00+00:00,4164.182,4167.597,4163.096,4165.99,2339
2025-11-26 03:45:00+00:00,4166.037,4169.421,4164.143,4166.104,2502
2025-11-26 04:00:00+00:00,4166.078,4167.081,4159.317,4161.781,2822
2025-11-26 04:15:00+00:00,4161.843,4162.396,4157.017,4157.607,2246
2025-11-26 04:30:00+00:00,4157.633,4161.112,4156.505,4160.349,2483
2025-11-26 04:45:00+00:00,4160.344,4162.832,4157.735,4161.942,2483
2025-11-26 05:00:00+00:00,4161.99,4166.615,4160.761,4166.155,2417
2025-11-26 05:15:00+00:00,4166.189,4168.682,4164.525,4166.777,2765
2025-11-26 05:30:00+00:00,4166.745,4167.591,4160.137,4162.637,4433
2025-11-26 05:45:00+00:00,4162.602,4165.014,4160.763,4162.247,2788
2025-11-26 06:00:00+00:00,4162.225,4162.887,4156.972,4157.571,3601
2025-11-26 06:15:00+00:00,4157.522,4160.184,4152.978,4158.258,4656
2025-11-26 06:30:00+00:00,4158.233,4158.411,4146.598,4151.023,4393
2025-11-26 06:45:00+00:00,4150.963,4154.057,4148.695,4150.128,2627
2025-11-26 07:00:00+00:00,4150.16,4154.776,4149.235,4153.465,3577
2025-11-26 07:15:00+00:00,4153.417,4154.181,4149.915,4151.935,2897
2025-11-26 07:30:00+00:00,4151.993,4156.627,4151.005,4155.288,2716
2025-11-26 07:45:00+00:00,4155.325,4161.461,4154.976,4157.309,3124
2025-11-26 08:00:00+00:00,4157.28,4167.304,4156.736,4165.802,4681
2025-11-26 08:15:00+00:00,4165.745,4168.596,4164.715,4166.733,3440
2025-11-26 08:30:00+00:00,4166.679,4167.298,4155.716,4158.077,4540
2025-11-26 08:45:00+00:00,4158.067,4162.656,4154.696,4161.107,3949
2025-11-26 09:00:00+00:00,4161.115,4164.679,4157.636,4158.42,3246
2025-11-26 09:15:00+00:00,4158.378,4163.211,4156.62,4162.735,3400
2025-11-26 09:30:00+00:00,4162.709,4163.988,4160.003,4160.003,2696
2025-11-26 09:45:00+00:00,4160.056,4162.762,4157.676,4162.745,2933
2025-11-26 10:00:00+00:00,4162.775,4165.183,4161.98,4163.809,3237
2025-11-26 10:15:00+00:00,4163.866,4165.063,4160.22,4163.284,3329
2025-11-26 10:30:00+00:00,4163.296,4163.296,4156.509,4158.232,3862
2025-11-26 10:45:00+00:00,4158.263,4160.649,4156.138,4159.889,2604
2025-11-26 11:00:00+00:00,4159.93,4161.07,4157.763,4159.977,2125
2025-11-26 11:15:00+00:00,4159.939,4164.943,4159.939,4164.849,2316
2025-11-26 11:30:00+00:00,4164.878,4172.648,4164.799,4171.111,3999
2025-11-26 11:45:00+00:00,4171.154,4173.135,4166.129,4171.556,4097
2025-11-26 12:00:00+00:00,4171.577,4173.57,4167.863,4170.988,4251
2025-11-26 12:15:00+00:00,4171.059,4171.111,4159.596,4161.899,4071
2025-11-26 12:30:00+00:00,4161.925,4163.799,4155.654,4158.399,5329
2025-11-26 12:45:00+00:00,4158.368,4158.861,4148.812,4155.187,7106
2025-11-26 13:00:00+00:00,4155.286,4163.828,4153.083,4159.424,5451
2025-11-26 13:15:00+00:00,4159.525,4166.618,4157.468,4165.595,4139
2025-11-26 13:30:00+00:00,4165.54,4165.54,4153.269,4153.946,6899
2025-11-26 13:45:00+00:00,4153.904,4156.767,4149.052,4153.21,5896
2025-11-26 14:00:00+00:00,4153.258,4156.964,4139.824,4147.363,7260
2025-11-26 14:15:00+00:00,4147.312,4149.46,4141.744,4142.159,5273
2025-11-26 14:30:00+00:00,4142.19,4154.291,4141.607,4149.091,9597
2025-11-26 14:45:00+00:00,4149.063,4152.403,4141.992,4142.408,8989
2025-11-26 15:00:00+00:00,4142.214,4152.345,4136.508,4152.137,8543
2025-11-26 15:15:00+00:00,4152.171,4158.191,4152.075,4156.526,6732
2025-11-26 15:30:00+00:00,4156.581,4163.927,4155.621,4162.031,5077
2025-11-26 15:45:00+00:00,4162.117,4165.81,4157.959,4165.246,6108
2025-11-26 16:00:00+00:00,4165.286,4165.822,4160.686,4162.24,5106
2025-11-26 16:15:00+00:00,4162.307,4164.978,4161.718,4162.084,4211
2025-11-26 16:30:00+00:00,4162.028,4168.452,4161.032,4167.348,3978
2025-11-26 16:45:00+00:00,4167.312,4168.204,4164.497,4167.005,4117
2025-11-26 17:00:00+00:00,4167.037,4168.321,4165.091,4165.846,2937
2025-11-26 17:15:00+00:00,4165.817,4169.821,4165.091,4167.712,2958
2025-11-26 17:30:00+00:00,4167.759,4169.016,4165.572,4168.819,3164
2025-11-26 17:45:00+00:00,4168.866,4169.678,4165.779,4167.112,2688
2025-11-26 18:00:00+00:00,4167.155,4171.743,4167.012,4171.114,3416
2025-11-26 18:15:00+00:00,4171.084,4171.298,4166.998,4167.913,3848
2025-11-26 18:30:00+00:00,4167.947,4168.706,4158.429,4159.464,6579
2025-11-26 18:45:00+00:00,4159.382,4165.259,4157.984,4164.612,3098
2025-11-26 19:00:00+00:00,4164.656,4168.845,4164.06,4166.788,2840
2025-11-26 19:15:00+00:00,4166.771,4169.865,4166.158,4167.477,2013
2025-11-26 19:30:00+00:00,4167.44,4168.203,4162.446,4163.569,2624
2025-11-26 19:45:00+00:00,4163.576,4166.063,4162.371,4163.254,2941
2025-11-26 20:00:00+00:00,4163.284,4166.01,4161.324,4164.599,2555
2025-11-26 20:15:00+00:00,4164.528,4167.428,4164.37,4165.253,2121
2025-11-26 20:30:00+00:00,4165.22,4167.496,4163.98,4166.37,2709
2025-11-26 20:45:00+00:00,4166.455,4167.223,4161.701,4164.006,3997
2025-11-26 21:00:00+00:00,4164.045,4164.121,4162.242,4163.482,1486
2025-11-26 21:15:00+00:00,4163.494,4164.979,4162.446,4163.877,1203
2025-11-26 21:30:00+00:00,4163.835,4167.567,4162.765,4164.591,1421
2025-11-26 21:45:00+00:00,4164.605,4165.668,4163.158,4163.971,1410
2025-11-26 23:00:00+00:00,4164.682,4168.944,4164.355,4166.918,1575
2025-11-26 23:15:00+00:00,4166.916,4168.361,4163.593,4164.343,1839
2025-11-26 23:30:00+00:00,4164.404,4165.235,4162.561,4165.019,1807
2025-11-26 23:45:00+00:00,4165.029,4168.03,4164.731,4165.012,1802
2025-11-27 00:00:00+00:00,4164.965,4167.313,4162.337,4165.094,2201
2025-11-27 00:15:00+00:00,4165.165,4167.138,4163.654,4166.132,1374
2025-11-27 00:30:00+00:00,4166.17,4166.949,4164.458,4165.672,1349
2025-11-27 00:45:00+00:00,4165.632,4165.795,4161.935,4164.59,1925
2025-11-27 01:00:00+00:00,4164.569,4165.412,4156.796,4157.594,5045
2025-11-27 01:15:00+00:00,4157.617,4159.172,4148.791,4153.671,6769
2025-11-27 01:30:00+00:00,4153.706,4156.507,4151.607,4152.343,4242
2025-11-27 01:45:00+00:00,4152.332,4154.355,4148.726,4154.274,3640
2025-11-27 02:00:00+00:00,4154.308,4156.211,4150.819,4153.04,3503
2025-11-27 02:15:00+00:00,4152.997,4154.417,4149.507,4152.881,2811
2025-11-27 02:30:00+00:00,4152.908,4154.909,4149.461,4152.977,3320
2025-11-27 02:45:00+00:00,4153.011,4154.886,4144.524,4145.407,4217
2025-11-27 03:00:00+00:00,4145.51,4149.253,4144.145,4148.323,3025
2025-11-27 03:15:00+00:00,4148.369,4150.636,4147.664,4148.174,2144
2025-11-27 03:30:00+00:00,4148.135,4149.814,4146.782,4147.952,2486
2025-11-27 03:45:00+00:00,4147.997,4149.809,4145.853,4147.464,2337
2025-11-27 04:00:00+00:00,4147.42,4147.924,4142.573,4147.307,3020
2025-11-27 04:15:00+00:00,4147.276,4149.783,4146.298,4149.538,1814
2025-11-27 04:30:00+00:00,4149.53,4154.6,4149.517,4152.087,1983
2025-11-27 04:45:00+00:00,4152.113,4154.505,4149.261,4150.899,2641
2025-11-27 05:00:00+00:00,4150.855,4154.643,4150.819,4152.856,1813
2025-11-27 05:15:00+00:00,4152.834,4154.285,4150.578,4152.793,1938
2025-11-27 05:30:00+00:00,4152.722,4153.523,4148.066,4148.224,2953
2025-11-27 05:45:00+00:00,4148.2,4148.922,4144.752,4147.223,2950
2025-11-27 06:00:00+00:00,4147.187,4154.788,4147.108,4153.234,3196
2025-11-27 06:15:00+00:00,4153.265,4157.005,4152.387,4156.79,3063
2025-11-27 06:30:00+00:00,4156.768,4158.121,4153.449,4154.0,3127
2025-11-27 06:45:00+00:00,4153.963,4159.185,4152.818,4157.472,3693
2025-11-27 07:00:00+00:00,4157.447,4161.063,4155.52,4160.94,3218
2025-11-27 07:15:00+00:00,4160.893,4162.262,4158.848,4159.346,4061
2025-11-27 07:30:00+00:00,4159.359,4160.554,4157.452,4158.983,3078
2025-11-27 07:45:00+00:00,4158.967,4160.413,4157.862,4160.011,2629
2025-11-27 08:00:00+00:00,4160.059,4164.56,4159.595,4163.361,3531
2025-11-27 08:15:00+00:00,4163.371,4165.566,4161.722,4164.98,3193
2025-11-27 08:30:00+00:00,4164.987,4166.55,4163.309,4163.472,2546
2025-11-27 08:45:00+00:00,4163.484,4167.181,4163.134,4165.802,2377
2025-11-27 09:00:00+00:00,4165.763,4165.866,4154.288,4155.245,4174
2025-11-27 09:15:00+00:00,4155.226,4157.08,4148.261,4154.834,5078
2025-11-27 09:30:00+00:00,4154.816,4157.783,4153.118,4157.327,2425
2025-11-27 09:45:00+00:00,4157.378,4160.728,4155.653,4158.696,2844
2025-11-27 10:00:00+00:00,4158.73,4160.573,4155.618,4156.153,2873
2025-11-27 10:15:00+00:00,4156.123,4157.019,4152.639,4152.714,2566
2025-11-27 10:30:00+00:00,4152.603,4155.387,4152.348,4153.99,2648
2025-11-27 10:45:00+00:00,4154.001,4157.167,4153.317,4156.479,2352
2025-11-27 11:00:00+00:00,4156.432,4159.584,4155.81,4157.662,2232
2025-11-27 11:15:00+00:00,4157.705,4159.81,4156.387,4158.851,2497
2025-11-27 11:30:00+00:00,4158.865,4162.518,4158.325,4160.86,1888
2025-11-27 11:45:00+00:00,4160.818,4162.176,4157.328,4157.328,1855
2025-11-27 12:00:00+00:00,4157.352,4159.196,4156.045,4157.742,1913
2025-11-27 12:15:00+00:00,4157.806,4158.735,4155.793,4156.801,1560
2025-11-27 12:30:00+00:00,4156.767,4158.591,4154.793,4155.814,1715
2025-11-27 12:45:00+00:00,4155.764,4158.523,4153.517,4154.127,2037
2025-11-27 13:00:00+00:00,4154.152,4154.196,4149.151,4151.225,5286
2025-11-27 13:15:00+00:00,4151.201,4153.791,4149.426,4152.5,3945
2025-11-27 13:30:00+00:00,4152.477,4158.016,4151.945,4155.96,3691
2025-11-27 13:45:00+00:00,4155.992,4156.605,4152.943,4154.976,2709
2025-11-27 14:00:00+00:00,4155.031,4158.804,4153.864,4158.28,2762
2025-11-27 14:15:00+00:00,4158.246,4160.722,4156.99,4157.257,2891
2025-11-27 14:30:00+00:00,4157.301,4159.03,4152.732,4157.267,3391
2025-11-27 14:45:00+00:00,4157.242,4159.068,4152.933,4153.401,3640
2025-11-27 15:00:00+00:00,4153.351,4158.536,4152.988,4157.364,2439
2025-11-27 15:15:00+00:00,4157.401,4161.86,4157.159,4160.947,2378
2025-11-27 15:30:00+00:00,4160.924,4160.956,4158.35,4159.77,1793
2025-11-27 15:45:00+00:00,4159.699,4160.778,4156.98,4158.056,2126
2025-11-27 16:00:00+00:00,4158.005,4158.371,4153.455,4155.507,2524
2025-11-27 16:15:00+00:00,4155.496,4155.865,4151.443,4154.449,1802
2025-11-27 16:30:00+00:00,4154.342,4155.744,4154.112,4155.135,1428
2025-11-27 16:45:00+00:00,4155.148,4157.614,4154.656,4156.378,1485
2025-11-27 17:00:00+00:00,4156.404,4157.342,4154.863,4155.394,1128
2025-11-27 17:15:00+00:00,4155.279,4157.011,4154.702,4156.776,1194
2025-11-27 17:30:00+00:00,4156.679,4158.005,4156.372,4157.455,1209
2025-11-27 17:45:00+00:00,4157.388,4159.179,4157.075,4157.705,1113
2025-11-27 18:00:00+00:00,4157.701,4158.495,4156.247,4156.927,1121
2025-11-27 18:15:00+00:00,4156.919,4157.755,4155.85,4156.282,1098
2025-11-27 18:30:00+00:00,4156.265,4158.07,4156.162,4157.296,783
2025-11-27 18:45:00+00:00,4157.313,4159.767,4157.191,4159.146,894
2025-11-27 19:00:00+00:00,4159.154,4160.37,4159.033,4159.554,886
2025-11-27 19:15:00+00:00,4159.571,4160.021,4157.116,4157.116,936
2025-11-27 23:00:00+00:00,4160.413,4163.061,4158.299,4162.65,1223
2025-11-27 23:15:00+00:00,4162.668,4163.232,4160.988,4162.791,1186
2025-11-27 23:30:00+00:00,4162.723,4163.784,4161.933,4162.706,1025
2025-11-27 23:45:00+00:00,4162.742,4164.05,4162.36,4163.431,1223
2025-11-28 00:00:00+00:00,4163.371,4168.711,4163.119,4167.931,1964
2025-11-28 00:15:00+00:00,4167.939,4171.892,4166.674,4170.689,1927
2025-11-28 00:30:00+00:00,4170.717,4183.447,4170.449,4178.838,7047
2025-11-28 00:45:00+00:00,4178.857,4182.787,4178.122,4180.576,2740
2025-11-28 01:00:00+00:00,4180.526,4191.659,4180.526,4186.364,5707
2025-11-28 01:15:00+00:00,4186.326,4189.952,4183.089,4187.265,3797
2025-11-28 01:30:00+00:00,4187.234,4193.044,4186.085,4192.364,2887
2025-11-28 01:45:00+00:00,4192.363,4192.943,4190.094,4191.08,1818
2025-11-28 02:00:00+00:00,4191.047,4191.211,4187.111,4189.41,2434
2025-11-28 02:15:00+00:00,4189.407,4192.057,4188.564,4189.976,1761
2025-11-28 02:30:00+00:00,4189.96,4190.62,4185.797,4187.823,3048
2025-11-28 02:45:00+00:00,4187.753,4189.87,4187.146,4189.337,1872
2025-11-28 03:00:00+00:00,4189.379,4191.831,4185.774,4187.773,1693
2025-11-28 03:15:00+00:00,4187.82,4188.069,4186.101,4187.961,1079
2025-11-28 03:30:00+00:00,4188.002,4189.185,4183.309,4183.518,1212
2025-11-28 03:45:00+00:00,4183.507,4185.581,4182.769,4184.227,1383
2025-11-28 04:00:00+00:00,4184.232,4187.259,4182.431,4186.338,2119
2025-11-28 04:15:00+00:00,4186.305,4186.668,4178.516,4181.2,2442
2025-11-28 04:30:00+00:00,4181.155,4186.235,4178.81,4185.935,1419
2025-11-28 04:45:00+00:00,4185.928,4188.68,4185.695,4188.383,1035
2025-11-28 05:00:00+00:00,4188.382,4188.862,4155.674,4182.81,3126
2025-11-28 05:15:00+00:00,4182.805,4188.091,4159.294,4185.208,3844
2025-11-28 05:30:00+00:00,4185.162,4185.822,4183.553,4185.035,1512
2025-11-28 05:45:00+00:00,4185.063,4185.735,4182.48,4182.498,1075
2025-11-28 06:00:00+00:00,4182.549,4183.928,4181.712,4183.773,1378
2025-11-28 06:15:00+00:00,4183.697,4185.175,4182.527,4185.05,1379
2025-11-28 06:30:00+00:00,4185.049,4188.266,4184.962,4187.86,860
2025-11-28 06:45:00+00:00,4187.798,4188.684,4187.187,4187.555,1089
2025-11-28 07:00:00+00:00,4187.564,4187.771,4184.603,4185.303,883
2025-11-28 07:15:00+00:00,4185.251,4186.532,4182.17,4182.824,794
2025-11-28 07:30:00+00:00,4182.82,4183.402,4179.346,4179.483,992
2025-11-28 07:45:00+00:00,4179.496,4179.682,4174.252,4174.631,729
2025-11-28 08:00:00+00:00,4174.635,4180.139,4147.529,4168.159,297
2025-11-28 08:45:00+00:00,4164.053,4173.285,4163.847,4168.079,7
2025-11-28 09:00:00+00:00,4168.557,4169.998,4160.091,4161.87,7427
2025-11-28 09:15:00+00:00,4161.941,4165.996,4157.634,4161.294,19736
2025-11-28 09:30:00+00:00,4161.45,4165.784,4160.405,4163.258,13490
2025-11-28 09:45:00+00:00,4163.37,4167.174,4162.846,4166.643,1235
2025-11-28 10:00:00+00:00,4166.652,4174.836,4166.598,4173.241,1233
2025-11-28 10:15:00+00:00,4173.179,4178.416,4167.764,4168.637,1279
2025-11-28 10:30:00+00:00,4168.694,4170.056,4160.879,4165.896,1131
2025-11-28 10:45:00+00:00,4165.912,4170.444,4162.236,4163.866,1195
2025-11-28 11:00:00+00:00,4163.806,4173.756,4162.996,4171.952,1671
2025-11-28 11:15:00+00:00,4171.997,4179.919,4171.559,4174.151,1945
2025-11-28 11:30:00+00:00,4174.197,4177.343,4173.712,4174.512,3196
2025-11-28 11:45:00+00:00,4174.541,4175.928,4171.986,4172.019,2622
2025-11-28 12:00:00+00:00,4171.98,4178.223,4168.712,4176.924,1850
2025-11-28 12:15:00+00:00,4176.92,4177.422,4171.796,4174.755,1265
2025-11-28 12:30:00+00:00,4174.684,4175.454,4173.552,4174.773,726
2025-11-28 12:45:00+00:00,4174.774,4177.464,4173.969,4176.618,1154
2025-11-28 13:00:00+00:00,4176.622,4178.44,4172.237,4173.25,1647
2025-11-28 13:15:00+00:00,4173.253,4174.083,4168.932,4170.567,1774
2025-11-28 13:30:00+00:00,4170.529,4178.096,4169.42,4173.785,2190
2025-11-28 13:45:00+00:00,4173.867,4182.824,4171.993,4182.535,2578
2025-11-28 14:00:00+00:00,4182.571,4191.938,4182.571,4191.808,4722
2025-11-28 14:15:00+00:00,4191.847,4200.048,4190.637,4196.589,5637
2025-11-28 14:30:00+00:00,4196.629,4208.958,4194.942,4199.589,7272
2025-11-28 14:45:00+00:00,4199.35,4202.796,4194.798,4198.201,6045
2025-11-28 15:00:00+00:00,4198.193,4198.979,4185.674,4189.481,6007
2025-11-28 15:15:00+00:00,4189.456,4197.777,4185.959,4197.05,5120
2025-11-28 15:30:00+00:00,4197.003,4198.621,4193.672,4197.473,5014
2025-11-28 15:45:00+00:00,4197.411,4203.974,4196.198,4203.639,4486
2025-11-28 16:00:00+00:00,4203.609,4206.017,4197.534,4199.648,4823
2025-11-28 16:15:00+00:00,4199.549,4210.682,4199.058,4209.483,4252
2025-11-28 16:30:00+00:00,4209.498,4210.802,4202.407,4206.347,4115
2025-11-28 16:45:00+00:00,4206.293,4209.486,4204.951,4206.189,3269
2025-11-28 17:00:00+00:00,4206.213,4211.52,4204.361,4207.125,4231
2025-11-28 17:15:00+00:00,4207.149,4208.825,4205.498,4206.745,3861
2025-11-28 17:30:00+00:00,4206.721,4212.341,4206.203,4211.964,2794
2025-11-28 17:45:00+00:00,4211.978,4216.955,4210.887,4216.919,3200
2025-11-28 18:00:00+00:00,4216.894,4217.362,4211.043,4215.164,4719
2025-11-28 18:15:00+00:00,4215.189,4220.918,4214.682,4220.032,3708
2025-11-28 18:30:00+00:00,4220.067,4226.479,4218.885,4221.709,3950
2025-11-28 18:45:00+00:00,4221.678,4223.552,4219.526,4220.425,1908
2025-11-28 19:00:00+00:00,4220.416,4222.043,4218.713,4219.184,2367
2025-11-28 19:15:00+00:00,4219.16,4219.646,4216.121,4217.795,2195
2025-11-28 19:30:00+00:00,4217.767,4221.274,4216.84,4219.212,2167
2025-11-30 23:00:00+00:00,4219.988,4220.181,4205.826,4217.05,5319
2025-11-30 23:15:00+00:00,4217.05,4224.55,4214.258,4222.054,4260
2025-11-30 23:30:00+00:00,4222.081,4225.289,4219.866,4223.693,3439
2025-11-30 23:45:00+00:00,4223.612,4224.98,4221.933,4221.933,2717
2025-12-01 00:00:00+00:00,4221.906,4224.274,4219.087,4223.014,3259
2025-12-01 00:15:00+00:00,4223.031,4232.582,4218.245,4227.133,3406
2025-12-01 00:30:00+00:00,4227.158,4232.287,4226.524,4231.809,4107
2025-12-01 00:45:00+00:00,4231.84,4233.717,4226.24,4230.861,3708
2025-12-01 01:00:00+00:00,4230.837,4233.504,4219.708,4228.388,10482
2025-12-01 01:15:00+00:00,4228.418,4239.226,4224.482,4238.562,6852
2025-12-01 01:30:00+00:00,4238.667,4243.845,4234.76,4241.272,6891
2025-12-01 01:45:00+00:00,4241.268,4256.15,4236.972,4255.34,6152
2025-12-01 02:00:00+00:00,4255.314,4256.447,4245.518,4248.316,6929
2025-12-01 02:15:00+00:00,4248.341,4248.779,4240.698,4241.264,4457
2025-12-01 02:30:00+00:00,4241.271,4241.663,4234.282,4239.71,7409
2025-12-01 02:45:00+00:00,4239.746,4243.195,4237.604,4242.712,4419
2025-12-01 03:00:00+00:00,4242.715,4243.873,4232.55,4234.301,5340
2025-12-01 03:15:00+00:00,4234.275,4238.101,4232.727,4235.224,4571
2025-12-01 03:30:00+00:00,4235.196,4240.872,4234.859,4238.314,3131
2025-12-01 03:45:00+00:00,4238.305,4239.956,4235.041,4239.35,3431
2025-12-01 04:00:00+00:00,4239.331,4239.356,4236.414,4238.761,2291
2025-12-01 04:15:00+00:00,4238.706,4240.578,4237.688,4239.7,2241
2025-12-01 04:30:00+00:00,4239.727,4243.244,4239.256,4241.901,2577
2025-12-01 04:45:00+00:00,4241.866,4246.989,4241.866,4245.67,2331
2025-12-01 05:00:00+00:00,4245.694,4246.534,4229.351,4232.6,5257
2025-12-01 05:15:00+00:00,4232.606,4233.559,4215.434,4220.227,9185
2025-12-01 05:30:00+00:00,4220.251,4227.581,4217.73,4224.233,5950
2025-12-01 05:45:00+00:00,4224.203,4231.445,4223.463,4229.564,3716
2025-12-01 06:00:00+00:00,4229.592,4233.8,4228.551,4233.129,3796
2025-12-01 06:15:00+00:00,4233.14,4233.497,4226.22,4231.493,3337
2025-12-01 06:30:00+00:00,4231.518,4235.64,4229.881,4235.241,3483
2025-12-01 06:45:00+00:00,4235.267,4240.554,4235.267,4236.985,3346
2025-12-01 07:00:00+00:00,4237.022,4239.426,4233.732,4236.939,3522
2025-12-01 07:15:00+00:00,4236.969,4242.696,4231.888,4240.521,3560
2025-12-01 07:30:00+00:00,4240.548,4243.281,4240.343,4240.371,2524
2025-12-01 07:45:00+00:00,4240.363,4246.442,4238.182,4245.32,3123
2025-12-01 08:00:00+00:00,4245.286,4252.782,4244.731,4250.932,4743
2025-12-01 08:15:00+00:00,4251.012,4253.551,4249.268,4249.508,2828
2025-12-01 08:30:00+00:00,4249.55,4250.044,4241.145,4242.426,3575
2025-12-01 08:45:00+00:00,4242.453,4244.775,4238.457,4244.714,3099
2025-12-01 09:00:00+00:00,4244.746,4249.933,4244.746,4249.389,2973
2025-12-01 09:15:00+00:00,4249.417,4251.701,4246.668,4251.471,2566
2025-12-01 09:30:00+00:00,4251.497,4251.497,4246.677,4247.447,2672
2025-12-01 09:45:00+00:00,4247.517,4250.818,4243.677,4250.002,3003
2025-12-01 10:00:00+00:00,4249.94,4262.278,4249.126,4258.787,3689
2025-12-01 10:15:00+00:00,4258.815,4259.42,4252.478,4253.582,3673
2025-12-01 10:30:00+00:00,4253.554,4254.979,4251.3,4254.418,3150
2025-12-01 10:45:00+00:00,4254.39,4257.835,4253.0,4255.556,3333
2025-12-01 11:00:00+00:00,4255.593,4256.814,4250.743,4251.617,2715
2025-12-01 11:15:00+00:00,4251.671,4255.67,4248.318,4254.396,2826
2025-12-01 11:30:00+00:00,4254.37,4258.42,4251.838,4258.145,2833
2025-12-01 11:45:00+00:00,4258.196,4258.366,4253.264,4254.634,2646
2025-12-01 12:00:00+00:00,4254.639,4256.529,4247.469,4249.028,3725
2025-12-01 12:15:00+00:00,4249.003,4254.247,4247.721,4252.63,3441
2025-12-01 12:30:00+00:00,4252.665,4256.093,4250.574,4252.593,2973
2025-12-01 12:45:00+00:00,4252.596,4252.934,4244.257,4246.508,4880
2025-12-01 13:00:00+00:00,4246.482,4256.404,4245.498,4254.266,5893
2025-12-01 13:15:00+00:00,4254.291,4257.612,4250.007,4256.754,4926
2025-12-01 13:30:00+00:00,4256.715,4264.527,4256.715,4261.861,4780
2025-12-01 13:45:00+00:00,4261.885,4263.189,4247.161,4247.304,5762
2025-12-01 14:00:00+00:00,4247.33,4249.197,4238.591,4247.271,7231
2025-12-01 14:15:00+00:00,4247.246,4249.343,4242.293,4246.613,5220
2025-12-01 14:30:00+00:00,4246.645,4248.031,4219.676,4224.942,13367
2025-12-01 14:45:00+00:00,4225.036,4241.287,4222.965,4240.225,8348
2025-12-01 15:00:00+00:00,4240.185,4245.012,4230.546,4231.455,8019
2025-12-01 15:15:00+00:00,4231.416,4232.023,4219.538,4228.09,11182
2025-12-01 15:30:00+00:00,4228.116,4236.477,4221.909,4229.115,8441
2025-12-01 15:45:00+00:00,4229.09,4233.775,4221.816,4232.544,6506
2025-12-01 16:00:00+00:00,4232.589,4239.887,4231.629,4237.209,6325
2025-12-01 16:15:00+00:00,4237.158,4239.879,4227.066,4239.879,7412
2025-12-01 16:30:00+00:00,4239.907,4240.398,4230.614,4238.934,7329
2025-12-01 16:45:00+00:00,4238.928,4242.325,4224.933,4226.233,9629
2025-12-01 17:00:00+00:00,4226.284,4233.534,4223.127,4229.947,8778
2025-12-01 17:15:00+00:00,4229.933,4236.665,4227.051,4235.576,6397
2025-12-01 17:30:00+00:00,4235.603,4239.803,4235.36,4238.946,4773
2025-12-01 17:45:00+00:00,4239.015,4240.07,4229.96,4232.432,5480
2025-12-01 18:00:00+00:00,4232.474,4238.656,4232.474,4236.466,5880
2025-12-01 18:15:00+00:00,4236.418,4242.049,4235.356,4240.979,5209
2025-12-01 18:30:00+00:00,4241.022,4242.868,4236.208,4242.382,3997
2025-12-01 18:45:00+00:00,4242.404,4244.667,4237.325,4240.227,3420
2025-12-01 19:00:00+00:00,4240.259,4241.737,4236.052,4237.655,4100
2025-12-01 19:15:00+00:00,4237.693,4242.196,4236.532,4241.637,3924
2025-12-01 19:30:00+00:00,4241.599,4243.883,4233.883,4233.883,4376
2025-12-01 19:45:00+00:00,4233.853,4237.069,4229.171,4236.851,6215
2025-12-01 20:00:00+00:00,4236.819,4240.967,4235.062,4238.176,3549
2025-12-01 20:15:00+00:00,4238.148,4239.149,4235.287,4237.606,2985
2025-12-01 20:30:00+00:00,4237.668,4241.568,4235.392,4240.874,3202
2025-12-01 20:45:00+00:00,4240.908,4241.215,4234.426,4237.363,5138
2025-12-01 21:00:00+00:00,4237.325,4238.866,4235.372,4238.266,2342
2025-12-01 21:15:00+00:00,4238.294,4240.665,4237.863,4238.634,1751
2025-12-01 21:30:00+00:00,4238.64,4238.64,4233.062,4233.356,1868
2025-12-01 21:45:00+00:00,4233.353,4234.537,4230.304,4231.914,1586
2025-12-01 23:00:00+00:00,4231.662,4233.906,4229.033,4233.061,3955
2025-12-01 23:15:00+00:00,4233.048,4235.985,4231.517,4235.583,1933
2025-12-01 23:30:00+00:00,4235.58,4235.863,4228.58,4230.747,3115
2025-12-01 23:45:00+00:00,4230.716,4230.716,4224.423,4227.679,3730
2025-12-02 00:00:00+00:00,4227.704,4228.013,4223.519,4227.077,3235
2025-12-02 00:15:00+00:00,4227.107,4227.686,4221.437,4225.11,3332
2025-12-02 00:30:00+00:00,4225.155,4228.735,4224.087,4228.363,3133
2025-12-02 00:45:00+00:00,4228.463,4229.766,4223.45,4226.955,4393
2025-12-02 01:00:00+00:00,4226.844,4227.306,4191.383,4205.351,16739
2025-12-02 01:15:00+00:00,4205.38,4216.081,4204.206,4213.917,9260
2025-12-02 01:30:00+00:00,4213.81,4218.242,4208.24,4210.782,6788
2025-12-02 01:45:00+00:00,4210.809,4221.017,4210.055,4219.611,5147
2025-12-02 02:00:00+00:00,4219.552,4221.478,4215.541,4219.073,5107
2025-12-02 02:15:00+00:00,4219.16,4223.298,4215.858,4217.183,3370
2025-12-02 02:30:00+00:00,4217.129,4221.831,4214.356,4221.478,4804
2025-12-02 02:45:00+00:00,4221.438,4224.628,4219.991,4221.522,3689
2025-12-02 03:00:00+00:00,4221.557,4225.453,4220.596,4223.967,3659
2025-12-02 03:15:00+00:00,4223.876,4226.3,4222.287,4222.746,2953
2025-12-02 03:30:00+00:00,4222.664,4225.474,4220.515,4221.171,2447
2025-12-02 03:45:00+00:00,4221.228,4221.777,4215.702,4216.927,4119
2025-12-02 04:00:00+00:00,4216.813,4220.596,4215.509,4216.712,2519
2025-12-02 04:15:00+00:00,4216.67,4219.056,4215.378,4216.506,2680
2025-12-02 04:30:00+00:00,4216.497,4218.152,4213.586,4217.835,3154
2025-12-02 04:45:00+00:00,4217.865,4218.837,4216.017,4218.768,2057
2025-12-02 05:00:00+00:00,4218.709,4219.847,4215.182,4219.167,3429
2025-12-02 05:15:00+00:00,4219.211,4223.158,4219.102,4221.387,2319
2025-12-02 05:30:00+00:00,4221.333,4223.274,4219.002,4220.303,3486
2025-12-02 05:45:00+00:00,4220.275,4225.441,4219.864,4224.931,3759
2025-12-02 06:00:00+00:00,4224.963,4226.313,4223.721,4223.753,2437
2025-12-02 06:15:00+00:00,4223.723,4224.181,4204.242,4205.631,7162
2025-12-02 06:30:00+00:00,4205.664,4210.456,4203.258,4209.246,5843
2025-12-02 06:45:00+00:00,4209.338,4215.371,4207.703,4212.745,3550
2025-12-02 07:00:00+00:00,4212.719,4214.556,4210.354,4213.699,3373
2025-12-02 07:15:00+00:00,4213.759,4219.34,4213.674,4217.655,3086
2025-12-02 07:30:00+00:00,4217.686,4218.69,4211.379,4211.669,2707
2025-12-02 07:45:00+00:00,4211.623,4214.183,4209.598,4213.307,2702
2025-12-02 08:00:00+00:00,4213.386,4215.42,4207.106,4214.509,3774
2025-12-02 08:15:00+00:00,4214.429,4217.176,4212.198,4214.51,2822
2025-12-02 08:30:00+00:00,4214.469,4216.627,4211.31,4212.384,3243
2025-12-02 08:45:00+00:00,4212.428,4214.374,4209.976,4210.26,3330
2025-12-02 09:00:00+00:00,4210.295,4213.199,4204.868,4207.984,3908
2025-12-02 09:15:00+00:00,4207.95,4208.78,4192.187,4194.686,6039
2025-12-02 09:30:00+00:00,4194.714,4195.961,4180.945,4190.412,7464
2025-12-02 09:45:00+00:00,4190.52,4194.123,4187.682,4191.802,4435
2025-12-02 10:00:00+00:00,4191.792,4192.327,4186.301,4186.868,3272
2025-12-02 10:15:00+00:00,4186.816,4189.167,4182.324,4186.635,4178
2025-12-02 10:30:00+00:00,4186.552,4188.385,4184.362,4187.579,3087
2025-12-02 10:45:00+00:00,4187.567,4189.72,4182.241,4185.714,3817
2025-12-02 11:00:00+00:00,4185.682,4189.605,4184.837,4187.689,2306
2025-12-02 11:15:00+00:00,4187.675,4196.893,4186.872,4196.854,2840
2025-12-02 11:30:00+00:00,4196.884,4200.695,4194.362,4197.756,3326
2025-12-02 11:45:00+00:00,4197.792,4205.861,4196.27,4205.288,2658
2025-12-02 12:00:00+00:00,4205.254,4208.156,4203.984,4205.071,2795
2025-12-02 12:15:00+00:00,4205.09,4207.082,4201.055,4204.464,3089
2025-12-02 12:30:00+00:00,4204.432,4206.489,4202.33,4205.332,2270
2025-12-02 12:45:00+00:00,4205.263,4209.891,4203.87,4208.678,2347
2025-12-02 13:00:00+00:00,4208.68,4215.271,4202.243,4204.958,6457
2025-12-02 13:15:00+00:00,4205.008,4208.818,4202.002,4203.857,5502
2025-12-02 13:30:00+00:00,4203.885,4209.574,4202.966,4205.119,4699
2025-12-02 13:45:00+00:00,4205.23,4212.766,4202.75,4212.283,4140
2025-12-02 14:00:00+00:00,4212.257,4223.927,4212.186,4223.477,7005
2025-12-02 14:15:00+00:00,4223.507,4230.859,4221.955,4227.771,6570
2025-12-02 14:30:00+00:00,4227.796,4229.5,4215.251,4218.077,11966
2025-12-02 14:45:00+00:00,4217.987,4225.814,4214.372,4218.876,11131
2025-12-02 15:00:00+00:00,4218.822,4219.562,4204.478,4206.065,8944
2025-12-02 15:15:00+00:00,4206.037,4208.678,4186.638,4188.043,13412
2025-12-02 15:30:00+00:00,4188.083,4192.109,4179.917,4189.132,12745
2025-12-02 15:45:00+00:00,4189.191,4189.732,4163.545,4169.426,13110
2025-12-02 16:00:00+00:00,4169.474,4178.477,4166.912,4177.338,11591
2025-12-02 16:15:00+00:00,4177.303,4179.663,4171.27,4177.23,8152
2025-12-02 16:30:00+00:00,4177.251,4190.361,4176.885,4186.151,6969
2025-12-02 16:45:00+00:00,4186.091,4188.773,4180.389,4184.688,6604
2025-12-02 17:00:00+00:00,4184.722,4192.172,4184.571,4187.474,6503
2025-12-02 17:15:00+00:00,4187.519,4192.867,4187.168,4191.999,4598
2025-12-02 17:30:00+00:00,4192.045,4196.233,4190.348,4193.031,3889
2025-12-02 17:45:00+00:00,4193.136,4197.053,4193.032,4193.841,3732
2025-12-02 18:00:00+00:00,4193.809,4196.923,4191.124,4192.476,4635
2025-12-02 18:15:00+00:00,4192.437,4195.546,4189.129,4189.473,4650
2025-12-02 18:30:00+00:00,4189.376,4191.228,4183.197,4187.189,4686
2025-12-02 18:45:00+00:00,4187.226,4191.783,4185.832,4190.816,3339
2025-12-02 19:00:00+00:00,4190.761,4198.252,4190.761,4197.04,3507
2025-12-02 19:15:00+00:00,4197.026,4198.346,4194.039,4197.26,2633
2025-12-02 19:30:00+00:00,4197.22,4199.939,4193.655,4195.032,2719
2025-12-02 19:45:00+00:00,4194.972,4200.693,4193.949,4196.52,3463
2025-12-02 20:00:00+00:00,4196.557,4200.049,4194.887,4198.258,3355
2025-12-02 20:15:00+00:00,4198.285,4199.595,4195.797,4198.601,2077
2025-12-02 20:30:00+00:00,4198.672,4212.421,4198.6,4209.915,3910
2025-12-02 20:45:00+00:00,4209.955,4212.321,4207.605,4210.18,3651
2025-12-02 21:00:00+00:00,4210.117,4211.78,4207.747,4209.227,1769
2025-12-02 21:15:00+00:00,4209.155,4211.27,4208.41,4209.994,1340
2025-12-02 21:30:00+00:00,4209.962,4211.604,4209.003,4210.247,1302
2025-12-02 21:45:00+00:00,4210.257,4210.709,4205.442,4205.868,1209
2025-12-02 23:00:00+00:00,4207.69,4213.068,4202.762,4207.855,3102
2025-12-02 23:15:00+00:00,4207.858,4210.884,4207.504,4209.06,3918
2025-12-02 23:30:00+00:00,4209.072,4209.256,4206.551,4208.819,3339
2025-12-02 23:45:00+00:00,4208.844,4216.282,4208.465,4212.876,4745
2025-12-03 00:00:00+00:00,4212.913,4213.019,4207.152,4209.632,4672
2025-12-03 00:15:00+00:00,4209.644,4211.712,4206.017,4207.722,2409
2025-12-03 00:30:00+00:00,4207.684,4211.094,4205.462,4206.679,3269
2025-12-03 00:45:00+00:00,4206.607,4211.806,4204.339,4211.798,4124
2025-12-03 01:00:00+00:00,4211.837,4221.165,4211.538,4216.137,7696
2025-12-03 01:15:00+00:00,4216.19,4219.694,4214.113,4216.916,4818
2025-12-03 01:30:00+00:00,4216.927,4219.004,4213.271,4217.125,5334
2025-12-03 01:45:00+00:00,4217.165,4219.844,4214.04,4214.424,4197
2025-12-03 02:00:00+00:00,4214.376,4224.297,4214.131,4223.78,4831
2025-12-03 02:15:00+00:00,4223.9,4224.424,4219.193,4223.233,3357
2025-12-03 02:30:00+00:00,4223.192,4228.864,4222.474,4225.061,3976
2025-12-03 02:45:00+00:00,4225.108,4228.512,4224.179,4226.543,3267
2025-12-03 03:00:00+00:00,4226.615,4227.597,4220.32,4222.623,2967
2025-12-03 03:15:00+00:00,4222.643,4225.873,4221.214,4225.532,2726
2025-12-03 03:30:00+00:00,4225.56,4226.161,4220.534,4222.722,2473
2025-12-03 03:45:00+00:00,4222.683,4224.134,4220.043,4221.244,2031
2025-12-03 04:00:00+00:00,4221.182,4221.422,4217.285,4220.36,2143
2025-12-03 04:15:00+00:00,4220.327,4224.266,4220.085,4222.582,1489
2025-12-03 04:30:00+00:00,4222.597,4225.428,4222.102,4224.098,1697
2025-12-03 04:45:00+00:00,4224.062,4224.062,4220.131,4222.392,2149
2025-12-03 05:00:00+00:00,4222.287,4223.992,4219.899,4221.009,2086
2025-12-03 05:15:00+00:00,4220.99,4222.138,4218.798,4220.361,2409
2025-12-03 05:30:00+00:00,4220.398,4220.965,4205.748,4207.386,8607
2025-12-03 05:45:00+00:00,4207.413,4209.906,4203.227,4207.838,7202
2025-12-03 06:00:00+00:00,4207.782,4209.944,4206.124,4207.804,4641
2025-12-03 06:15:00+00:00,4207.801,4211.889,4206.713,4209.021,4267
2025-12-03 06:30:00+00:00,4208.987,4209.861,4204.707,4206.725,4435
2025-12-03 06:45:00+00:00,4206.752,4210.108,4205.342,4208.176,3882
2025-12-03 07:00:00+00:00,4208.216,4210.259,4206.042,4206.208,3436
2025-12-03 07:15:00+00:00,4206.144,4208.371,4202.164,4202.449,3969
2025-12-03 07:30:00+00:00,4202.507,4207.366,4199.959,4205.984,4016
2025-12-03 07:45:00+00:00,4206.074,4207.853,4203.065,4206.45,3470
2025-12-03 08:00:00+00:00,4206.496,4208.193,4204.934,4206.895,4384
2025-12-03 08:15:00+00:00,4206.833,4207.547,4203.699,4206.337,3311
2025-12-03 08:30:00+00:00,4206.325,4210.304,4204.144,4208.876,3572
2025-12-03 08:45:00+00:00,4208.92,4209.597,4206.221,4206.42,3023
2025-12-03 09:00:00+00:00,4206.449,4207.538,4196.979,4199.798,4808
2025-12-03 09:15:00+00:00,4199.845,4202.84,4198.921,4199.92,3279
2025-12-03 09:30:00+00:00,4199.858,4202.188,4199.843,4201.441,2357
2025-12-03 09:45:00+00:00,4201.405,4202.315,4199.95,4202.038,2287
2025-12-03 10:00:00+00:00,4201.996,4202.622,4195.104,4195.298,3458
2025-12-03 10:15:00+00:00,4195.334,4204.828,4194.48,4203.021,3207
2025-12-03 10:30:00+00:00,4203.051,4204.018,4198.574,4201.317,3909
2025-12-03 10:45:00+00:00,4201.334,4201.633,4197.791,4200.539,2693
2025-12-03 11:00:00+00:00,4200.497,4200.823,4196.981,4199.441,2603
2025-12-03 11:15:00+00:00,4199.528,4205.737,4199.026,4205.221,2286
2025-12-03 11:30:00+00:00,4205.221,4207.215,4202.596,4203.884,2704
2025-12-03 11:45:00+00:00,4203.892,4209.207,4203.069,4208.564,2816
2025-12-03 12:00:00+00:00,4208.537,4210.577,4205.846,4207.589,2832
2025-12-03 12:15:00+00:00,4207.625,4209.776,4205.093,4208.118,2898
2025-12-03 12:30:00+00:00,4208.164,4214.321,4207.661,4214.152,2943
2025-12-03 12:45:00+00:00,4214.145,4214.33,4210.652,4213.546,2640
2025-12-03 13:00:00+00:00,4213.578,4216.87,4211.474,4211.479,4843
2025-12-03 13:15:00+00:00,4211.353,4223.044,4211.353,4220.41,7036
2025-12-03 13:30:00+00:00,4220.494,4225.679,4216.738,4223.502,4908
2025-12-03 13:45:00+00:00,4223.435,4238.818,4222.27,4237.157,6414
2025-12-03 14:00:00+00:00,4237.256,4240.735,4218.564,4226.561,13991
2025-12-03 14:15:00+00:00,4226.711,4230.793,4221.254,4224.519,6744
2025-12-03 14:30:00+00:00,4224.484,4241.579,4223.444,4226.966,13191
2025-12-03 14:45:00+00:00,4227.177,4227.223,4205.165,4212.529,13963
2025-12-03 15:00:00+00:00,4212.56,4219.478,4206.145,4217.647,9381
2025-12-03 15:15:00+00:00,4217.7,4224.49,4216.456,4221.79,5888
2025-12-03 15:30:00+00:00,4221.661,4229.466,4220.912,4227.325,5395
2025-12-03 15:45:00+00:00,4227.299,4228.078,4214.14,4216.342,7390
2025-12-03 16:00:00+00:00,4216.307,4222.111,4214.137,4219.476,6235
2025-12-03 16:15:00+00:00,4219.412,4219.475,4212.42,4218.983,5333
2025-12-03 16:30:00+00:00,4219.082,4224.964,4218.256,4220.483,5132
2025-12-03 16:45:00+00:00,4220.454,4220.975,4195.758,4200.811,10821
2025-12-03 17:00:00+00:00,4200.786,4212.511,4200.24,4210.928,6636
2025-12-03 17:15:00+00:00,4211.011,4213.211,4207.586,4209.034,4203
2025-12-03 17:30:00+00:00,4208.996,4215.431,4207.933,4212.597,4102
2025-12-03 17:45:00+00:00,4212.613,4214.575,4208.243,4210.972,4101
2025-12-03 18:00:00+00:00,4211.075,4211.566,4202.006,4204.659,5591
2025-12-03 18:15:00+00:00,4204.696,4206.387,4198.559,4201.739,6465
2025-12-03 18:30:00+00:00,4201.793,4206.704,4200.183,4204.978,4637
2025-12-03 18:45:00+00:00,4204.928,4205.695,4195.226,4196.986,4190
2025-12-03 19:00:00+00:00,4197.017,4203.771,4196.957,4201.148,3842
2025-12-03 19:15:00+00:00,4201.113,4206.925,4200.953,4205.986,2990
2025-12-03 19:30:00+00:00,4206.028,4209.997,4204.869,4208.891,2509
2025-12-03 19:45:00+00:00,4208.917,4209.934,4207.712,4207.872,2248
2025-12-03 20:00:00+00:00,4207.83,4212.748,4207.51,4211.208,2505
2025-12-03 20:15:00+00:00,4211.231,4211.48,4208.183,4210.104,1965
2025-12-03 20:30:00+00:00,4210.095,4211.051,4207.767,4208.632,2500
2025-12-03 20:45:00+00:00,4208.663,4208.949,4203.599,4206.143,3788
2025-12-03 21:00:00+00:00,4206.111,4210.125,4205.944,4209.794,2823
2025-12-03 21:15:00+00:00,4209.836,4209.936,4206.391,4206.919,1838
2025-12-03 21:30:00+00:00,4206.987,4209.714,4206.823,4209.548,1260
2025-12-03 21:45:00+00:00,4209.528,4209.528,4202.716,4202.718,1314
2025-12-03 23:00:00+00:00,4205.117,4207.624,4204.442,4206.494,1841
2025-12-03 23:15:00+00:00,4206.44,4209.001,4206.187,4206.853,1763
2025-12-03 23:30:00+00:00,4206.895,4207.365,4203.814,4206.2,2118
2025-12-03 23:45:00+00:00,4206.16,4207.426,4202.395,4207.165,2281
2025-12-04 00:00:00+00:00,4207.102,4210.528,4204.346,4207.644,2690
2025-12-04 00:15:00+00:00,4207.649,4212.785,4206.368,4211.863,2251
2025-12-04 00:30:00+00:00,4211.776,4215.847,4211.019,4213.509,2915
2025-12-04 00:45:00+00:00,4213.511,4213.846,4209.368,4211.619,2255
2025-12-04 01:00:00+00:00,4211.594,4214.015,4205.753,4213.602,6202
2025-12-04 01:15:00+00:00,4213.636,4214.632,4210.315,4213.204,5134
2025-12-04 01:30:00+00:00,4213.232,4214.97,4210.926,4214.728,3856
2025-12-04 01:45:00+00:00,4214.752,4216.842,4207.487,4209.157,4273
2025-12-04 02:00:00+00:00,4209.105,4209.228,4198.855,4204.835,4948
2025-12-04 02:15:00+00:00,4204.79,4206.702,4202.597,4206.026,2382
2025-12-04 02:30:00+00:00,4206.068,4207.541,4201.268,4201.541,4477
2025-12-04 02:45:00+00:00,4201.591,4204.486,4199.834,4200.51,3713
2025-12-04 03:00:00+00:00,4200.555,4201.642,4187.215,4193.211,6554
2025-12-04 03:15:00+00:00,4193.167,4196.132,4191.777,4193.2,4126
2025-12-04 03:30:00+00:00,4193.287,4197.07,4190.066,4196.965,2883
2025-12-04 03:45:00+00:00,4197.006,4197.912,4193.675,4195.851,2256
2025-12-04 04:00:00+00:00,4195.762,4197.499,4192.791,4197.12,2420
2025-12-04 04:15:00+00:00,4197.118,4199.107,4195.482,4198.4,1888
2025-12-04 04:30:00+00:00,4198.343,4198.626,4196.7,4197.204,1763
2025-12-04 04:45:00+00:00,4197.176,4197.671,4194.44,4196.945,2280
2025-12-04 05:00:00+00:00,4196.896,4197.928,4194.29,4194.29,1925
2025-12-04 05:15:00+00:00,4194.327,4197.454,4189.489,4197.029,3092
2025-12-04 05:30:00+00:00,4197.076,4199.05,4180.873,4184.174,8062
2025-12-04 05:45:00+00:00,4184.219,4185.656,4174.834,4181.075,7590
2025-12-04 06:00:00+00:00,4181.052,4185.688,4179.147,4180.475,6242
2025-12-04 06:15:00+00:00,4180.429,4185.765,4178.49,4183.027,6659
2025-12-04 06:30:00+00:00,4182.914,4189.337,4182.458,4188.926,4509
2025-12-04 06:45:00+00:00,4188.892,4190.232,4186.933,4190.118,3131
2025-12-04 07:00:00+00:00,4190.099,4192.427,4186.67,4192.427,3922
2025-12-04 07:15:00+00:00,4192.454,4194.956,4188.807,4189.335,3095
2025-12-04 07:30:00+00:00,4189.258,4191.924,4188.739,4189.695,2655
2025-12-04 07:45:00+00:00,4189.667,4193.826,4186.434,4193.744,3580
2025-12-04 08:00:00+00:00,4193.713,4195.736,4189.928,4191.276,4407
2025-12-04 08:15:00+00:00,4191.233,4196.354,4191.02,4192.884,4308
2025-12-04 08:30:00+00:00,4192.916,4194.523,4190.838,4190.838,3700
2025-12-04 08:45:00+00:00,4190.866,4192.454,4184.733,4184.798,3957
2025-12-04 09:00:00+00:00,4184.823,4191.476,4183.694,4189.298,4994
2025-12-04 09:15:00+00:00,4189.326,4192.085,4187.596,4191.459,3940
2025-12-04 09:30:00+00:00,4191.317,4197.889,4190.689,4196.759,2375
2025-12-04 09:45:00+00:00,4196.743,4202.315,4196.198,4199.883,3315
2025-12-04 10:00:00+00:00,4199.814,4202.687,4199.023,4199.58,2365
2025-12-04 10:15:00+00:00,4199.605,4202.222,4198.403,4199.251,3295
2025-12-04 10:30:00+00:00,4199.276,4201.661,4197.95,4201.133,2652
2025-12-04 10:45:00+00:00,4201.131,4201.915,4196.581,4197.31,2413
2025-12-04 11:00:00+00:00,4197.285,4206.525,4197.282,4202.335,3543
2025-12-04 11:15:00+00:00,4202.339,4204.04,4197.187,4199.195,2615
2025-12-04 11:30:00+00:00,4199.222,4202.067,4197.952,4200.211,1887
2025-12-04 11:45:00+00:00,4200.199,4200.743,4197.249,4198.58,2124
2025-12-04 12:00:00+00:00,4198.625,4201.793,4193.509,4200.806,3170
2025-12-04 12:15:00+00:00,4200.83,4201.42,4192.966,4194.379,2891
2025-12-04 12:30:00+00:00,4194.346,4194.346,4188.716,4192.723,3958
2025-12-04 12:45:00+00:00,4192.748,4193.409,4188.818,4190.506,3822
2025-12-04 13:00:00+00:00,4190.466,4192.499,4185.475,4187.481,7020
2025-12-04 13:15:00+00:00,4187.456,4196.889,4185.68,4195.996,4916
2025-12-04 13:30:00+00:00,4195.969,4196.057,4187.338,4191.803,5752
2025-12-04 13:45:00+00:00,4191.829,4198.351,4188.359,4198.301,4890
2025-12-04 14:00:00+00:00,4198.271,4206.291,4198.223,4204.759,5007
2025-12-04 14:15:00+00:00,4204.787,4210.273,4202.562,4208.1,4605
2025-12-04 14:30:00+00:00,4208.124,4213.586,4193.633,4199.726,12570
2025-12-04 14:45:00+00:00,4199.699,4208.215,4196.891,4201.428,10455
2025-12-04 15:00:00+00:00,4201.453,4203.159,4191.293,4202.606,10180
2025-12-04 15:15:00+00:00,4202.665,4206.297,4200.858,4205.949,7039
2025-12-04 15:30:00+00:00,4206.046,4210.252,4204.609,4206.455,5564
2025-12-04 15:45:00+00:00,4206.485,4208.571,4202.638,4207.52,5407
2025-12-04 16:00:00+00:00,4207.493,4215.313,4206.674,4210.523,5908
2025-12-04 16:15:00+00:00,4210.571,4219.462,4209.888,4216.203,4700
2025-12-04 16:30:00+00:00,4216.179,4216.679,4207.432,4211.013,5137
2025-12-04 16:45:00+00:00,4211.067,4216.742,4210.187,4215.711,3731
2025-12-04 17:00:00+00:00,4215.741,4216.895,4209.331,4211.213,4179
2025-12-04 17:15:00+00:00,4211.211,4213.552,4208.969,4211.057,3038
2025-12-04 17:30:00+00:00,4211.084,4214.195,4209.579,4213.524,2568
2025-12-04 17:45:00+00:00,4213.452,4217.58,4213.452,4216.473,2975
2025-12-04 18:00:00+00:00,4216.448,4217.448,4210.139,4213.765,3983
2025-12-04 18:15:00+00:00,4213.79,4215.232,4211.869,4212.85,3293
2025-12-04 18:30:00+00:00,4212.878,4212.929,4209.73,4211.278,2907
2025-12-04 18:45:00+00:00,4211.293,4212.175,4207.394,4208.018,2648
2025-12-04 19:00:00+00:00,4208.007,4209.81,4199.599,4203.729,4738
2025-12-04 19:15:00+00:00,4203.659,4206.534,4200.866,4205.079,4134
2025-12-04 19:30:00+00:00,4205.054,4210.186,4204.311,4208.253,2845
2025-12-04 19:45:00+00:00,4208.251,4209.192,4206.066,4208.915,2789
2025-12-04 20:00:00+00:00,4208.908,4208.908,4206.622,4207.381,2553
2025-12-04 20:15:00+00:00,4207.371,4209.84,4206.053,4207.548,2189
2025-12-04 20:30:00+00:00,4207.534,4207.776,4205.441,4206.921,1830
2025-12-04 20:45:00+00:00,4206.924,4210.309,4206.893,4209.893,2600
2025-12-04 21:00:00+00:00,4209.834,4210.21,4208.522,4209.354,1088
2025-12-04 21:15:00+00:00,4209.432,4209.432,4208.009,4208.641,883
2025-12-04 21:30:00+00:00,4208.632,4209.734,4208.083,4209.634,928
2025-12-04 21:45:00+00:00,4209.609,4210.32,4207.896,4208.601,1022
2025-12-04 23:00:00+00:00,4208.515,4209.754,4207.205,4208.028,1453
2025-12-04 23:15:00+00:00,4208.009,4209.475,4206.88,4207.929,1560
2025-12-04 23:30:00+00:00,4208.022,4208.845,4203.865,4206.106,2734
2025-12-04 23:45:00+00:00,4206.065,4206.527,4203.954,4206.079,2236
2025-12-05 00:00:00+00:00,4206.077,4209.103,4204.186,4208.444,1955
2025-12-05 00:15:00+00:00,4208.433,4210.526,4204.893,4205.798,2339
2025-12-05 00:30:00+00:00,4205.87,4205.884,4202.812,4204.865,2486
2025-12-05 00:45:00+00:00,4204.873,4205.303,4201.195,4201.691,2328
2025-12-05 01:00:00+00:00,4201.666,4204.381,4194.99,4197.148,4967
2025-12-05 01:15:00+00:00,4197.171,4200.681,4194.824,4199.642,4120
2025-12-05 01:30:00+00:00,4199.613,4202.385,4197.392,4198.43,3783
2025-12-05 01:45:00+00:00,4198.406,4203.933,4197.943,4203.108,3418
2025-12-05 02:00:00+00:00,4203.016,4204.764,4200.151,4201.838,3159
2025-12-05 02:15:00+00:00,4201.834,4202.148,4196.76,4197.821,2546
2025-12-05 02:30:00+00:00,4197.72,4204.56,4196.713,4204.469,3361
2025-12-05 02:45:00+00:00,4204.5,4208.341,4204.5,4207.306,3409
2025-12-05 03:00:00+00:00,4207.33,4208.859,4201.826,4203.03,3048
2025-12-05 03:15:00+00:00,4202.996,4204.783,4202.243,4203.209,2231
2025-12-05 03:30:00+00:00,4203.227,4209.244,4202.404,4209.244,1967
2025-12-05 03:45:00+00:00,4209.207,4210.953,4206.975,4209.557,3278
2025-12-05 04:00:00+00:00,4209.544,4214.353,4207.82,4213.65,2762
2025-12-05 04:15:00+00:00,4213.64,4213.664,4211.416,4212.468,2237
2025-12-05 04:30:00+00:00,4212.428,4216.077,4212.428,4214.013,1857
2025-12-05 04:45:00+00:00,4214.094,4217.396,4213.339,4216.749,1947
2025-12-05 05:00:00+00:00,4216.707,4218.404,4215.436,4216.223,2086
2025-12-05 05:15:00+00:00,4216.226,4219.95,4214.304,4219.551,1980
2025-12-05 05:30:00+00:00,4219.524,4221.361,4217.775,4220.143,3899
2025-12-05 05:45:00+00:00,4220.125,4220.946,4218.964,4220.533,3057
2025-12-05 06:00:00+00:00,4220.436,4228.553,4218.605,4225.578,4362
2025-12-05 06:15:00+00:00,4225.553,4229.329,4224.659,4227.726,4157
2025-12-05 06:30:00+00:00,4227.699,4228.976,4223.822,4225.118,3964
2025-12-05 06:45:00+00:00,4225.102,4226.165,4223.688,4224.483,2436
2025-12-05 07:00:00+00:00,4224.509,4230.524,4224.479,4227.379,2166
2025-12-05 07:15:00+00:00,4227.412,4230.69,4226.3,4230.081,2554
2025-12-05 07:30:00+00:00,4230.081,4230.129,4224.42,4224.701,2706
2025-12-05 07:45:00+00:00,4224.711,4225.973,4222.519,4224.435,2274
2025-12-05 08:00:00+00:00,4224.409,4227.066,4221.851,4223.065,2981
2025-12-05 08:15:00+00:00,4223.053,4226.517,4222.58,4222.869,2138
2025-12-05 08:30:00+00:00,4222.968,4225.779,4220.806,4223.346,2555
2025-12-05 08:45:00+00:00,4223.373,4224.606,4220.518,4220.598,2272
2025-12-05 09:00:00+00:00,4220.572,4222.268,4217.423,4218.538,3431
2025-12-05 09:15:00+00:00,4218.569,4221.918,4215.939,4221.17,2785
2025-12-05 09:30:00+00:00,4221.078,4224.735,4219.544,4224.013,2077
2025-12-05 09:45:00+00:00,4224.034,4225.054,4223.181,4223.296,1435
2025-12-05 10:00:00+00:00,4223.296,4226.172,4223.151,4224.131,1452
2025-12-05 10:15:00+00:00,4224.102,4227.553,4223.172,4223.989,1923
2025-12-05 10:30:00+00:00,4224.043,4225.404,4223.387,4224.458,1821
2025-12-05 10:45:00+00:00,4224.452,4224.901,4222.51,4222.918,1447
2025-12-05 11:00:00+00:00,4222.88,4224.38,4219.954,4224.174,1674
2025-12-05 11:15:00+00:00,4224.136,4225.671,4220.997,4221.283,1710
2025-12-05 11:30:00+00:00,4221.25,4224.228,4220.478,4222.999,2079
2025-12-05 11:45:00+00:00,4223.008,4223.87,4221.567,4223.693,1506
2025-12-05 12:00:00+00:00,4223.718,4229.697,4223.007,4225.747,3150
2025-12-05 12:15:00+00:00,4225.708,4229.538,4223.927,4224.524,2792
2025-12-05 12:30:00+00:00,4224.566,4225.809,4222.862,4225.45,2028
2025-12-05 12:45:00+00:00,4225.541,4229.604,4224.439,4228.696,2104
2025-12-05 13:00:00+00:00,4228.675,4233.429,4221.524,4228.105,6620
2025-12-05 13:15:00+00:00,4228.145,4235.026,4225.688,4232.805,4723
2025-12-05 13:30:00+00:00,4232.834,4239.034,4231.13,4233.784,5921
2025-12-05 13:45:00+00:00,4233.725,4237.613,4229.94,4234.61,4878
2025-12-05 14:00:00+00:00,4234.574,4239.557,4232.253,4237.355,4441
2025-12-05 14:15:00+00:00,4237.397,4237.577,4230.305,4231.746,4549
2025-12-05 14:30:00+00:00,4231.77,4236.835,4228.277,4236.122,9302
2025-12-05 14:45:00+00:00,4236.136,4245.67,4234.914,4241.997,6801
2025-12-05 15:00:00+00:00,4242.239,4244.223,4234.174,4239.587,7412
2025-12-05 15:15:00+00:00,4239.652,4249.116,4238.008,4248.678,5935
2025-12-05 15:30:00+00:00,4248.645,4259.24,4246.228,4253.927,6660
2025-12-05 15:45:00+00:00,4253.873,4255.038,4237.714,4243.48,9986
2025-12-05 16:00:00+00:00,4243.536,4245.713,4202.967,4203.443,19083
2025-12-05 16:15:00+00:00,4203.483,4218.25,4198.651,4216.598,17291
2025-12-05 16:30:00+00:00,4216.571,4217.104,4207.749,4210.835,11224
2025-12-05 16:45:00+00:00,4210.861,4217.632,4207.541,4214.239,7121
2025-12-05 17:00:00+00:00,4214.196,4218.37,4210.397,4215.068,6498
2025-12-05 17:15:00+00:00,4215.011,4218.05,4213.177,4216.833,4333
2025-12-05 17:30:00+00:00,4216.872,4219.945,4206.266,4214.242,6842
2025-12-05 17:45:00+00:00,4214.267,4218.738,4212.819,4217.463,3725
2025-12-05 18:00:00+00:00,4217.434,4218.736,4214.938,4217.803,3336
2025-12-05 18:15:00+00:00,4217.902,4219.239,4210.11,4212.572,5611
2025-12-05 18:30:00+00:00,4212.606,4215.761,4209.299,4211.886,4151
2025-12-05 18:45:00+00:00,4211.911,4213.552,4206.699,4208.833,3722
2025-12-05 19:00:00+00:00,4208.869,4210.843,4203.691,4208.556,4629
2025-12-05 19:15:00+00:00,4208.466,4209.809,4205.37,4209.36,3032
2025-12-05 19:30:00+00:00,4209.408,4210.324,4204.158,4205.842,2741
2025-12-05 19:45:00+00:00,4205.794,4208.774,4202.286,4207.649,2392
2025-12-05 20:00:00+00:00,4207.69,4207.844,4202.912,4204.794,2815
2025-12-05 20:15:00+00:00,4204.719,4206.817,4202.795,4202.896,2691
2025-12-05 20:30:00+00:00,4202.938,4205.37,4199.822,4201.14,6200
2025-12-05 20:45:00+00:00,4201.096,4202.802,4199.29,4202.237,12269
2025-12-05 21:00:00+00:00,4202.279,4202.668,4199.907,4200.429,6757
2025-12-05 21:15:00+00:00,4200.415,4200.558,4191.863,4197.034,2383
2025-12-05 21:30:00+00:00,4197.064,4197.064,4193.744,4194.39,2034
2025-12-05 21:45:00+00:00,4194.405,4199.052,4194.04,4198.522,2243
2025-12-07 23:00:00+00:00,4202.426,4205.142,4191.952,4197.106,334
2025-12-07 23:15:00+00:00,4197.065,4208.658,4190.004,4199.288,101
2025-12-07 23:45:00+00:00,4200.674,4202.736,4199.409,4201.389,1748
2025-12-08 00:00:00+00:00,4201.433,4207.964,4199.461,4206.046,2906
2025-12-08 00:15:00+00:00,4206.048,4207.735,4202.917,4205.836,2015
2025-12-08 00:30:00+00:00,4205.835,4210.313,4204.772,4209.581,2313
2025-12-08 00:45:00+00:00,4209.549,4211.652,4208.381,4210.843,1866
2025-12-08 01:00:00+00:00,4210.919,4211.902,4201.221,4205.939,7099
2025-12-08 01:15:00+00:00,4205.939,4210.622,4204.417,4208.106,3883
2025-12-08 01:30:00+00:00,4208.062,4209.745,4205.237,4206.662,4007
2025-12-08 01:45:00+00:00,4206.705,4208.353,4197.543,4201.123,5065
2025-12-08 02:00:00+00:00,4201.082,4202.162,4198.535,4200.465,3532
2025-12-08 02:15:00+00:00,4200.413,4203.537,4199.082,4203.251,2156
2025-12-08 02:30:00+00:00,4203.242,4208.827,4199.306,4206.47,4626
2025-12-08 02:45:00+00:00,4206.502,4212.43,4206.48,4208.514,2895
2025-12-08 03:00:00+00:00,4208.462,4210.232,4206.841,4209.944,2558
2025-12-08 03:15:00+00:00,4209.919,4213.39,4207.788,4209.862,2391
2025-12-08 03:30:00+00:00,4209.91,4211.806,4207.071,4207.888,2164
2025-12-08 03:45:00+00:00,4207.845,4210.426,4206.718,4210.008,1545
2025-12-08 04:00:00+00:00,4210.029,4210.398,4208.542,4209.474,1285
2025-12-08 04:15:00+00:00,4209.485,4212.078,4208.851,4209.528,1327
2025-12-08 04:30:00+00:00,4209.492,4213.259,4209.467,4210.518,1432
2025-12-08 04:45:00+00:00,4210.559,4211.13,4206.914,4208.501,1473
2025-12-08 05:00:00+00:00,4208.555,4209.531,4207.677,4209.027,1534
2025-12-08 05:15:00+00:00,4209.023,4209.391,4204.603,4206.33,1945
2025-12-08 05:30:00+00:00,4206.402,4215.947,4206.402,4214.86,3481
2025-12-08 05:45:00+00:00,4214.855,4217.255,4212.635,4217.009,2232
2025-12-08 06:00:00+00:00,4217.045,4218.482,4212.237,4215.202,2969
2025-12-08 06:15:00+00:00,4215.249,4218.058,4213.794,4216.506,2288
2025-12-08 06:30:00+00:00,4216.476,4218.963,4215.041,4217.002,2573
2025-12-08 06:45:00+00:00,4216.954,4218.023,4215.12,4217.001,1971
2025-12-08 07:00:00+00:00,4217.044,4217.39,4212.571,4214.657,2319
2025-12-08 07:15:00+00:00,4214.682,4216.034,4212.829,4213.874,2418
2025-12-08 07:30:00+00:00,4213.888,4216.286,4210.066,4210.066,2346
2025-12-08 07:45:00+00:00,4210.015,4211.018,4206.269,4206.864,2929
2025-12-08 08:00:00+00:00,4206.863,4212.802,4203.134,4211.532,3252
2025-12-08 08:15:00+00:00,4211.621,4216.531,4209.299,4209.299,2547
2025-12-08 08:30:00+00:00,4209.268,4210.622,4205.062,4208.952,3008
2025-12-08 08:45:00+00:00,4208.951,4212.04,4207.091,4209.883,2568
2025-12-08 09:00:00+00:00,4209.772,4210.705,4204.09,4209.063,3190
2025-12-08 09:15:00+00:00,4209.081,4210.827,4206.05,4210.578,1918
2025-12-08 09:30:00+00:00,4210.629,4211.565,4206.106,4207.97,2304
2025-12-08 09:45:00+00:00,4207.889,4212.723,4206.378,4207.989,2167
2025-12-08 10:00:00+00:00,4207.958,4210.271,4207.661,4209.297,1505
2025-12-08 10:15:00+00:00,4209.336,4209.944,4205.544,4205.899,1856
2025-12-08 10:30:00+00:00,4205.957,4208.24,4200.935,4206.306,2924
2025-12-08 10:45:00+00:00,4206.362,4206.76,4202.798,4203.561,2291
2025-12-08 11:00:00+00:00,4203.515,4204.576,4199.694,4203.353,2145
2025-12-08 11:15:00+00:00,4203.357,4209.625,4202.07,4209.509,2079
2025-12-08 11:30:00+00:00,4209.47,4214.035,4208.791,4213.327,2220
2025-12-08 11:45:00+00:00,4213.366,4213.646,4208.383,4208.427,2145
2025-12-08 12:00:00+00:00,4208.391,4212.961,4208.378,4212.318,2176
2025-12-08 12:15:00+00:00,4212.389,4212.645,4209.403,4211.625,1827
2025-12-08 12:30:00+00:00,4211.662,4213.644,4210.837,4212.479,1961
2025-12-08 12:45:00+00:00,4212.417,4215.564,4211.004,4213.767,2190
2025-12-08 13:00:00+00:00,4213.81,4214.768,4205.577,4210.594,5437
2025-12-08 13:15:00+00:00,4210.621,4211.027,4202.407,4203.113,5122
2025-12-08 13:30:00+00:00,4203.105,4204.883,4200.462,4202.764,4595
2025-12-08 13:45:00+00:00,4202.796,4206.408,4197.623,4201.653,4486
2025-12-08 14:00:00+00:00,4201.639,4210.142,4197.348,4209.644,4069
2025-12-08 14:15:00+00:00,4209.618,4211.599,4207.713,4208.82,3000
2025-12-08 14:30:00+00:00,4208.875,4210.963,4198.239,4198.344,7306
2025-12-08 14:45:00+00:00,4198.387,4210.889,4195.474,4196.711,9830
2025-12-08 15:00:00+00:00,4196.74,4196.89,4177.128,4178.278,12079
2025-12-08 15:15:00+00:00,4178.307,4193.237,4176.137,4191.934,7236
2025-12-08 15:30:00+00:00,4191.966,4193.239,4185.601,4186.79,4830
2025-12-08 15:45:00+00:00,4186.883,4190.234,4182.008,4182.914,4735
2025-12-08 16:00:00+00:00,4182.891,4183.906,4177.147,4183.906,5141
2025-12-08 16:15:00+00:00,4183.928,4196.147,4182.675,4194.905,4136
2025-12-08 16:30:00+00:00,4194.874,4197.891,4192.902,4193.582,4351
2025-12-08 16:45:00+00:00,4193.59,4195.25,4187.89,4191.592,3292
2025-12-08 17:00:00+00:00,4191.629,4191.844,4185.559,4187.079,3169
2025-12-08 17:15:00+00:00,4187.123,4191.956,4186.587,4191.933,2502
2025-12-08 17:30:00+00:00,4192.018,4194.277,4188.768,4188.81,2552
2025-12-08 17:45:00+00:00,4188.831,4195.589,4187.946,4194.81,2531
2025-12-08 18:00:00+00:00,4194.849,4195.64,4188.731,4189.566,2734
2025-12-08 18:15:00+00:00,4189.56,4190.499,4187.095,4188.726,2590
2025-12-08 18:30:00+00:00,4188.699,4191.699,4186.952,4189.848,2602
2025-12-08 18:45:00+00:00,4189.867,4192.252,4184.509,4187.271,2405
2025-12-08 19:00:00+00:00,4187.291,4188.464,4184.194,4185.155,2830
2025-12-08 19:15:00+00:00,4185.164,4188.746,4184.329,4187.798,2021
2025-12-08 19:30:00+00:00,4187.695,4188.84,4185.958,4187.174,1884
2025-12-08 19:45:00+00:00,4187.13,4187.597,4184.967,4187.057,1806
2025-12-08 20:00:00+00:00,4187.017,4191.071,4184.927,4188.633,1887
2025-12-08 20:15:00+00:00,4188.647,4191.434,4187.298,4189.286,2005
2025-12-08 20:30:00+00:00,4189.281,4195.497,4189.118,4194.366,2002
2025-12-08 20:45:00+00:00,4194.357,4194.572,4190.686,4191.505,2092
2025-12-08 21:00:00+00:00,4191.537,4193.188,4191.113,4191.674,938
2025-12-08 21:15:00+00:00,4191.623,4192.434,4189.785,4190.589,781
2025-12-08 21:30:00+00:00,4190.579,4190.8,4189.372,4190.279,1070
2025-12-08 21:45:00+00:00,4190.189,4190.853,4188.263,4190.613,873
2025-12-08 23:00:00+00:00,4190.08,4193.416,4190.08,4191.252,1058
2025-12-08 23:15:00+00:00,4191.282,4193.993,4190.995,4192.884,1088
2025-12-08 23:30:00+00:00,4192.913,4195.41,4191.619,4194.691,1278
2025-12-08 23:45:00+00:00,4194.681,4195.307,4192.404,4194.735,1101
2025-12-09 00:00:00+00:00,4194.74,4195.696,4191.383,4192.739,1893
2025-12-09 00:15:00+00:00,4192.776,4194.275,4192.191,4192.191,1038
2025-12-09 00:30:00+00:00,4192.154,4193.026,4191.532,4191.991,1459
2025-12-09 00:45:00+00:00,4192.064,4194.218,4189.934,4190.444,1668
2025-12-09 01:00:00+00:00,4190.482,4197.358,4188.779,4196.141,4601
2025-12-09 01:15:00+00:00,4196.1,4196.721,4193.715,4194.24,2707
2025-12-09 01:30:00+00:00,4194.263,4197.142,4194.16,4195.763,2673
2025-12-09 01:45:00+00:00,4195.791,4197.045,4193.846,4196.117,2448
2025-12-09 02:00:00+00:00,4196.037,4197.123,4190.57,4190.57,2517
2025-12-09 02:15:00+00:00,4190.667,4193.251,4189.474,4190.508,2078
2025-12-09 02:30:00+00:00,4190.632,4191.036,4185.986,4189.225,3554
2025-12-09 02:45:00+00:00,4189.172,4190.298,4187.189,4189.854,3045
2025-12-09 03:00:00+00:00,4189.883,4194.136,4189.883,4194.078,2329
2025-12-09 03:15:00+00:00,4194.027,4198.244,4193.549,4198.01,2533
2025-12-09 03:30:00+00:00,4197.974,4198.797,4193.637,4194.239,2493
2025-12-09 03:45:00+00:00,4194.217,4196.24,4193.84,4194.6,1530
2025-12-09 04:00:00+00:00,4194.523,4195.383,4191.933,4194.908,1948
2025-12-09 04:15:00+00:00,4194.821,4195.601,4192.949,4193.824,1478
2025-12-09 04:30:00+00:00,4193.788,4195.638,4188.629,4189.289,2103
2025-12-09 04:45:00+00:00,4189.224,4190.088,4184.428,4186.967,2023
2025-12-09 05:00:00+00:00,4186.966,4187.29,4183.436,4186.267,1967
2025-12-09 05:15:00+00:00,4186.265,4186.988,4183.41,4185.273,2017
2025-12-09 05:30:00+00:00,4185.276,4185.674,4180.479,4181.813,4094
2025-12-09 05:45:00+00:00,4181.865,4183.019,4178.114,4179.793,3641
2025-12-09 06:00:00+00:00,4179.836,4179.902,4170.097,4174.657,5251
2025-12-09 06:15:00+00:00,4174.716,4178.648,4174.078,4178.506,4004
2025-12-09 06:30:00+00:00,4178.548,4184.072,4176.43,4180.959,3663
2025-12-09 06:45:00+00:00,4181.032,4183.176,4180.14,4181.941,2237
2025-12-09 07:00:00+00:00,4182.066,4185.794,4180.24,4182.756,3153
2025-12-09 07:15:00+00:00,4182.8,4183.339,4175.805,4178.565,4169
2025-12-09 07:30:00+00:00,4178.528,4181.437,4178.373,4179.7,2909
2025-12-09 07:45:00+00:00,4179.711,4183.702,4179.074,4182.368,2385
2025-12-09 08:00:00+00:00,4182.344,4188.485,4182.344,4188.207,3422
2025-12-09 08:15:00+00:00,4188.245,4189.327,4185.63,4186.264,2510
2025-12-09 08:30:00+00:00,4186.189,4190.894,4185.484,4190.773,2947
2025-12-09 08:45:00+00:00,4190.731,4191.886,4188.735,4191.625,2103
2025-12-09 09:00:00+00:00,4191.667,4205.858,4190.784,4203.487,6000
2025-12-09 09:15:00+00:00,4203.469,4213.113,4203.243,4207.121,5642
2025-12-09 09:30:00+00:00,4207.226,4209.121,4201.724,4203.755,3672
2025-12-09 09:45:00+00:00,4203.723,4205.549,4200.635,4202.77,3584
2025-12-09 10:00:00+00:00,4202.736,4206.689,4201.756,4204.562,3205
2025-12-09 10:15:00+00:00,4204.605,4208.351,4204.193,4204.373,2816
2025-12-09 10:30:00+00:00,4204.334,4205.902,4201.25,4203.832,2987
2025-12-09 10:45:00+00:00,4203.775,4205.249,4201.9,4203.928,2600
2025-12-09 11:00:00+00:00,4203.965,4204.818,4201.932,4202.345,2147
2025-12-09 11:15:00+00:00,4202.347,4205.488,4201.2,4203.779,2408
2025-12-09 11:30:00+00:00,4203.886,4206.468,4203.07,4204.819,1873
2025-12-09 11:45:00+00:00,4204.819,4206.406,4202.508,4202.976,1871
2025-12-09 12:00:00+00:00,4203.021,4205.305,4200.817,4201.755,2379
2025-12-09 12:15:00+00:00,4201.757,4203.196,4198.521,4202.248,2317
2025-12-09 12:30:00+00:00,4202.354,4203.523,4201.151,4202.024,1916
2025-12-09 12:45:00+00:00,4202.016,4207.596,4201.459,4204.204,2535
2025-12-09 13:00:00+00:00,4204.252,4208.403,4203.074,4205.239,5822
2025-12-09 13:15:00+00:00,4205.263,4207.464,4198.315,4201.948,5571
2025-12-09 13:30:00+00:00,4201.948,4202.737,4195.763,4200.427,5121
2025-12-09 13:45:00+00:00,4200.545,4203.414,4198.916,4201.243,4731
2025-12-09 14:00:00+00:00,4201.31,4202.032,4189.391,4192.029,6714
2025-12-09 14:15:00+00:00,4192.065,4194.549,4189.428,4193.395,4766
2025-12-09 14:30:00+00:00,4193.426,4206.512,4192.604,4205.787,11587
2025-12-09 14:45:00+00:00,4205.753,4210.295,4202.155,4204.982,6954
2025-12-09 15:00:00+00:00,4204.938,4204.938,4190.099,4195.459,9915
2025-12-09 15:15:00+00:00,4195.4,4208.531,4194.954,4206.264,7387
2025-12-09 15:30:00+00:00,4206.333,4208.428,4202.497,4204.93,7314
2025-12-09 15:45:00+00:00,4204.888,4216.467,4198.78,4212.534,7566
2025-12-09 16:00:00+00:00,4212.475,4220.698,4210.142,4218.427,8884
2025-12-09 16:15:00+00:00,4218.479,4219.979,4210.191,4213.671,6966
2025-12-09 16:30:00+00:00,4213.626,4220.387,4213.396,4219.027,4990
2025-12-09 16:45:00+00:00,4219.072,4221.526,4211.567,4212.37,5390
2025-12-09 17:00:00+00:00,4212.378,4216.34,4209.762,4211.453,4078
2025-12-09 17:15:00+00:00,4211.421,4211.614,4204.963,4207.848,5041
2025-12-09 17:30:00+00:00,4207.802,4209.039,4204.255,4207.145,4954
2025-12-09 17:45:00+00:00,4207.2,4208.809,4201.577,4203.092,3772
2025-12-09 18:00:00+00:00,4202.976,4206.327,4201.215,4206.285,4076
2025-12-09 18:15:00+00:00,4206.329,4208.242,4205.036,4207.221,3817
2025-12-09 18:30:00+00:00,4207.26,4208.716,4204.057,4205.622,3172
2025-12-09 18:45:00+00:00,4205.6,4209.736,4204.729,4208.871,2737
2025-12-09 19:00:00+00:00,4208.914,4212.443,4208.45,4210.932,3021
2025-12-09 19:15:00+00:00,4210.961,4211.37,4207.663,4208.291,2957
2025-12-09 19:30:00+00:00,4208.392,4210.26,4207.325,4209.28,2443
2025-12-09 19:45:00+00:00,4209.3,4214.45,4207.084,4212.577,2853
2025-12-09 20:00:00+00:00,4212.54,4216.11,4212.004,4214.604,2553
2025-12-09 20:15:00+00:00,4214.641,4214.773,4208.92,4210.742,2324
2025-12-09 20:30:00+00:00,4210.708,4211.947,4209.357,4210.195,2060
2025-12-09 20:45:00+00:00,4210.23,4213.704,4210.23,4212.123,9738
2025-12-09 21:00:00+00:00,4212.081,4212.984,4210.986,4211.263,8110
2025-12-09 21:15:00+00:00,4211.314,4212.016,4208.775,4210.077,4466
2025-12-09 21:30:00+00:00,4210.228,4210.556,4208.446,4208.71,1130
2025-12-09 21:45:00+00:00,4208.725,4209.941,4207.231,4208.54,1490
2025-12-09 23:00:00+00:00,4208.207,4210.857,4208.207,4208.634,1412
2025-12-09 23:15:00+00:00,4208.589,4211.001,4207.804,4210.333,1605
2025-12-09 23:30:00+00:00,4210.374,4211.816,4209.414,4211.498,1342
2025-12-09 23:45:00+00:00,4211.46,4213.091,4209.783,4210.87,1612
2025-12-10 00:00:00+00:00,4210.804,4212.752,4207.416,4209.13,2793
2025-12-10 00:15:00+00:00,4209.081,4209.865,4207.092,4209.143,1715
2025-12-10 00:30:00+00:00,4209.204,4209.702,4207.062,4207.613,1567
2025-12-10 00:45:00+00:00,4207.593,4209.689,4207.516,4208.463,2048
2025-12-10 01:00:00+00:00,4208.412,4215.236,4206.899,4214.922,4884
2025-12-10 01:15:00+00:00,4214.948,4218.221,4212.814,4216.83,4634
2025-12-10 01:30:00+00:00,4216.868,4217.964,4211.774,4212.502,4606
2025-12-10 01:45:00+00:00,4212.535,4216.534,4212.099,4213.813,3845
2025-12-10 02:00:00+00:00,4213.786,4217.612,4213.01,4215.059,3557
2025-12-10 02:15:00+00:00,4214.964,4214.964,4211.536,4213.514,2824
2025-12-10 02:30:00+00:00,4213.547,4218.778,4213.127,4217.639,3026
2025-12-10 02:45:00+00:00,4217.702,4217.98,4215.421,4216.996,1877
2025-12-10 03:00:00+00:00,4216.962,4217.214,4210.031,4210.121,3522
2025-12-10 03:15:00+00:00,4210.089,4211.162,4207.93,4208.275,3722
2025-12-10 03:30:00+00:00,4208.245,4210.061,4206.335,4207.228,2609
2025-12-10 03:45:00+00:00,4207.188,4208.539,4203.765,4206.3,2166
2025-12-10 04:00:00+00:00,4206.378,4208.407,4205.644,4208.403,1430
2025-12-10 04:15:00+00:00,4208.378,4209.144,4205.616,4206.833,1571
2025-12-10 04:30:00+00:00,4206.828,4209.73,4205.518,4207.674,1772
2025-12-10 04:45:00+00:00,4207.694,4207.879,4205.527,4207.06,1053
2025-12-10 05:00:00+00:00,4206.948,4207.304,4203.27,4203.67,1700
2025-12-10 05:15:00+00:00,4203.706,4205.697,4201.77,4205.649,2672
2025-12-10 05:30:00+00:00,4205.673,4212.057,4204.794,4211.897,3383
2025-12-10 05:45:00+00:00,4211.932,4214.386,4210.112,4211.431,2439
2025-12-10 06:00:00+00:00,4211.426,4211.738,4208.838,4209.441,2984
2025-12-10 06:15:00+00:00,4209.481,4210.216,4204.259,4207.283,3793
2025-12-10 06:30:00+00:00,4207.238,4207.568,4203.067,4206.217,3174
2025-12-10 06:45:00+00:00,4206.222,4207.801,4205.337,4207.338,2524
2025-12-10 07:00:00+00:00,4207.378,4209.459,4204.665,4205.966,3038
2025-12-10 07:15:00+00:00,4205.963,4208.961,4205.357,4207.373,2066
2025-12-10 07:30:00+00:00,4207.366,4208.377,4206.425,4207.065,2168
2025-12-10 07:45:00+00:00,4207.052,4207.232,4203.229,4203.392,2525
2025-12-10 08:00:00+00:00,4203.357,4206.144,4200.109,4202.459,3370
2025-12-10 08:15:00+00:00,4202.484,4206.566,4202.061,4203.941,2893
2025-12-10 08:30:00+00:00,4203.985,4204.06,4198.61,4199.663,2993
2025-12-10 08:45:00+00:00,4199.634,4202.129,4197.023,4197.856,3341
2025-12-10 09:00:00+00:00,4197.821,4200.597,4194.418,4197.905,3857
2025-12-10 09:15:00+00:00,4197.953,4198.953,4195.244,4197.862,2654
2025-12-10 09:30:00+00:00,4197.844,4198.406,4193.934,4194.919,2509
2025-12-10 09:45:00+00:00,4194.956,4195.717,4192.542,4194.396,2671
2025-12-10 10:00:00+00:00,4194.353,4196.439,4191.48,4195.67,2788
2025-12-10 10:15:00+00:00,4195.645,4196.021,4191.664,4191.844,3024
2025-12-10 10:30:00+00:00,4191.797,4194.595,4187.729,4194.168,3329
2025-12-10 10:45:00+00:00,4194.182,4194.34,4190.829,4193.26,2493
2025-12-10 11:00:00+00:00,4193.231,4195.416,4192.558,4195.317,2049
2025-12-10 11:15:00+00:00,4195.37,4196.366,4193.927,4194.644,1928
2025-12-10 11:30:00+00:00,4194.678,4197.003,4193.601,4195.041,1744
2025-12-10 11:45:00+00:00,4195.008,4197.762,4194.502,4197.208,1676
2025-12-10 12:00:00+00:00,4197.254,4201.805,4197.165,4201.176,2534
2025-12-10 12:15:00+00:00,4201.121,4202.344,4197.275,4197.532,2267
2025-12-10 12:30:00+00:00,4197.507,4199.289,4196.686,4198.565,1940
2025-12-10 12:45:00+00:00,4198.516,4198.516,4195.244,4196.506,2320
2025-12-10 13:00:00+00:00,4196.537,4200.366,4193.543,4196.058,5112
2025-12-10 13:15:00+00:00,4196.031,4199.92,4192.922,4198.058,4957
2025-12-10 13:30:00+00:00,4197.971,4202.687,4195.988,4202.687,3824
2025-12-10 13:45:00+00:00,4202.539,4205.094,4200.225,4200.783,4140
2025-12-10 14:00:00+00:00,4200.819,4207.115,4199.068,4205.039,3834
2025-12-10 14:15:00+00:00,4205.163,4206.286,4194.779,4196.765,4465
2025-12-10 14:30:00+00:00,4196.806,4199.701,4191.351,4197.723,9508
2025-12-10 14:45:00+00:00,4197.739,4202.103,4191.859,4192.568,5805
2025-12-10 15:00:00+00:00,4192.603,4201.293,4192.035,4194.652,6518
2025-12-10 15:15:00+00:00,4194.58,4197.16,4188.957,4196.56,6685
2025-12-10 15:30:00+00:00,4196.535,4199.453,4193.156,4193.924,4085
2025-12-10 15:45:00+00:00,4193.888,4194.787,4190.155,4193.62,4576
2025-12-10 16:00:00+00:00,4193.659,4195.6,4192.797,4194.212,3796
2025-12-10 16:15:00+00:00,4194.24,4201.041,4193.482,4200.598,3434
2025-12-10 16:30:00+00:00,4200.56,4203.118,4199.034,4202.396,3394
2025-12-10 16:45:00+00:00,4202.439,4205.172,4201.515,4204.735,2676
2025-12-10 17:00:00+00:00,4204.772,4204.844,4198.985,4200.071,2674
2025-12-10 17:15:00+00:00,4199.999,4203.64,4199.862,4200.713,2553
2025-12-10 17:30:00+00:00,4200.654,4201.674,4198.462,4199.311,2497
2025-12-10 17:45:00+00:00,4199.297,4201.759,4196.893,4199.755,2282
2025-12-10 18:00:00+00:00,4199.767,4200.769,4198.835,4199.248,1841
2025-12-10 18:15:00+00:00,4199.21,4199.618,4193.43,4196.449,2867
2025-12-10 18:30:00+00:00,4196.416,4197.033,4191.936,4194.055,3261
2025-12-10 18:45:00+00:00,4194.11,4196.421,4193.156,4194.418,2617
2025-12-10 19:00:00+00:00,4194.381,4219.829,4191.479,4212.248,15349
2025-12-10 19:15:00+00:00,4212.288,4216.728,4194.82,4198.767,11415
2025-12-10 19:30:00+00:00,4198.733,4214.627,4181.683,4187.536,27503
2025-12-10 19:45:00+00:00,4187.496,4217.439,4186.399,4216.405,15796
2025-12-10 20:00:00+00:00,4216.372,4235.805,4210.988,4235.043,14941
2025-12-10 20:15:00+00:00,4234.985,4238.679,4226.429,4232.648,12984
2025-12-10 20:30:00+00:00,4232.69,4235.5,4229.65,4232.502,8181
2025-12-10 20:45:00+00:00,4232.465,4237.404,4229.641,4229.829,7242
2025-12-10 21:00:00+00:00,4229.801,4232.572,4221.196,4228.24,4134
2025-12-10 21:15:00+00:00,4228.267,4229.549,4223.385,4226.221,2706
2025-12-10 21:30:00+00:00,4226.264,4229.366,4225.822,4228.181,1878
2025-12-10 21:45:00+00:00,4228.222,4229.389,4226.727,4228.57,1502
2025-12-10 23:00:00+00:00,4230.162,4231.188,4224.946,4225.29,1700
2025-12-10 23:15:00+00:00,4225.335,4227.079,4224.02,4225.639,2215
2025-12-10 23:30:00+00:00,4225.592,4229.515,4225.551,4228.287,2253
2025-12-10 23:45:00+00:00,4228.284,4234.101,4228.284,4232.47,2041
2025-12-11 00:00:00+00:00,4232.448,4243.556,4231.298,4242.901,2959
2025-12-11 00:15:00+00:00,4242.942,4245.145,4240.086,4241.089,4274
2025-12-11 00:30:00+00:00,4241.136,4243.366,4240.545,4242.2,2935
2025-12-11 00:45:00+00:00,4242.202,4242.916,4234.83,4237.144,3566
2025-12-11 01:00:00+00:00,4237.144,4247.781,4236.055,4240.297,8859
2025-12-11 01:15:00+00:00,4240.267,4241.87,4235.214,4236.233,5389
2025-12-11 01:30:00+00:00,4236.258,4238.666,4232.997,4238.158,4576
2025-12-11 01:45:00+00:00,4238.197,4240.369,4237.26,4238.251,3419
2025-12-11 02:00:00+00:00,4238.284,4240.875,4231.007,4233.802,3370
2025-12-11 02:15:00+00:00,4233.754,4234.326,4229.615,4230.09,2792
2025-12-11 02:30:00+00:00,4230.036,4230.583,4220.392,4227.223,6490
2025-12-11 02:45:00+00:00,4227.24,4228.324,4222.002,4222.429,3989
2025-12-11 03:00:00+00:00,4222.309,4224.941,4209.428,4212.331,6399
2025-12-11 03:15:00+00:00,4212.374,4216.158,4209.358,4213.063,6436
2025-12-11 03:30:00+00:00,4213.107,4216.692,4211.987,4216.692,3331
2025-12-11 03:45:00+00:00,4216.697,4218.562,4215.167,4216.788,2250
2025-12-11 04:00:00+00:00,4216.738,4218.336,4213.936,4217.133,2245
2025-12-11 04:15:00+00:00,4217.138,4217.57,4210.702,4212.826,2725
2025-12-11 04:30:00+00:00,4212.86,4216.104,4211.5,4211.831,2860
2025-12-11 04:45:00+00:00,4211.855,4214.654,4208.59,4213.579,2632
2025-12-11 05:00:00+00:00,4213.467,4216.37,4211.675,4212.281,2555
2025-12-11 05:15:00+00:00,4212.304,4213.323,4209.871,4212.156,2600
2025-12-11 05:30:00+00:00,4212.121,4212.905,4206.813,4210.306,4286
2025-12-11 05:45:00+00:00,4210.388,4210.889,4206.155,4207.523,3623
2025-12-11 06:00:00+00:00,4207.544,4212.579,4204.244,4211.073,3589
2025-12-11 06:15:00+00:00,4210.993,4214.565,4207.626,4213.875,3158
2025-12-11 06:30:00+00:00,4213.799,4215.405,4212.321,4214.107,2902
2025-12-11 06:45:00+00:00,4214.07,4215.447,4211.01,4214.393,3303
2025-12-11 07:00:00+00:00,4214.358,4214.411,4210.52,4212.438,2725
2025-12-11 07:15:00+00:00,4212.522,4214.837,4211.581,4213.162,2465
2025-12-11 07:30:00+00:00,4213.192,4218.08,4211.449,4217.744,4324
2025-12-11 07:45:00+00:00,4217.75,4218.689,4214.845,4216.079,5000
2025-12-11 08:00:00+00:00,4216.053,4217.804,4212.814,4215.153,4492
2025-12-11 08:15:00+00:00,4215.2,4217.088,4213.534,4214.344,2602
2025-12-11 08:30:00+00:00,4214.303,4219.617,4213.678,4217.394,2286
2025-12-11 08:45:00+00:00,4217.434,4218.796,4215.351,4216.503,2499
2025-12-11 09:00:00+00:00,4216.476,4217.921,4210.327,4212.058,3361
2025-12-11 09:15:00+00:00,4212.053,4216.322,4211.201,4214.079,2585
2025-12-11 09:30:00+00:00,4214.045,4217.941,4213.655,4217.62,2489
2025-12-11 09:45:00+00:00,4217.589,4221.81,4217.142,4218.579,2820
2025-12-11 10:00:00+00:00,4218.526,4225.915,4218.526,4220.607,4521
2025-12-11 10:15:00+00:00,4220.678,4221.65,4216.115,4217.29,7082
2025-12-11 10:30:00+00:00,4217.435,4217.759,4211.731,4215.249,6561
2025-12-11 10:45:00+00:00,4215.224,4219.084,4214.691,4216.953,4799
2025-12-11 11:00:00+00:00,4216.923,4219.168,4214.056,4215.151,4765
2025-12-11 11:15:00+00:00,4215.18,4216.525,4214.114,4214.76,3626
2025-12-11 11:30:00+00:00,4214.772,4215.347,4211.253,4214.784,4386
2025-12-11 11:45:00+00:00,4214.838,4215.465,4209.658,4211.174,4760
2025-12-11 12:00:00+00:00,4211.197,4214.572,4208.788,4212.456,5571
2025-12-11 12:15:00+00:00,4212.422,4218.359,4212.119,4217.98,5319
2025-12-11 12:30:00+00:00,4218.012,4220.36,4217.578,4219.164,5094
2025-12-11 12:45:00+00:00,4219.19,4220.527,4216.797,4220.383,4820
2025-12-11 13:00:00+00:00,4220.434,4222.467,4210.017,4211.857,9904
2025-12-11 13:15:00+00:00,4211.886,4214.05,4205.192,4213.14,8986
2025-12-11 13:30:00+00:00,4213.092,4220.925,4209.249,4219.629,9602
2025-12-11 13:45:00+00:00,4219.709,4223.316,4218.04,4220.995,9904
2025-12-11 14:00:00+00:00,4221.06,4229.625,4217.896,4227.165,11584
2025-12-11 14:15:00+00:00,4227.199,4231.945,4223.426,4231.005,9463
2025-12-11 14:30:00+00:00,4231.078,4243.86,4230.166,4243.735,16414
2025-12-11 14:45:00+00:00,4243.712,4244.471,4228.904,4230.138,18075
2025-12-11 15:00:00+00:00,4230.215,4240.425,4226.094,4237.725,16283
2025-12-11 15:15:00+00:00,4237.687,4244.327,4236.945,4238.926,12496
2025-12-11 15:30:00+00:00,4238.902,4256.226,4238.404,4254.586,13909
2025-12-11 15:45:00+00:00,4254.548,4261.54,4250.323,4256.004,15277
2025-12-11 16:00:00+00:00,4255.933,4257.7,4250.094,4255.924,13086
2025-12-11 16:15:00+00:00,4256.004,4261.758,4254.699,4257.388,11879
2025-12-11 16:30:00+00:00,4257.359,4263.12,4255.334,4261.525,10568
2025-12-11 16:45:00+00:00,4261.627,4279.211,4261.316,4273.498,16214
2025-12-11 17:00:00+00:00,4273.576,4281.077,4272.151,4277.476,12663
2025-12-11 17:15:00+00:00,4277.445,4281.892,4274.654,4276.02,10127
2025-12-11 17:30:00+00:00,4276.049,4277.932,4272.104,4277.771,9535
2025-12-11 17:45:00+00:00,4277.84,4279.67,4273.966,4278.625,8995
2025-12-11 18:00:00+00:00,4278.603,4285.946,4276.972,4283.813,8230
2025-12-11 18:15:00+00:00,4283.744,4285.783,4280.13,4281.807,7742
2025-12-11 18:30:00+00:00,4281.872,4283.974,4277.121,4282.577,7716
2025-12-11 18:45:00+00:00,4282.557,4282.715,4266.771,4268.103,8425
2025-12-11 19:00:00+00:00,4268.133,4271.53,4262.962,4271.39,12141
2025-12-11 19:15:00+00:00,4271.361,4274.669,4269.081,4273.179,6719
2025-12-11 19:30:00+00:00,4273.156,4277.727,4272.398,4274.14,6380
2025-12-11 19:45:00+00:00,4274.11,4275.999,4271.43,4273.616,6073
2025-12-11 20:00:00+00:00,4273.591,4274.221,4264.227,4269.889,8179
2025-12-11 20:15:00+00:00,4269.784,4271.288,4265.363,4268.71,6475
2025-12-11 20:30:00+00:00,4268.826,4274.527,4268.191,4273.388,6115
2025-12-11 20:45:00+00:00,4273.349,4276.513,4271.285,4276.268,15951
2025-12-11 21:00:00+00:00,4276.227,4276.37,4272.708,4272.947,10645
2025-12-11 21:15:00+00:00,4272.902,4279.61,4272.525,4279.456,5255
2025-12-11 21:30:00+00:00,4279.485,4282.193,4276.852,4282.124,4272
2025-12-11 21:45:00+00:00,4282.103,4283.664,4278.917,4280.179,2065
2025-12-11 23:00:00+00:00,4282.929,4283.069,4281.43,4281.74,871
2025-12-11 23:15:00+00:00,4281.728,4282.927,4277.715,4280.105,1390
2025-12-11 23:30:00+00:00,4280.08,4281.286,4272.407,4275.542,2636
2025-12-11 23:45:00+00:00,4275.518,4278.043,4273.622,4276.523,2498
2025-12-12 00:00:00+00:00,4276.471,4278.213,4273.736,4276.495,2700
2025-12-12 00:15:00+00:00,4276.499,4280.201,4275.548,4278.493,3170
2025-12-12 00:30:00+00:00,4278.498,4279.051,4273.97,4275.474,1821
2025-12-12 00:45:00+00:00,4275.45,4276.111,4268.787,4269.595,3358
2025-12-12 01:00:00+00:00,4269.624,4275.584,4266.25,4274.557,7580
2025-12-12 01:15:00+00:00,4274.581,4276.116,4264.738,4266.138,5079
2025-12-12 01:30:00+00:00,4266.177,4270.033,4265.146,4268.881,4763
2025-12-12 01:45:00+00:00,4268.949,4274.125,4267.939,4271.02,4908
2025-12-12 02:00:00+00:00,4270.986,4276.839,4270.449,4275.347,3840
2025-12-12 02:15:00+00:00,4275.327,4276.789,4272.194,4273.754,2171
2025-12-12 02:30:00+00:00,4273.781,4276.891,4273.179,4274.589,3456
2025-12-12 02:45:00+00:00,4274.628,4274.734,4269.387,4270.501,2909
2025-12-12 03:00:00+00:00,4270.529,4274.607,4269.82,4273.425,2822
2025-12-12 03:15:00+00:00,4273.391,4273.681,4268.71,4269.998,2934
2025-12-12 03:30:00+00:00,4270.037,4272.604,4269.179,4271.996,2189
2025-12-12 03:45:00+00:00,4271.992,4273.015,4270.443,4270.609,1517
2025-12-12 04:00:00+00:00,4270.566,4271.135,4268.117,4269.14,1596
2025-12-12 04:15:00+00:00,4269.086,4269.188,4266.807,4268.467,1948
2025-12-12 04:30:00+00:00,4268.495,4268.741,4266.291,4267.314,1702
2025-12-12 04:45:00+00:00,4267.386,4268.932,4266.427,4266.478,1503
2025-12-12 05:00:00+00:00,4266.497,4269.601,4266.085,4269.263,1862
2025-12-12 05:15:00+00:00,4269.243,4275.866,4268.709,4274.285,1998
2025-12-12 05:30:00+00:00,4274.291,4279.312,4274.159,4277.836,3721
2025-12-12 05:45:00+00:00,4277.818,4280.628,4276.21,4278.978,2268
2025-12-12 06:00:00+00:00,4279.127,4280.635,4276.629,4277.921,2852
2025-12-12 06:15:00+00:00,4277.889,4281.482,4276.922,4281.041,2659
2025-12-12 06:30:00+00:00,4281.044,4282.686,4279.258,4281.286,3006
2025-12-12 06:45:00+00:00,4281.26,4283.184,4281.26,4282.915,1779
2025-12-12 07:00:00+00:00,4282.798,4288.905,4281.342,4285.753,2983
2025-12-12 07:15:00+00:00,4285.806,4288.289,4284.514,4285.881,2388
2025-12-12 07:30:00+00:00,4285.884,4290.557,4284.217,4287.507,2592
2025-12-12 07:45:00+00:00,4287.499,4288.914,4285.401,4287.227,2031
2025-12-12 08:00:00+00:00,4287.105,4295.408,4287.001,4293.406,4199
2025-12-12 08:15:00+00:00,4293.377,4295.649,4291.141,4294.385,3193
2025-12-12 08:30:00+00:00,4294.404,4304.353,4294.266,4303.845,3406
2025-12-12 08:45:00+00:00,4303.816,4309.552,4301.494,4308.122,3867
2025-12-12 09:00:00+00:00,4308.095,4317.184,4306.805,4316.654,4399
2025-12-12 09:15:00+00:00,4316.558,4317.964,4312.483,4313.522,4216
2025-12-12 09:30:00+00:00,4313.48,4313.876,4307.236,4311.864,4359
2025-12-12 09:45:00+00:00,4311.902,4320.292,4311.261,4318.241,3344
2025-12-12 10:00:00+00:00,4318.279,4320.451,4314.742,4319.4,3095
2025-12-12 10:15:00+00:00,4319.455,4321.979,4316.751,4316.96,3678
2025-12-12 10:30:00+00:00,4316.917,4328.491,4316.434,4327.871,4221
2025-12-12 10:45:00+00:00,4327.925,4330.941,4325.413,4329.72,5128
2025-12-12 11:00:00+00:00,4329.768,4338.987,4326.982,4335.71,4917
2025-12-12 11:15:00+00:00,4335.755,4339.315,4331.868,4334.368,3811
2025-12-12 11:30:00+00:00,4334.414,4337.067,4330.098,4334.588,3068
2025-12-12 11:45:00+00:00,4334.596,4339.015,4334.396,4336.449,4169
2025-12-12 12:00:00+00:00,4336.418,4338.972,4331.784,4332.986,4779
2025-12-12 12:15:00+00:00,4332.942,4334.196,4330.091,4332.525,3629
2025-12-12 12:30:00+00:00,4332.503,4334.19,4327.802,4328.469,4057
2025-12-12 12:45:00+00:00,4328.436,4329.673,4324.754,4325.88,4213
2025-12-12 13:00:00+00:00,4325.844,4337.639,4321.322,4336.98,7295
2025-12-12 13:15:00+00:00,4336.937,4339.557,4334.156,4335.823,5768
2025-12-12 13:30:00+00:00,4336.025,4346.138,4336.025,4339.839,6283
2025-12-12 13:45:00+00:00,4339.804,4341.212,4332.199,4341.042,7466
2025-12-12 14:00:00+00:00,4340.998,4345.032,4338.491,4342.232,6375
2025-12-12 14:15:00+00:00,4342.196,4345.832,4338.558,4340.75,5848
2025-12-12 14:30:00+00:00,4340.782,4345.916,4330.682,4339.936,17545
2025-12-12 14:45:00+00:00,4339.967,4353.561,4336.54,4346.965,11375
2025-12-12 15:00:00+00:00,4346.936,4351.512,4341.017,4343.538,9962
2025-12-12 15:15:00+00:00,4343.559,4345.519,4298.383,4301.041,27850
2025-12-12 15:30:00+00:00,4300.984,4318.103,4295.225,4317.3,22299
2025-12-12 15:45:00+00:00,4317.264,4321.909,4283.082,4290.494,21171
2025-12-12 16:00:00+00:00,4290.446,4296.714,4273.426,4286.263,26870
2025-12-12 16:15:00+00:00,4286.292,4293.074,4272.104,4289.81,16275
2025-12-12 16:30:00+00:00,4289.783,4289.941,4256.958,4274.01,20619
2025-12-12 16:45:00+00:00,4273.966,4282.109,4270.456,4282.109,15541
2025-12-12 17:00:00+00:00,4282.134,4285.044,4271.121,4273.791,12512
2025-12-12 17:15:00+00:00,4273.739,4290.743,4273.074,4282.252,9146
2025-12-12 17:30:00+00:00,4282.204,4295.18,4281.564,4293.69,8403
2025-12-12 17:45:00+00:00,4293.584,4298.432,4291.417,4294.23,6312
2025-12-12 18:00:00+00:00,4294.272,4303.106,4291.768,4300.823,6925
2025-12-12 18:15:00+00:00,4300.86,4303.627,4294.124,4295.351,7539
2025-12-12 18:30:00+00:00,4295.453,4300.469,4291.78,4292.085,5565
2025-12-12 18:45:00+00:00,4292.122,4297.189,4290.464,4294.896,5817
2025-12-12 19:00:00+00:00,4294.935,4295.877,4289.79,4294.483,6351
2025-12-12 19:15:00+00:00,4294.386,4299.771,4293.714,4296.002,4354
2025-12-12 19:30:00+00:00,4296.041,4298.672,4293.449,4297.407,4414
2025-12-12 19:45:00+00:00,4297.445,4298.293,4294.266,4296.552,3198
2025-12-12 20:00:00+00:00,4296.527,4302.818,4295.54,4299.861,3222
2025-12-12 20:15:00+00:00,4299.802,4300.83,4291.16,4293.346,4354
2025-12-12 20:30:00+00:00,4293.389,4299.898,4288.403,4298.832,5135
2025-12-12 20:45:00+00:00,4298.883,4302.955,4294.197,4299.239,6147
2025-12-12 21:00:00+00:00,4299.285,4301.665,4298.179,4299.68,2375
2025-12-12 21:15:00+00:00,4299.635,4303.767,4299.068,4303.056,1767
2025-12-12 21:30:00+00:00,4303.065,4304.293,4300.912,4301.49,1220
2025-12-12 21:45:00+00:00,4301.461,4303.218,4299.372,4300.983,1657
2025-12-14 23:00:00+00:00,4300.525,4308.172,4299.86,4302.554,3024
2025-12-14 23:15:00+00:00,4302.603,4306.427,4302.494,4304.806,2596
2025-12-14 23:30:00+00:00,4304.859,4308.446,4303.878,4306.003,2176
2025-12-14 23:45:00+00:00,4305.955,4306.84,4301.459,4302.391,2168
2025-12-15 00:00:00+00:00,4302.443,4306.711,4300.079,4304.274,2784
2025-12-15 00:15:00+00:00,4304.279,4304.486,4300.893,4302.055,1701
2025-12-15 00:30:00+00:00,4302.088,4308.084,4301.94,4305.473,2341
2025-12-15 00:45:00+00:00,4305.381,4307.859,4303.466,4307.563,1979
2025-12-15 01:00:00+00:00,4307.541,4313.934,4305.783,4313.156,6603
2025-12-15 01:15:00+00:00,4313.102,4315.82,4309.642,4314.998,4162
2025-12-15 01:30:00+00:00,4314.993,4324.534,4314.509,4319.775,4188
2025-12-15 01:45:00+00:00,4319.815,4325.277,4319.452,4322.531,3338
2025-12-15 02:00:00+00:00,4322.486,4326.88,4320.89,4321.469,3914
2025-12-15 02:15:00+00:00,4321.517,4324.994,4321.221,4324.337,2399
2025-12-15 02:30:00+00:00,4324.316,4329.161,4324.125,4328.877,3312
2025-12-15 02:45:00+00:00,4328.85,4329.209,4325.172,4326.428,2911
2025-12-15 03:00:00+00:00,4326.397,4329.634,4322.676,4323.308,3884
2025-12-15 03:15:00+00:00,4323.297,4324.327,4319.407,4323.864,3565
2025-12-15 03:30:00+00:00,4323.863,4328.695,4323.755,4327.784,2571
2025-12-15 03:45:00+00:00,4327.786,4327.905,4325.241,4327.075,2106
2025-12-15 04:00:00+00:00,4327.155,4329.603,4325.446,4327.981,2271
2025-12-15 04:15:00+00:00,4327.946,4330.085,4326.572,4327.699,2066
2025-12-15 04:30:00+00:00,4327.769,4328.043,4323.092,4326.547,2388
2025-12-15 04:45:00+00:00,4326.539,4328.098,4324.81,4326.126,1837
2025-12-15 05:00:00+00:00,4326.129,4327.575,4324.709,4326.359,1968
2025-12-15 05:15:00+00:00,4326.362,4331.348,4326.001,4329.69,2302
2025-12-15 05:30:00+00:00,4329.612,4340.117,4329.377,4338.986,4967
2025-12-15 05:45:00+00:00,4339.026,4344.329,4338.088,4343.484,3312
2025-12-15 06:00:00+00:00,4343.453,4345.657,4339.729,4343.103,4002
2025-12-15 06:15:00+00:00,4343.062,4345.678,4342.482,4343.966,3500
2025-12-15 06:30:00+00:00,4344.006,4345.803,4341.946,4345.474,2280
2025-12-15 06:45:00+00:00,4345.501,4347.527,4342.964,4343.75,2636
2025-12-15 07:00:00+00:00,4343.643,4344.349,4340.72,4342.296,3093
2025-12-15 07:15:00+00:00,4342.259,4344.848,4341.51,4344.046,2414
2025-12-15 07:30:00+00:00,4344.038,4344.509,4333.62,4339.745,3468
2025-12-15 07:45:00+00:00,4339.78,4342.037,4339.067,4339.349,2621
2025-12-15 08:00:00+00:00,4339.321,4344.62,4338.946,4342.854,2775
2025-12-15 08:15:00+00:00,4342.878,4346.785,4341.244,4345.967,2468
2025-12-15 08:30:00+00:00,4345.931,4346.798,4343.891,4345.267,2063
2025-12-15 08:45:00+00:00,4345.246,4349.058,4344.599,4346.898,2307
2025-12-15 09:00:00+00:00,4346.851,4349.69,4343.364,4349.174,2526
2025-12-15 09:15:00+00:00,4349.087,4350.28,4344.64,4347.763,2760
2025-12-15 09:30:00+00:00,4347.807,4350.146,4344.335,4345.171,2260
2025-12-15 09:45:00+00:00,4345.176,4346.052,4342.326,4342.59,2606
2025-12-15 10:00:00+00:00,4342.577,4344.295,4340.702,4343.373,1748
2025-12-15 10:15:00+00:00,4343.361,4348.279,4342.198,4342.826,2087
2025-12-15 10:30:00+00:00,4342.867,4343.555,4337.725,4338.727,3690
2025-12-15 10:45:00+00:00,4338.689,4342.28,4338.143,4339.756,2265
2025-12-15 11:00:00+00:00,4339.639,4339.639,4335.405,4338.443,2056
2025-12-15 11:15:00+00:00,4338.425,4341.703,4335.777,4340.686,2212
2025-12-15 11:30:00+00:00,4340.654,4341.737,4339.115,4340.661,1640
2025-12-15 11:45:00+00:00,4340.751,4343.662,4339.305,4342.747,1994
2025-12-15 12:00:00+00:00,4342.821,4345.737,4342.674,4343.796,2447
2025-12-15 12:15:00+00:00,4343.838,4346.495,4343.025,4346.332,1965
2025-12-15 12:30:00+00:00,4346.36,4348.46,4344.943,4345.564,2233
2025-12-15 12:45:00+00:00,4345.525,4347.195,4343.547,4345.67,2430
2025-12-15 13:00:00+00:00,4345.636,4346.371,4333.696,4335.916,7699
2025-12-15 13:15:00+00:00,4335.908,4341.394,4334.894,4339.679,4930
2025-12-15 13:30:00+00:00,4339.646,4342.002,4335.726,4338.297,4054
2025-12-15 13:45:00+00:00,4338.339,4344.665,4330.824,4332.33,5453
2025-12-15 14:00:00+00:00,4332.291,4336.702,4328.474,4329.031,5567
2025-12-15 14:15:00+00:00,4328.998,4332.528,4321.385,4325.115,5877
2025-12-15 14:30:00+00:00,4325.163,4335.344,4320.667,4328.195,13643
2025-12-15 14:45:00+00:00,4328.16,4331.239,4317.346,4323.594,13335
2025-12-15 15:00:00+00:00,4323.555,4327.509,4312.325,4322.768,12435
2025-12-15 15:15:00+00:00,4322.659,4327.644,4311.433,4314.303,12517
2025-12-15 15:30:00+00:00,4314.262,4324.627,4313.141,4323.306,8915
2025-12-15 15:45:00+00:00,4323.259,4327.8,4316.879,4318.307,7178
2025-12-15 16:00:00+00:00,4318.339,4318.968,4300.882,4303.381,11856
2025-12-15 16:15:00+00:00,4303.356,4305.743,4293.009,4296.236,10179
2025-12-15 16:30:00+00:00,4296.144,4300.249,4285.18,4296.406,11855
2025-12-15 16:45:00+00:00,4296.452,4299.67,4292.335,4297.442,7672
2025-12-15 17:00:00+00:00,4297.415,4300.095,4290.69,4297.044,6339
2025-12-15 17:15:00+00:00,4297.007,4303.59,4293.198,4302.135,5015
2025-12-15 17:30:00+00:00,4302.062,4305.066,4300.304,4303.99,4771
2025-12-15 17:45:00+00:00,4303.909,4306.632,4301.847,4304.47,4107
2025-12-15 18:00:00+00:00,4304.436,4305.345,4301.198,4302.637,3314
2025-12-15 18:15:00+00:00,4302.629,4306.606,4299.99,4305.542,4050
2025-12-15 18:30:00+00:00,4305.567,4310.149,4302.535,4309.766,4321
2025-12-15 18:45:00+00:00,4309.807,4313.537,4307.872,4313.077,2719
2025-12-15 19:00:00+00:00,4313.06,4317.7,4312.215,4312.568,4347
2025-12-15 19:15:00+00:00,4312.59,4314.495,4309.14,4309.422,2699
2025-12-15 19:30:00+00:00,4309.452,4312.296,4307.865,4311.38,2980
2025-12-15 19:45:00+00:00,4311.4,4314.507,4310.244,4314.227,2758
2025-12-15 20:00:00+00:00,4314.176,4314.429,4311.227,4311.657,2634
2025-12-15 20:15:00+00:00,4311.726,4311.727,4299.462,4305.051,5590
2025-12-15 20:30:00+00:00,4305.161,4307.701,4300.477,4305.675,4010
2025-12-15 20:45:00+00:00,4305.642,4307.719,4304.052,4304.48,2935
2025-12-15 21:00:00+00:00,4304.45,4305.718,4300.75,4304.536,2019
2025-12-15 21:15:00+00:00,4304.531,4305.036,4302.706,4303.838,1250
2025-12-15 21:30:00+00:00,4303.865,4304.708,4301.238,4302.232,1130
2025-12-15 21:45:00+00:00,4302.231,4305.936,4302.152,4305.498,918
2025-12-15 23:00:00+00:00,4307.392,4309.618,4305.34,4306.322,1804
2025-12-15 23:15:00+00:00,4306.311,4309.724,4306.285,4307.555,1387
2025-12-15 23:30:00+00:00,4307.552,4308.517,4305.862,4306.887,1225
2025-12-15 23:45:00+00:00,4306.846,4308.099,4303.319,4304.15,1730
2025-12-16 00:00:00+00:00,4304.132,4309.322,4302.702,4307.518,3717
2025-12-16 00:15:00+00:00,4307.56,4310.001,4304.606,4309.605,3316
2025-12-16 00:30:00+00:00,4309.572,4313.212,4307.82,4311.78,3620
2025-12-16 00:45:00+00:00,4311.772,4311.969,4305.797,4307.831,2633
2025-12-16 01:00:00+00:00,4307.862,4308.451,4299.075,4304.193,7630
2025-12-16 01:15:00+00:00,4304.131,4311.939,4303.845,4311.446,5026
2025-12-16 01:30:00+00:00,4311.416,4317.888,4311.183,4314.691,5152
2025-12-16 01:45:00+00:00,4314.727,4316.181,4304.858,4308.853,4935
2025-12-16 02:00:00+00:00,4308.829,4311.965,4305.814,4310.858,4641
2025-12-16 02:15:00+00:00,4310.859,4312.267,4307.328,4310.788,3426
2025-12-16 02:30:00+00:00,4310.839,4312.076,4305.708,4309.334,5357
2025-12-16 02:45:00+00:00,4309.361,4309.781,4286.46,4289.922,7533
2025-12-16 03:00:00+00:00,4289.948,4294.483,4280.851,4282.275,8621
2025-12-16 03:15:00+00:00,4282.302,4288.281,4280.571,4287.61,5513
2025-12-16 03:30:00+00:00,4287.671,4289.081,4283.265,4285.391,4613
2025-12-16 03:45:00+00:00,4285.282,4291.713,4282.96,4290.839,2836
2025-12-16 04:00:00+00:00,4290.867,4292.271,4286.91,4287.848,2888
2025-12-16 04:15:00+00:00,4287.925,4290.786,4286.543,4288.29,2847
2025-12-16 04:30:00+00:00,4288.244,4291.786,4288.244,4289.608,2235
2025-12-16 04:45:00+00:00,4289.544,4290.699,4287.616,4289.085,2178
2025-12-16 05:00:00+00:00,4289.158,4292.278,4285.658,4286.104,3010
2025-12-16 05:15:00+00:00,4286.15,4286.437,4279.603,4280.83,4132
2025-12-16 05:30:00+00:00,4280.859,4281.215,4271.599,4279.454,8127
2025-12-16 05:45:00+00:00,4279.5,4287.744,4279.345,4284.136,3901
2025-12-16 06:00:00+00:00,4284.185,4288.306,4282.53,4286.477,3681
2025-12-16 06:15:00+00:00,4286.507,4290.042,4285.145,4286.928,3100
2025-12-16 06:30:00+00:00,4286.978,4292.143,4285.754,4291.045,3073
2025-12-16 06:45:00+00:00,4291.056,4292.067,4287.35,4289.242,2847
2025-12-16 07:00:00+00:00,4289.207,4289.859,4284.755,4285.996,2919
2025-12-16 07:15:00+00:00,4286.026,4286.586,4279.535,4281.063,3569
2025-12-16 07:30:00+00:00,4281.027,4288.576,4279.998,4284.114,3097
2025-12-16 07:45:00+00:00,4284.09,4288.407,4282.946,4287.643,2704
2025-12-16 08:00:00+00:00,4287.577,4289.537,4280.437,4281.583,3736
2025-12-16 08:15:00+00:00,4281.53,4281.824,4275.696,4279.079,3990
2025-12-16 08:30:00+00:00,4279.028,4283.263,4275.426,4283.123,3435
2025-12-16 08:45:00+00:00,4283.086,4286.847,4282.657,4284.723,3581
2025-12-16 09:00:00+00:00,4284.767,4285.884,4281.107,4284.974,2144
2025-12-16 09:15:00+00:00,4284.887,4284.917,4281.461,4281.665,1750
2025-12-16 09:30:00+00:00,4281.693,4283.941,4279.896,4282.889,2330
2025-12-16 09:45:00+00:00,4282.849,4282.849,4276.381,4280.361,2972
2025-12-16 10:00:00+00:00,4280.39,4284.326,4276.677,4277.932,3538
2025-12-16 10:15:00+00:00,4277.892,4282.014,4276.825,4277.779,2726
2025-12-16 10:30:00+00:00,4277.759,4279.153,4274.734,4279.015,2741
2025-12-16 10:45:00+00:00,4279.047,4281.471,4275.439,4277.355,3022
2025-12-16 11:00:00+00:00,4277.317,4278.565,4274.057,4275.896,2142
2025-12-16 11:15:00+00:00,4275.918,4277.757,4273.752,4277.422,2452
2025-12-16 11:30:00+00:00,4277.481,4279.617,4275.523,4276.542,2188
2025-12-16 11:45:00+00:00,4276.429,4278.915,4276.03,4278.382,1865
2025-12-16 12:00:00+00:00,4278.422,4288.689,4276.726,4287.735,3832
2025-12-16 12:15:00+00:00,4287.826,4292.645,4287.778,4291.533,3494
2025-12-16 12:30:00+00:00,4291.522,4293.472,4287.722,4293.319,2860
2025-12-16 12:45:00+00:00,4293.317,4295.08,4292.141,4294.475,2438
2025-12-16 13:00:00+00:00,4294.503,4297.913,4290.85,4295.833,4668
2025-12-16 13:15:00+00:00,4295.865,4302.065,4293.516,4301.562,4471
2025-12-16 13:30:00+00:00,4301.604,4312.806,4301.604,4304.085,11719
2025-12-16 13:45:00+00:00,4304.112,4313.349,4299.612,4313.02,7643
2025-12-16 14:00:00+00:00,4312.978,4320.378,4311.405,4319.369,6992
2025-12-16 14:15:00+00:00,4319.34,4330.55,4318.167,4325.667,6747
2025-12-16 14:30:00+00:00,4325.612,4332.005,4321.646,4326.454,11083
2025-12-16 14:45:00+00:00,4326.356,4332.308,4323.215,4324.807,8604
2025-12-16 15:00:00+00:00,4324.772,4335.137,4320.942,4324.106,10134
2025-12-16 15:15:00+00:00,4324.082,4325.781,4312.294,4321.178,10572
2025-12-16 15:30:00+00:00,4321.203,4330.245,4319.807,4322.196,8662
2025-12-16 15:45:00+00:00,4322.153,4329.3,4319.137,4319.805,6581
2025-12-16 16:00:00+00:00,4319.758,4323.244,4312.686,4315.681,7817
2025-12-16 16:15:00+00:00,4315.635,4315.635,4303.576,4307.431,6983
2025-12-16 16:30:00+00:00,4307.395,4307.395,4291.032,4294.853,8133
2025-12-16 16:45:00+00:00,4294.803,4302.958,4293.495,4300.577,5911
2025-12-16 17:00:00+00:00,4300.613,4310.87,4300.509,4304.354,4966
2025-12-16 17:15:00+00:00,4304.379,4306.205,4300.095,4302.846,3815
2025-12-16 17:30:00+00:00,4302.953,4309.013,4302.219,4305.966,4297
2025-12-16 17:45:00+00:00,4305.999,4306.447,4300.46,4303.479,4013
2025-12-16 18:00:00+00:00,4303.446,4305.893,4299.592,4303.028,5895
2025-12-16 18:15:00+00:00,4303.068,4304.157,4298.061,4301.783,4588
2025-12-16 18:30:00+00:00,4301.733,4310.855,4301.105,4308.829,4325
2025-12-16 18:45:00+00:00,4308.868,4313.562,4308.127,4311.33,3738
2025-12-16 19:00:00+00:00,4311.337,4311.669,4303.931,4305.94,4289
2025-12-16 19:15:00+00:00,4305.895,4309.966,4297.382,4305.546,6629
2025-12-16 19:30:00+00:00,4305.497,4310.309,4304.636,4309.764,4883
2025-12-16 19:45:00+00:00,4309.86,4315.911,4309.201,4310.697,3635
2025-12-16 20:00:00+00:00,4310.676,4314.379,4310.196,4312.015,2800
2025-12-16 20:15:00+00:00,4312.067,4312.067,4308.03,4310.784,2385
2025-12-16 20:30:00+00:00,4310.858,4311.764,4307.841,4309.236,3181
2025-12-16 20:45:00+00:00,4309.274,4312.285,4302.817,4304.749,4309
2025-12-16 21:00:00+00:00,4304.709,4305.583,4300.915,4302.487,1672
2025-12-16 21:15:00+00:00,4302.468,4303.097,4300.693,4302.449,1239
2025-12-16 21:30:00+00:00,4302.437,4304.937,4301.294,4302.995,1062
2025-12-16 21:45:00+00:00,4302.999,4304.106,4301.853,4302.417,843
2025-12-16 23:00:00+00:00,4302.935,4304.928,4301.756,4304.341,1180
2025-12-16 23:15:00+00:00,4304.343,4307.149,4304.091,4306.488,1569
2025-12-16 23:30:00+00:00,4306.527,4308.429,4305.492,4307.39,1359
2025-12-16 23:45:00+00:00,4307.364,4309.19,4307.0,4307.86,1774
2025-12-17 00:00:00+00:00,4307.905,4313.255,4307.366,4312.636,2125
2025-12-17 00:15:00+00:00,4312.61,4315.04,4312.042,4313.481,1969
2025-12-17 00:30:00+00:00,4313.484,4314.526,4311.17,4312.519,1350
2025-12-17 00:45:00+00:00,4312.489,4314.5,4311.704,4313.3,1632
2025-12-17 01:00:00+00:00,4313.2,4320.416,4311.427,4317.879,5480
2025-12-17 01:15:00+00:00,4317.819,4319.592,4313.216,4316.94,5195
2025-12-17 01:30:00+00:00,4316.988,4325.317,4316.251,4323.005,7266
2025-12-17 01:45:00+00:00,4322.978,4326.877,4322.154,4326.683,4263
2025-12-17 02:00:00+00:00,4326.733,4327.864,4318.311,4320.352,6024
2025-12-17 02:15:00+00:00,4320.366,4323.678,4319.5,4320.614,3275
2025-12-17 02:30:00+00:00,4320.658,4323.043,4314.154,4316.579,5181
2025-12-17 02:45:00+00:00,4316.625,4317.021,4311.221,4314.266,3687
2025-12-17 03:00:00+00:00,4314.303,4320.263,4312.664,4315.355,4866
2025-12-17 03:15:00+00:00,4315.311,4319.555,4314.483,4318.5,3335
2025-12-17 03:30:00+00:00,4318.476,4323.663,4318.327,4321.572,3264
2025-12-17 03:45:00+00:00,4321.489,4325.164,4321.314,4323.639,2684
2025-12-17 04:00:00+00:00,4323.67,4326.029,4321.285,4324.452,2287
2025-12-17 04:15:00+00:00,4324.366,4324.987,4322.112,4322.662,2308
2025-12-17 04:30:00+00:00,4322.669,4330.217,4320.446,4329.69,2482
2025-12-17 04:45:00+00:00,4329.709,4331.619,4328.363,4329.684,2936
2025-12-17 05:00:00+00:00,4329.645,4334.46,4328.062,4332.551,3828
2025-12-17 05:15:00+00:00,4332.509,4338.07,4330.566,4331.021,4897
2025-12-17 05:30:00+00:00,4331.025,4339.94,4331.001,4338.322,5406
2025-12-17 05:45:00+00:00,4338.282,4342.53,4333.613,4333.959,4187
2025-12-17 06:00:00+00:00,4333.988,4337.784,4331.635,4336.771,3825
2025-12-17 06:15:00+00:00,4336.73,4337.041,4330.396,4332.606,4067
2025-12-17 06:30:00+00:00,4332.551,4333.238,4327.156,4329.349,3802
2025-12-17 06:45:00+00:00,4329.302,4330.697,4324.854,4328.668,3229
2025-12-17 07:00:00+00:00,4328.626,4328.65,4322.562,4324.981,3994
2025-12-17 07:15:00+00:00,4325.021,4325.664,4319.472,4323.061,4047
2025-12-17 07:30:00+00:00,4323.015,4324.509,4315.986,4316.086,3569
2025-12-17 07:45:00+00:00,4316.11,4319.301,4315.555,4317.899,3168
2025-12-17 08:00:00+00:00,4317.798,4320.971,4308.276,4313.626,5468
2025-12-17 08:15:00+00:00,4313.595,4317.88,4312.419,4316.287,3582
2025-12-17 08:30:00+00:00,4316.262,4319.782,4314.587,4315.233,3312
2025-12-17 08:45:00+00:00,4315.242,4320.857,4313.146,4319.17,2695
2025-12-17 09:00:00+00:00,4319.072,4323.221,4317.626,4321.021,2489
2025-12-17 09:15:00+00:00,4320.959,4322.506,4316.954,4322.215,2839
2025-12-17 09:30:00+00:00,4322.194,4322.222,4318.824,4318.978,2301
2025-12-17 09:45:00+00:00,4319.039,4322.175,4315.977,4317.05,2385
2025-12-17 10:00:00+00:00,4317.007,4319.545,4316.104,4319.436,1925
2025-12-17 10:15:00+00:00,4319.455,4322.261,4317.925,4319.894,2356
2025-12-17 10:30:00+00:00,4319.855,4320.131,4306.453,4315.16,3776
2025-12-17 10:45:00+00:00,4315.132,4318.043,4313.295,4317.632,1989
2025-12-17 11:00:00+00:00,4317.666,4319.559,4316.874,4317.785,1840
2025-12-17 11:15:00+00:00,4317.873,4320.591,4315.869,4318.174,2265
2025-12-17 11:30:00+00:00,4318.193,4318.755,4315.18,4316.298,1814
2025-12-17 11:45:00+00:00,4316.311,4318.76,4315.322,4316.409,1833
2025-12-17 12:00:00+00:00,4316.457,4318.145,4314.921,4316.62,2288
2025-12-17 12:15:00+00:00,4316.624,4323.315,4316.02,4321.341,2543
2025-12-17 12:30:00+00:00,4321.271,4322.367,4316.347,4317.535,2275
2025-12-17 12:45:00+00:00,4317.486,4318.241,4315.84,4317.521,2098
2025-12-17 13:00:00+00:00,4317.471,4327.932,4315.09,4323.201,5419
2025-12-17 13:15:00+00:00,4323.166,4331.491,4322.901,4328.044,5909
2025-12-17 13:30:00+00:00,4328.079,4339.356,4328.079,4338.225,4331
2025-12-17 13:45:00+00:00,4338.196,4344.042,4333.055,4341.94,6221
2025-12-17 14:00:00+00:00,4342.005,4346.108,4326.778,4327.277,7522
2025-12-17 14:15:00+00:00,4327.387,4331.292,4322.856,4329.151,9734
2025-12-17 14:30:00+00:00,4329.111,4338.513,4325.545,4338.107,12425
2025-12-17 14:45:00+00:00,4338.151,4342.719,4334.655,4338.22,8869
2025-12-17 15:00:00+00:00,4338.226,4345.249,4335.176,4342.839,8424
2025-12-17 15:15:00+00:00,4342.759,4344.709,4332.827,4343.56,9241
2025-12-17 15:30:00+00:00,4343.528,4349.297,4328.264,4332.1,11167
2025-12-17 15:45:00+00:00,4332.158,4336.811,4324.096,4330.188,10957
2025-12-17 16:00:00+00:00,4330.239,4334.568,4324.494,4327.455,11061
2025-12-17 16:15:00+00:00,4327.529,4332.108,4320.312,4326.615,9465
2025-12-17 16:30:00+00:00,4326.648,4334.246,4323.714,4333.215,7070
2025-12-17 16:45:00+00:00,4333.254,4337.559,4330.725,4333.476,7531
2025-12-17 17:00:00+00:00,4333.541,4335.391,4328.576,4332.719,6690
2025-12-17 17:15:00+00:00,4332.668,4339.967,4330.184,4337.075,5373
2025-12-17 17:30:00+00:00,4337.038,4341.431,4336.164,4338.701,5013
2025-12-17 17:45:00+00:00,4338.775,4342.487,4335.605,4342.446,5563
2025-12-17 18:00:00+00:00,4342.474,4346.439,4342.474,4343.327,3824
2025-12-17 18:15:00+00:00,4343.282,4343.282,4338.164,4341.853,5613
2025-12-17 18:30:00+00:00,4341.809,4344.064,4330.417,4332.53,6082
2025-12-17 18:45:00+00:00,4332.502,4336.331,4328.925,4335.995,6672
2025-12-17 19:00:00+00:00,4335.953,4338.253,4333.183,4337.128,4045
2025-12-17 19:15:00+00:00,4337.13,4340.839,4336.015,4339.852,3236
2025-12-17 19:30:00+00:00,4339.81,4341.089,4334.408,4335.158,3515
2025-12-17 19:45:00+00:00,4335.153,4337.18,4330.315,4336.967,3750
2025-12-17 20:00:00+00:00,4336.935,4339.608,4335.163,4339.176,2990
2025-12-17 20:15:00+00:00,4339.197,4342.676,4339.042,4341.379,2699
2025-12-17 20:30:00+00:00,4341.422,4342.941,4338.473,4342.056,2715
2025-12-17 20:45:00+00:00,4342.022,4346.096,4339.392,4341.235,3833
2025-12-17 21:00:00+00:00,4341.283,4345.844,4340.604,4343.907,1941
2025-12-17 21:15:00+00:00,4343.873,4346.328,4343.453,4344.189,1472
2025-12-17 21:30:00+00:00,4344.188,4344.733,4339.778,4339.878,1872
2025-12-17 21:45:00+00:00,4339.877,4341.967,4338.27,4338.459,1529
2025-12-17 23:00:00+00:00,4340.111,4340.762,4335.662,4336.096,702
2025-12-17 23:15:00+00:00,4336.135,4339.258,4335.699,4338.169,1415
2025-12-17 23:30:00+00:00,4338.164,4340.15,4337.382,4338.922,1226
2025-12-17 23:45:00+00:00,4338.969,4343.179,4338.716,4339.201,1916
2025-12-18 00:00:00+00:00,4339.15,4341.267,4336.823,4338.323,3307
2025-12-18 00:15:00+00:00,4338.423,4342.916,4337.38,4337.842,2370
2025-12-18 00:30:00+00:00,4337.858,4340.473,4336.742,4336.79,2506
2025-12-18 00:45:00+00:00,4336.779,4337.205,4333.097,4334.804,3147
2025-12-18 01:00:00+00:00,4334.803,4337.0,4328.449,4330.08,6958
2025-12-18 01:15:00+00:00,4330.049,4331.876,4324.773,4324.924,6249
2025-12-18 01:30:00+00:00,4324.894,4328.425,4324.174,4326.88,5695
2025-12-18 01:45:00+00:00,4326.878,4331.774,4324.869,4331.536,3911
2025-12-18 02:00:00+00:00,4331.534,4335.064,4330.009,4330.961,3487
2025-12-18 02:15:00+00:00,4331.013,4336.385,4329.852,4334.467,3410
2025-12-18 02:30:00+00:00,4334.501,4337.741,4333.953,4334.017,3932
2025-12-18 02:45:00+00:00,4333.98,4334.324,4330.612,4333.283,3092
2025-12-18 03:00:00+00:00,4333.236,4335.957,4330.814,4335.778,2566
2025-12-18 03:15:00+00:00,4335.773,4336.737,4332.101,4333.228,3346
2025-12-18 03:30:00+00:00,4333.195,4335.577,4332.262,4332.333,2682
2025-12-18 03:45:00+00:00,4332.222,4333.537,4331.047,4333.104,1905
2025-12-18 04:00:00+00:00,4333.155,4333.509,4329.306,4330.296,1985
2025-12-18 04:15:00+00:00,4330.327,4332.18,4328.983,4330.43,1771
2025-12-18 04:30:00+00:00,4330.385,4331.662,4328.576,4329.644,1693
2025-12-18 04:45:00+00:00,4329.599,4332.526,4329.36,4331.921,1864
2025-12-18 05:00:00+00:00,4331.812,4337.284,4331.11,4337.153,2426
2025-12-18 05:15:00+00:00,4337.187,4337.527,4334.78,4335.882,2524
2025-12-18 05:30:00+00:00,4335.856,4337.351,4332.79,4336.893,3487
2025-12-18 05:45:00+00:00,4336.858,4337.106,4332.339,4333.307,3607
2025-12-18 06:00:00+00:00,4333.254,4335.401,4330.728,4334.431,3328
2025-12-18 06:15:00+00:00,4334.428,4335.356,4332.044,4333.543,2584
2025-12-18 06:30:00+00:00,4333.602,4336.19,4333.219,4333.589,2301
2025-12-18 06:45:00+00:00,4333.637,4334.82,4331.885,4334.007,2397
2025-12-18 07:00:00+00:00,4333.946,4334.922,4329.997,4330.982,2284
2025-12-18 07:15:00+00:00,4330.919,4335.12,4330.42,4335.012,2064
2025-12-18 07:30:00+00:00,4335.055,4337.756,4332.788,4333.428,2608
2025-12-18 07:45:00+00:00,4333.434,4334.083,4331.418,4331.418,1995
2025-12-18 08:00:00+00:00,4331.379,4332.592,4324.955,4328.453,3631
2025-12-18 08:15:00+00:00,4328.484,4329.714,4325.923,4327.2,2821
2025-12-18 08:30:00+00:00,4327.23,4328.949,4325.077,4328.506,2416
2025-12-18 08:45:00+00:00,4328.548,4328.896,4321.799,4326.574,2734
2025-12-18 09:00:00+00:00,4326.58,4328.602,4324.498,4326.391,2788
2025-12-18 09:15:00+00:00,4326.361,4328.281,4323.649,4324.789,2415
2025-12-18 09:30:00+00:00,4324.731,4326.943,4321.193,4324.355,2639
2025-12-18 09:45:00+00:00,4324.356,4324.615,4320.584,4323.365,2479
2025-12-18 10:00:00+00:00,4323.312,4325.939,4322.84,4324.617,2041
2025-12-18 10:15:00+00:00,4324.661,4325.476,4323.266,4323.52,1825
2025-12-18 10:30:00+00:00,4323.564,4327.383,4321.962,4327.108,2181
2025-12-18 10:45:00+00:00,4327.1,4327.572,4324.051,4325.359,2024
2025-12-18 11:00:00+00:00,4325.312,4328.611,4324.362,4327.233,2147
2025-12-18 11:15:00+00:00,4327.246,4328.307,4325.29,4325.743,1637
2025-12-18 11:30:00+00:00,4325.768,4327.133,4325.194,4326.577,1562
2025-12-18 11:45:00+00:00,4326.534,4326.854,4324.621,4325.567,1417
2025-12-18 12:00:00+00:00,4325.572,4326.525,4321.597,4324.083,2508
2025-12-18 12:15:00+00:00,4324.075,4324.364,4317.137,4319.444,2731
2025-12-18 12:30:00+00:00,4319.418,4323.476,4318.394,4322.651,2622
2025-12-18 12:45:00+00:00,4322.579,4322.767,4320.256,4320.947,2004
2025-12-18 13:00:00+00:00,4320.828,4324.184,4314.545,4316.497,5728
2025-12-18 13:15:00+00:00,4316.428,4323.888,4315.938,4320.802,5105
2025-12-18 13:30:00+00:00,4320.796,4338.474,4320.743,4336.654,10102
2025-12-18 13:45:00+00:00,4336.629,4343.102,4334.979,4336.656,7824
2025-12-18 14:00:00+00:00,4336.591,4341.469,4333.138,4336.472,7124
2025-12-18 14:15:00+00:00,4336.429,4338.907,4332.458,4332.797,5503
2025-12-18 14:30:00+00:00,4332.775,4341.203,4311.5,4314.272,16804
2025-12-18 14:45:00+00:00,4314.261,4330.102,4308.645,4328.517,15437
2025-12-18 15:00:00+00:00,4328.563,4337.005,4326.592,4330.67,11074
2025-12-18 15:15:00+00:00,4330.721,4334.319,4324.746,4333.249,9932
2025-12-18 15:30:00+00:00,4333.211,4341.492,4331.132,4337.333,7983
2025-12-18 15:45:00+00:00,4337.364,4341.204,4334.425,4338.221,7487
2025-12-18 16:00:00+00:00,4338.265,4367.986,4337.793,4362.438,9624
2025-12-18 16:15:00+00:00,4362.374,4374.641,4362.198,4367.218,11383
2025-12-18 16:30:00+00:00,4367.274,4371.715,4363.42,4366.862,8013
2025-12-18 16:45:00+00:00,4366.914,4369.399,4356.36,4360.255,8090
2025-12-18 17:00:00+00:00,4360.335,4363.517,4322.547,4328.654,21460
2025-12-18 17:15:00+00:00,4328.607,4332.778,4321.692,4327.885,15542
2025-12-18 17:30:00+00:00,4327.918,4341.704,4326.041,4337.426,8918
2025-12-18 17:45:00+00:00,4337.452,4338.474,4324.99,4333.269,7838
2025-12-18 18:00:00+00:00,4333.308,4340.869,4331.497,4339.412,5866
2025-12-18 18:15:00+00:00,4339.378,4341.139,4331.825,4332.035,7421
2025-12-18 18:30:00+00:00,4332.074,4340.251,4331.878,4333.878,4731
2025-12-18 18:45:00+00:00,4333.829,4334.413,4325.668,4331.66,5649
2025-12-18 19:00:00+00:00,4331.689,4332.917,4326.381,4329.265,4849
2025-12-18 19:15:00+00:00,4329.255,4334.27,4328.63,4333.471,4367
2025-12-18 19:30:00+00:00,4333.529,4334.851,4327.619,4329.495,4990
2025-12-18 19:45:00+00:00,4329.448,4330.568,4322.728,4324.944,5825
2025-12-18 20:00:00+00:00,4324.992,4335.949,4324.48,4333.63,5320
2025-12-18 20:15:00+00:00,4333.675,4333.994,4328.406,4332.296,4200
2025-12-18 20:30:00+00:00,4332.273,4338.134,4331.083,4335.929,3817
2025-12-18 20:45:00+00:00,4335.951,4336.346,4332.237,4334.706,3896
2025-12-18 21:00:00+00:00,4334.656,4334.708,4331.317,4332.659,1745
2025-12-18 21:15:00+00:00,4332.686,4333.054,4330.707,4332.342,1384
2025-12-18 21:30:00+00:00,4332.296,4332.846,4328.444,4330.856,1305
2025-12-18 21:45:00+00:00,4330.873,4333.986,4330.873,4332.274,1414
2025-12-18 23:00:00+00:00,4335.742,4336.395,4334.617,4334.834,861
2025-12-18 23:15:00+00:00,4334.834,4336.621,4333.934,4334.092,1081
2025-12-18 23:30:00+00:00,4334.057,4335.501,4333.458,4334.036,1092
2025-12-18 23:45:00+00:00,4334.035,4336.927,4333.737,4335.144,1221
2025-12-19 00:00:00+00:00,4335.17,4335.812,4329.395,4330.128,2196
2025-12-19 00:15:00+00:00,4330.122,4332.179,4327.886,4331.239,1810
2025-12-19 00:30:00+00:00,4331.232,4332.317,4327.824,4328.436,1634
2025-12-19 00:45:00+00:00,4328.355,4331.108,4325.63,4326.019,2008
2025-12-19 01:00:00+00:00,4326.058,4327.604,4320.474,4325.652,8124
2025-12-19 01:15:00+00:00,4325.721,4328.395,4309.968,4313.158,6695
2025-12-19 01:30:00+00:00,4313.131,4319.124,4309.271,4317.468,6272
2025-12-19 01:45:00+00:00,4317.53,4324.124,4316.782,4323.266,3738
2025-12-19 02:00:00+00:00,4323.311,4327.823,4323.311,4324.296,2999
2025-12-19 02:15:00+00:00,4324.325,4324.864,4321.732,4324.571,3352
2025-12-19 02:30:00+00:00,4324.535,4326.084,4314.777,4316.073,3709
2025-12-19 02:45:00+00:00,4316.109,4318.721,4314.273,4316.823,3054
2025-12-19 03:00:00+00:00,4316.858,4317.932,4312.848,4316.326,3898
2025-12-19 03:15:00+00:00,4316.304,4321.786,4313.091,4319.424,4517
2025-12-19 03:30:00+00:00,4319.475,4322.543,4317.39,4319.371,2515
2025-12-19 03:45:00+00:00,4319.435,4320.85,4317.644,4318.024,1965
2025-12-19 04:00:00+00:00,4318.031,4319.832,4317.632,4318.948,1670
2025-12-19 04:15:00+00:00,4319.018,4319.88,4316.9,4317.394,2079
2025-12-19 04:30:00+00:00,4317.359,4321.52,4317.247,4320.405,2225
2025-12-19 04:45:00+00:00,4320.471,4323.003,4319.801,4322.789,2141
2025-12-19 05:00:00+00:00,4322.775,4323.943,4318.329,4318.835,2169
2025-12-19 05:15:00+00:00,4318.822,4320.758,4317.596,4319.915,1666
2025-12-19 05:30:00+00:00,4319.983,4326.545,4319.983,4325.144,3808
2025-12-19 05:45:00+00:00,4325.188,4329.087,4324.902,4325.918,4063
2025-12-19 06:00:00+00:00,4325.959,4327.538,4324.323,4327.133,3049
2025-12-19 06:15:00+00:00,4327.181,4329.525,4326.197,4327.182,3384
2025-12-19 06:30:00+00:00,4327.223,4328.248,4321.816,4324.134,3592
2025-12-19 06:45:00+00:00,4324.109,4327.127,4322.516,4326.363,3023
2025-12-19 07:00:00+00:00,4326.458,4328.485,4323.201,4327.409,2783
2025-12-19 07:15:00+00:00,4327.449,4327.84,4323.18,4327.489,3082
2025-12-19 07:30:00+00:00,4327.451,4329.55,4324.871,4324.871,2146
2025-12-19 07:45:00+00:00,4324.969,4325.37,4321.667,4322.756,2994
2025-12-19 08:00:00+00:00,4322.716,4324.694,4321.069,4322.902,3595
2025-12-19 08:15:00+00:00,4322.858,4326.129,4322.348,4324.898,2499
2025-12-19 08:30:00+00:00,4324.965,4330.993,4324.781,4328.079,2697
2025-12-19 08:45:00+00:00,4328.041,4328.683,4325.998,4326.159,2148
2025-12-19 09:00:00+00:00,4326.117,4327.553,4324.375,4326.716,1859
2025-12-19 09:15:00+00:00,4326.714,4328.384,4325.77,4326.863,1590
2025-12-19 09:30:00+00:00,4326.829,4331.019,4325.758,4330.616,2182
2025-12-19 09:45:00+00:00,4330.662,4333.59,4327.189,4329.324,3366
2025-12-19 10:00:00+00:00,4329.303,4331.7,4328.115,4330.159,2209
2025-12-19 10:15:00+00:00,4330.187,4331.419,4327.081,4327.496,2524
2025-12-19 10:30:00+00:00,4327.518,4327.818,4322.288,4327.168,2770
2025-12-19 10:45:00+00:00,4327.127,4329.771,4326.756,4327.744,2162
2025-12-19 11:00:00+00:00,4327.85,4329.096,4325.672,4326.387,2722
2025-12-19 11:15:00+00:00,4326.397,4328.734,4325.757,4327.299,2155
2025-12-19 11:30:00+00:00,4327.243,4327.905,4325.081,4327.432,2064
2025-12-19 11:45:00+00:00,4327.372,4329.499,4326.641,4327.238,2351
2025-12-19 12:00:00+00:00,4327.29,4327.488,4320.654,4324.061,3749
2025-12-19 12:15:00+00:00,4324.035,4327.76,4323.356,4325.766,2721
2025-12-19 12:30:00+00:00,4325.724,4328.982,4324.143,4325.761,2234
2025-12-19 12:45:00+00:00,4325.813,4327.207,4323.148,4326.814,2778
2025-12-19 13:00:00+00:00,4326.851,4334.741,4326.132,4330.11,4719
2025-12-19 13:15:00+00:00,4330.227,4335.413,4327.665,4334.774,4984
2025-12-19 13:30:00+00:00,4334.781,4335.457,4328.93,4329.603,4079
2025-12-19 13:45:00+00:00,4329.55,4332.464,4327.323,4328.501,4092
2025-12-19 14:00:00+00:00,4328.526,4333.973,4325.093,4328.089,6316
2025-12-19 14:15:00+00:00,4327.974,4330.232,4325.439,4327.686,4336
2025-12-19 14:30:00+00:00,4327.654,4337.996,4326.594,4334.824,10230
2025-12-19 14:45:00+00:00,4334.86,4335.073,4319.73,4332.503,11038
2025-12-19 15:00:00+00:00,4332.544,4345.546,4332.008,4341.587,8038
2025-12-19 15:15:00+00:00,4341.544,4346.493,4335.194,4337.574,7419
2025-12-19 15:30:00+00:00,4337.603,4345.019,4336.595,4340.053,7014
2025-12-19 15:45:00+00:00,4340.088,4349.079,4339.887,4347.8,5702
2025-12-19 16:00:00+00:00,4347.746,4354.914,4342.81,4343.05,8261
2025-12-19 16:15:00+00:00,4343.007,4347.479,4341.968,4346.78,5581
2025-12-19 16:30:00+00:00,4346.819,4350.491,4343.319,4345.73,4321
2025-12-19 16:45:00+00:00,4345.695,4351.137,4344.595,4349.825,4653
2025-12-19 17:00:00+00:00,4349.772,4353.986,4347.119,4347.119,4366
2025-12-19 17:15:00+00:00,4347.224,4352.751,4347.14,4351.777,3966
2025-12-19 17:30:00+00:00,4351.844,4353.881,4349.899,4351.573,3735
2025-12-19 17:45:00+00:00,4351.601,4356.182,4350.372,4353.544,3777
2025-12-19 18:00:00+00:00,4353.498,4354.86,4350.472,4353.86,3530
2025-12-19 18:15:00+00:00,4353.817,4356.559,4352.14,4354.517,4037
2025-12-19 18:30:00+00:00,4354.483,4355.001,4344.964,4344.987,4876
2025-12-19 18:45:00+00:00,4344.96,4349.757,4343.277,4348.578,3682
2025-12-19 19:00:00+00:00,4348.53,4350.594,4346.509,4347.232,2361
2025-12-19 19:15:00+00:00,4347.269,4349.288,4346.348,4347.528,1924
2025-12-19 19:30:00+00:00,4347.468,4349.866,4346.552,4346.775,1784
2025-12-19 19:45:00+00:00,4346.738,4348.851,4345.146,4345.356,2304
2025-12-19 20:00:00+00:00,4345.299,4346.355,4342.069,4342.45,3002
2025-12-19 20:15:00+00:00,4342.489,4345.958,4341.416,4345.332,2222
2025-12-19 20:30:00+00:00,4345.308,4345.308,4338.562,4340.34,2916
2025-12-19 20:45:00+00:00,4340.301,4340.874,4336.816,4339.573,3069
2025-12-19 21:00:00+00:00,4339.602,4340.126,4337.502,4338.962,1385
2025-12-19 21:15:00+00:00,4338.988,4339.499,4336.815,4337.875,1256
2025-12-19 21:30:00+00:00,4337.797,4338.755,4336.632,4338.19,1110
2025-12-19 21:45:00+00:00,4338.191,4339.415,4337.345,4339.365,1226
2025-12-21 23:00:00+00:00,4340.939,4345.716,4339.944,4344.766,1780
2025-12-21 23:15:00+00:00,4344.723,4349.077,4344.106,4348.647,1929
2025-12-21 23:30:00+00:00,4348.553,4350.132,4347.154,4348.278,1584
2025-12-21 23:45:00+00:00,4348.271,4356.441,4348.247,4355.369,2717
2025-12-22 00:00:00+00:00,4355.312,4365.037,4355.312,4359.636,5053
2025-12-22 00:15:00+00:00,4359.602,4365.278,4358.72,4363.299,2764
2025-12-22 00:30:00+00:00,4363.291,4366.338,4361.726,4361.998,3029
2025-12-22 00:45:00+00:00,4361.955,4365.262,4361.588,4364.77,2247
2025-12-22 01:00:00+00:00,4364.849,4372.879,4362.63,4364.8,8696
2025-12-22 01:15:00+00:00,4364.837,4370.24,4361.297,4367.878,5001
2025-12-22 01:30:00+00:00,4367.781,4383.905,4367.781,4381.777,6125
2025-12-22 01:45:00+00:00,4381.752,4384.947,4379.653,4382.933,4674
2025-12-22 02:00:00+00:00,4382.903,4384.161,4378.588,4380.547,3653
2025-12-22 02:15:00+00:00,4380.539,4382.539,4378.936,4378.999,2424
2025-12-22 02:30:00+00:00,4378.973,4385.759,4378.68,4384.122,3859
2025-12-22 02:45:00+00:00,4384.033,4388.723,4382.168,4385.972,4084
2025-12-22 03:00:00+00:00,4386.003,4390.123,4384.225,4386.787,3250
2025-12-22 03:15:00+00:00,4386.826,4390.941,4385.328,4389.04,2770
2025-12-22 03:30:00+00:00,4389.047,4392.074,4388.045,4391.423,2079
2025-12-22 03:45:00+00:00,4391.455,4394.991,4391.43,4392.633,1713
2025-12-22 04:00:00+00:00,4392.625,4396.669,4391.303,4396.65,2178
2025-12-22 04:15:00+00:00,4396.654,4397.444,4393.205,4394.68,2074
2025-12-22 04:30:00+00:00,4394.599,4396.057,4393.944,4395.211,1572
2025-12-22 04:45:00+00:00,4395.216,4400.88,4394.912,4398.386,2300
2025-12-22 05:00:00+00:00,4398.335,4403.6,4396.708,4401.169,2259
2025-12-22 05:15:00+00:00,4401.14,4405.507,4398.715,4404.816,2473
2025-12-22 05:30:00+00:00,4404.779,4409.574,4397.462,4401.447,7503
2025-12-22 05:45:00+00:00,4401.436,4406.886,4399.898,4400.128,4376
2025-12-22 06:00:00+00:00,4400.219,4405.048,4398.827,4403.698,4108
2025-12-22 06:15:00+00:00,4403.721,4405.338,4399.881,4401.198,3137
2025-12-22 06:30:00+00:00,4401.208,4409.501,4400.131,4408.479,3153
2025-12-22 06:45:00+00:00,4408.417,4419.891,4407.986,4419.173,4412
2025-12-22 07:00:00+00:00,4419.073,4420.347,4410.593,4413.012,3584
2025-12-22 07:15:00+00:00,4413.047,4416.713,4411.833,4415.807,2890
2025-12-22 07:30:00+00:00,4415.857,4418.156,4412.47,4416.273,2879
2025-12-22 07:45:00+00:00,4416.252,4416.353,4412.589,4414.352,2172
2025-12-22 08:00:00+00:00,4414.28,4414.71,4409.862,4412.258,3874
2025-12-22 08:15:00+00:00,4412.23,4413.481,4409.362,4413.416,2430
2025-12-22 08:30:00+00:00,4413.424,4415.013,4407.111,4410.214,2979
2025-12-22 08:45:00+00:00,4410.209,4411.162,4406.138,4408.333,2397
2025-12-22 09:00:00+00:00,4408.377,4413.273,4407.998,4412.222,2539
2025-12-22 09:15:00+00:00,4412.324,4414.022,4410.749,4412.489,1767
2025-12-22 09:30:00+00:00,4412.487,4413.807,4411.608,4412.35,1811
2025-12-22 09:45:00+00:00,4412.374,4414.93,4411.051,4411.051,1908
2025-12-22 10:00:00+00:00,4411.137,4415.95,4411.035,4413.997,2021
2025-12-22 10:15:00+00:00,4414.02,4414.396,4411.271,4411.394,1687
2025-12-22 10:30:00+00:00,4411.51,4411.655,4406.212,4408.998,3123
2025-12-22 10:45:00+00:00,4409.044,4411.605,4408.655,4408.655,1420
2025-12-22 11:00:00+00:00,4408.694,4409.814,4406.205,4409.357,2115
2025-12-22 11:15:00+00:00,4409.319,4410.566,4408.129,4409.235,1772
2025-12-22 11:30:00+00:00,4409.263,4411.677,4408.485,4410.214,1823
2025-12-22 11:45:00+00:00,4410.263,4411.082,4408.698,4410.296,1570
2025-12-22 12:00:00+00:00,4410.249,4413.287,4406.22,4407.2,2916
2025-12-22 12:15:00+00:00,4407.172,4412.29,4407.006,4409.151,2201
2025-12-22 12:30:00+00:00,4409.181,4410.732,4407.598,4409.38,1841
2025-12-22 12:45:00+00:00,4409.393,4415.86,4409.089,4415.572,1979
2025-12-22 13:00:00+00:00,4415.561,4427.027,4415.156,4425.49,6121
2025-12-22 13:15:00+00:00,4425.542,4427.531,4412.798,4418.67,5968
2025-12-22 13:30:00+00:00,4418.589,4426.612,4418.257,4423.866,3530
2025-12-22 13:45:00+00:00,4423.917,4427.039,4419.592,4423.526,4438
2025-12-22 14:00:00+00:00,4423.583,4427.329,4421.505,4426.241,3868
2025-12-22 14:15:00+00:00,4426.29,4429.09,4424.014,4426.337,3680
2025-12-22 14:30:00+00:00,4426.386,4426.646,4414.782,4422.975,11649
2025-12-22 14:45:00+00:00,4423.024,4429.428,4417.653,4419.251,8159
2025-12-22 15:00:00+00:00,4419.22,4423.522,4413.795,4416.089,8013
2025-12-22 15:15:00+00:00,4416.061,4419.954,4411.872,4418.044,7615
2025-12-22 15:30:00+00:00,4418.072,4428.02,4416.535,4427.808,4889
2025-12-22 15:45:00+00:00,4427.692,4435.528,4427.65,4431.837,4098
2025-12-22 16:00:00+00:00,4431.736,4438.125,4428.043,4438.125,5728
2025-12-22 16:15:00+00:00,4438.154,4440.54,4435.291,4437.785,4924
2025-12-22 16:30:00+00:00,4437.764,4442.273,4433.119,4435.941,5349
2025-12-22 16:45:00+00:00,4435.814,4439.083,4434.506,4438.767,3609
2025-12-22 17:00:00+00:00,4438.708,4441.631,4435.088,4441.484,2691
2025-12-22 17:15:00+00:00,4441.512,4442.007,4433.746,4434.364,3205
2025-12-22 17:30:00+00:00,4434.318,4437.723,4432.127,4435.821,3565
2025-12-22 17:45:00+00:00,4435.831,4438.908,4435.333,4438.47,2418
2025-12-22 18:00:00+00:00,4438.526,4439.051,4434.623,4436.876,2100
2025-12-22 18:15:00+00:00,4436.839,4438.54,4433.533,4434.341,2564
2025-12-22 18:30:00+00:00,4434.317,4437.333,4432.149,4432.908,2267
2025-12-22 18:45:00+00:00,4432.939,4436.763,4429.51,4435.195,2314
2025-12-22 19:00:00+00:00,4435.223,4435.975,4429.686,4430.143,2528
2025-12-22 19:15:00+00:00,4430.187,4433.173,4428.802,4432.72,2276
2025-12-22 19:30:00+00:00,4432.675,4434.069,4431.245,4432.826,1682
2025-12-22 19:45:00+00:00,4432.828,4433.824,4431.76,4433.487,1442
2025-12-22 20:00:00+00:00,4433.449,4438.68,4433.368,4438.61,1908
2025-12-22 20:15:00+00:00,4438.567,4438.659,4431.978,4432.512,2174
2025-12-22 20:30:00+00:00,4432.452,4435.469,4431.723,4434.724,1968
2025-12-22 20:45:00+00:00,4434.759,4439.383,4434.252,4438.471,2220
2025-12-22 21:00:00+00:00,4438.523,4443.635,4438.523,4443.189,2036
2025-12-22 21:15:00+00:00,4443.162,4449.163,4442.289,4447.906,1671
2025-12-22 21:30:00+00:00,4447.831,4449.173,4444.76,4445.092,2078
2025-12-22 21:45:00+00:00,4445.067,4446.19,4443.372,4443.705,1533
2025-12-22 23:00:00+00:00,4447.549,4455.232,4446.949,4454.915,2071
2025-12-22 23:15:00+00:00,4454.954,4459.62,4454.873,4458.991,2203
2025-12-22 23:30:00+00:00,4458.984,4459.056,4452.847,4458.295,2150
2025-12-22 23:45:00+00:00,4458.294,4461.751,4454.868,4460.243,2771
2025-12-23 00:00:00+00:00,4460.236,4466.839,4458.069,4466.192,3078
2025-12-23 00:15:00+00:00,4466.169,4468.634,4463.844,4468.172,2384
2025-12-23 00:30:00+00:00,4468.201,4469.982,4466.215,4468.346,1839
2025-12-23 00:45:00+00:00,4468.315,4470.627,4467.323,4470.532,1819
2025-12-23 01:00:00+00:00,4470.546,4486.72,4470.418,4485.42,9192
2025-12-23 01:15:00+00:00,4485.457,4485.846,4469.732,4477.179,7735
2025-12-23 01:30:00+00:00,4477.234,4485.864,4476.848,4484.899,4246
2025-12-23 01:45:00+00:00,4484.928,4490.817,4482.099,4486.753,4599
2025-12-23 02:00:00+00:00,4486.724,4488.638,4481.152,4485.278,4715
2025-12-23 02:15:00+00:00,4485.279,4489.428,4484.657,4486.598,2566
2025-12-23 02:30:00+00:00,4486.697,4497.785,4486.692,4495.894,4364
2025-12-23 02:45:00+00:00,4495.883,4496.248,4489.376,4493.412,3303
2025-12-23 03:00:00+00:00,4493.437,4496.569,4485.61,4486.393,4253
2025-12-23 03:15:00+00:00,4486.426,4488.912,4483.161,4486.853,3636
2025-12-23 03:30:00+00:00,4486.941,4488.8,4485.589,4486.369,3121
2025-12-23 03:45:00+00:00,4486.355,4487.257,4484.007,4486.863,2562
2025-12-23 04:00:00+00:00,4486.851,4488.436,4484.821,4487.204,2374
2025-12-23 04:15:00+00:00,4487.098,4488.401,4484.418,4486.196,1777
2025-12-23 04:30:00+00:00,4486.192,4487.019,4484.07,4484.56,1996
2025-12-23 04:45:00+00:00,4484.553,4485.11,4478.738,4482.547,3123
2025-12-23 05:00:00+00:00,4482.493,4484.728,4480.16,4480.754,2309
2025-12-23 05:15:00+00:00,4480.733,4481.578,4476.611,4480.378,2911
2025-12-23 05:30:00+00:00,4480.37,4485.574,4476.797,4481.023,4848
2025-12-23 05:45:00+00:00,4480.943,4482.566,4474.872,4475.26,3311
2025-12-23 06:00:00+00:00,4475.293,4478.169,4469.49,4471.47,4377
2025-12-23 06:15:00+00:00,4471.482,4476.474,4470.877,4476.107,2910
2025-12-23 06:30:00+00:00,4476.138,4477.869,4474.753,4476.36,2588
2025-12-23 06:45:00+00:00,4476.322,4481.541,4475.655,4481.453,2850
2025-12-23 07:00:00+00:00,4481.333,4483.065,4478.294,4481.632,2703
2025-12-23 07:15:00+00:00,4481.594,4485.901,4480.908,4484.123,1972
2025-12-23 07:30:00+00:00,4484.088,4486.889,4483.733,4484.166,1965
2025-12-23 07:45:00+00:00,4484.16,4489.679,4483.926,4486.692,2598
2025-12-23 08:00:00+00:00,4486.656,4489.451,4485.292,4488.141,2704
2025-12-23 08:15:00+00:00,4488.108,4490.553,4486.349,4487.182,2428
2025-12-23 08:30:00+00:00,4487.2,4492.397,4484.739,4491.866,2595
2025-12-23 08:45:00+00:00,4491.897,4493.267,4488.564,4489.933,2170
2025-12-23 09:00:00+00:00,4489.811,4491.162,4480.641,4481.452,4002
2025-12-23 09:15:00+00:00,4481.396,4484.427,4479.057,4483.177,2846
2025-12-23 09:30:00+00:00,4483.17,4485.044,4479.722,4481.914,2574
2025-12-23 09:45:00+00:00,4481.838,4483.188,4478.195,4480.43,2731
2025-12-23 10:00:00+00:00,4480.391,4484.868,4479.548,4484.605,2154
2025-12-23 10:15:00+00:00,4484.596,4487.662,4482.961,4485.881,2206
2025-12-23 10:30:00+00:00,4485.809,4485.961,4481.584,4482.959,2270
2025-12-23 10:45:00+00:00,4482.86,4486.018,4482.749,4484.302,2025
2025-12-23 11:00:00+00:00,4484.355,4486.28,4483.196,4484.409,2232
2025-12-23 11:15:00+00:00,4484.409,4485.675,4483.054,4483.929,1471
2025-12-23 11:30:00+00:00,4483.918,4488.559,4483.148,4488.548,1584
2025-12-23 11:45:00+00:00,4488.585,4494.137,4487.228,4493.501,3231
2025-12-23 12:00:00+00:00,4493.464,4493.625,4485.756,4485.933,2445
2025-12-23 12:15:00+00:00,4485.898,4486.139,4483.393,4485.289,1863
2025-12-23 12:30:00+00:00,4485.324,4487.496,4484.512,4486.143,2184
2025-12-23 12:45:00+00:00,4486.186,4489.264,4485.772,4486.572,2433
2025-12-23 13:00:00+00:00,4486.506,4494.74,4486.03,4494.478,5321
2025-12-23 13:15:00+00:00,4494.473,4497.329,4486.71,4488.946,5546
2025-12-23 13:30:00+00:00,4488.989,4492.487,4484.493,4489.753,6577
2025-12-23 13:45:00+00:00,4489.78,4490.695,4473.158,4479.134,8606
2025-12-23 14:00:00+00:00,4479.252,4479.821,4453.411,4469.88,10590
2025-12-23 14:15:00+00:00,4469.853,4472.387,4463.266,4464.909,7112
2025-12-23 14:30:00+00:00,4464.964,4465.1,4447.62,4452.946,19179
2025-12-23 14:45:00+00:00,4452.892,4459.467,4441.522,4446.368,12977
2025-12-23 15:00:00+00:00,4446.308,4450.448,4430.554,4448.371,16037
2025-12-23 15:15:00+00:00,4448.413,4451.975,4439.426,4442.664,11551
2025-12-23 15:30:00+00:00,4442.618,4457.184,4441.441,4453.122,9151
2025-12-23 15:45:00+00:00,4453.101,4459.37,4451.456,4458.511,6150
2025-12-23 16:00:00+00:00,4458.471,4463.316,4456.289,4460.616,5288
2025-12-23 16:15:00+00:00,4460.664,4465.441,4458.987,4461.515,4854
2025-12-23 16:30:00+00:00,4461.555,4467.098,4455.893,4466.026,4812
2025-12-23 16:45:00+00:00,4466.084,4476.46,4466.084,4474.191,4375
2025-12-23 17:00:00+00:00,4474.229,4479.817,4471.782,4475.437,5281
2025-12-23 17:15:00+00:00,4475.475,4478.718,4470.548,4477.763,4308
2025-12-23 17:30:00+00:00,4477.82,4479.327,4473.812,4478.422,4175
2025-12-23 17:45:00+00:00,4478.467,4478.978,4469.669,4472.699,4649
2025-12-23 18:00:00+00:00,4472.706,4480.991,4472.706,4477.653,4148
2025-12-23 18:15:00+00:00,4477.619,4479.581,4474.218,4477.925,3796
2025-12-23 18:30:00+00:00,4477.972,4478.627,4472.795,4476.467,3016
2025-12-23 18:45:00+00:00,4476.502,4485.113,4476.502,4484.408,2853
2025-12-23 19:00:00+00:00,4484.443,4496.309,4484.111,4493.783,5935
2025-12-23 19:15:00+00:00,4493.741,4493.741,4487.446,4490.042,3000
2025-12-23 19:30:00+00:00,4489.997,4494.054,4488.084,4492.921,2812
2025-12-23 19:45:00+00:00,4493.043,4493.043,4489.283,4490.86,2438
2025-12-23 20:00:00+00:00,4490.896,4494.286,4489.598,4493.563,2563
2025-12-23 20:15:00+00:00,4493.603,4494.691,4491.524,4492.021,2190
2025-12-23 20:30:00+00:00,4492.042,4493.317,4489.364,4492.383,3205
2025-12-23 20:45:00+00:00,4492.403,4500.056,4491.892,4497.509,2926
2025-12-23 21:00:00+00:00,4497.611,4498.967,4490.497,4491.377,2804
2025-12-23 21:15:00+00:00,4491.408,4492.023,4489.934,4490.12,1276
2025-12-23 21:30:00+00:00,4490.09,4491.38,4488.322,4489.251,2018
2025-12-23 21:45:00+00:00,4489.256,4489.964,4483.568,4484.991,1736
2025-12-23 23:00:00+00:00,4487.444,4495.454,4486.745,4495.239,1568
2025-12-23 23:15:00+00:00,4495.142,4498.007,4490.821,4492.133,2298
2025-12-23 23:30:00+00:00,4492.196,4508.63,4492.196,4505.555,3680
2025-12-23 23:45:00+00:00,4505.551,4510.399,4499.99,4503.344,3423
2025-12-24 00:00:00+00:00,4503.359,4512.669,4500.774,4507.878,3813
2025-12-24 00:15:00+00:00,4507.926,4514.021,4507.926,4513.816,3870
2025-12-24 00:30:00+00:00,4513.765,4517.855,4512.961,4517.747,2987
2025-12-24 00:45:00+00:00,4517.776,4517.99,4508.159,4511.885,4290
2025-12-24 01:00:00+00:00,4511.925,4519.903,4506.856,4512.226,11191
2025-12-24 01:15:00+00:00,4512.267,4525.987,4512.267,4521.703,7049
2025-12-24 01:30:00+00:00,4521.663,4523.456,4518.428,4520.295,6113
2025-12-24 01:45:00+00:00,4520.262,4523.478,4518.419,4518.76,3687
2025-12-24 02:00:00+00:00,4518.794,4519.316,4504.714,4511.646,6921
2025-12-24 02:15:00+00:00,4511.66,4512.479,4506.066,4506.7,4272
2025-12-24 02:30:00+00:00,4506.747,4511.228,4504.87,4508.791,4487
2025-12-24 02:45:00+00:00,4508.788,4512.296,4475.073,4477.52,7813
2025-12-24 03:00:00+00:00,4477.545,4486.046,4468.842,4485.457,12005
2025-12-24 03:15:00+00:00,4485.483,4496.252,4485.332,4491.253,7332
2025-12-24 03:30:00+00:00,4491.289,4498.513,4490.23,4495.152,3977
2025-12-24 03:45:00+00:00,4495.215,4495.391,4492.068,4493.138,2482
2025-12-24 04:00:00+00:00,4493.18,4495.54,4491.971,4494.455,2284
2025-12-24 04:15:00+00:00,4494.398,4497.738,4491.233,4496.974,2907
2025-12-24 04:30:00+00:00,4496.971,4501.566,4496.097,4500.25,1953
2025-12-24 04:45:00+00:00,4500.26,4501.399,4496.738,4499.299,2083
2025-12-24 05:00:00+00:00,4499.254,4500.654,4485.268,4490.549,5043
2025-12-24 05:15:00+00:00,4490.516,4494.536,4489.413,4492.395,2524
2025-12-24 05:30:00+00:00,4492.49,4496.912,4490.286,4495.465,4343
2025-12-24 05:45:00+00:00,4495.557,4497.317,4488.147,4488.605,3685
2025-12-24 06:00:00+00:00,4488.639,4493.021,4486.556,4492.72,3243
2025-12-24 06:15:00+00:00,4492.688,4492.975,4485.393,4487.423,3410
2025-12-24 06:30:00+00:00,4487.438,4498.186,4487.414,4494.556,3402
2025-12-24 06:45:00+00:00,4494.568,4497.268,4492.828,4493.596,3036
2025-12-24 07:00:00+00:00,4493.626,4495.09,4490.632,4493.535,3515
2025-12-24 07:15:00+00:00,4493.489,4494.723,4491.153,4491.653,1876
2025-12-24 07:30:00+00:00,4491.615,4492.121,4488.275,4488.521,1904
2025-12-24 07:45:00+00:00,4488.595,4489.085,4483.45,4483.925,2948
2025-12-24 08:00:00+00:00,4483.975,4486.967,4478.126,4485.14,5127
2025-12-24 08:15:00+00:00,4485.112,4490.673,4483.068,4485.098,3551
2025-12-24 08:30:00+00:00,4485.043,4492.917,4482.502,4490.178,3372
2025-12-24 08:45:00+00:00,4490.15,4490.649,4481.538,4482.329,3995
2025-12-24 09:00:00+00:00,4482.373,4487.809,4481.974,4487.752,3242
2025-12-24 09:15:00+00:00,4487.707,4493.373,4487.37,4489.448,3555
2025-12-24 09:30:00+00:00,4489.403,4492.395,4486.421,4491.367,2170
2025-12-24 09:45:00+00:00,4491.332,4496.033,4491.223,4494.626,2910
2025-12-24 10:00:00+00:00,4494.646,4499.899,4489.906,4490.726,3481
2025-12-24 10:15:00+00:00,4490.763,4496.575,4489.769,4494.339,2305
2025-12-24 10:30:00+00:00,4494.342,4494.86,4482.403,4485.893,4451
2025-12-24 10:45:00+00:00,4485.898,4490.648,4484.831,4489.433,2143
2025-12-24 11:00:00+00:00,4489.455,4490.42,4484.883,4487.802,2196
2025-12-24 11:15:00+00:00,4487.901,4489.195,4486.304,4487.234,1806
2025-12-24 11:30:00+00:00,4487.228,4488.338,4483.082,4487.976,2661
2025-12-24 11:45:00+00:00,4488.015,4491.946,4485.918,4491.476,2336
2025-12-24 12:00:00+00:00,4491.512,4495.754,4491.009,4495.278,2516
2025-12-24 12:15:00+00:00,4495.306,4496.05,4490.707,4493.073,2680
2025-12-24 12:30:00+00:00,4493.104,4493.462,4490.0,4490.463,2204
2025-12-24 12:45:00+00:00,4490.406,4492.383,4489.776,4490.814,2422
2025-12-24 13:00:00+00:00,4490.845,4493.448,4481.239,4485.229,8533
2025-12-24 13:15:00+00:00,4485.196,4486.979,4474.524,4479.085,7870
2025-12-24 13:30:00+00:00,4479.028,4486.136,4477.732,4485.223,4810
2025-12-24 13:45:00+00:00,4485.259,4488.946,4483.16,4487.742,3684
2025-12-24 14:00:00+00:00,4487.876,4489.341,4483.895,4485.269,4778
2025-12-24 14:15:00+00:00,4485.305,4487.453,4482.155,4484.967,4489
2025-12-24 14:30:00+00:00,4485.027,4488.864,4469.187,4480.847,13842
2025-12-24 14:45:00+00:00,4480.892,4481.92,4460.347,4464.674,15270
2025-12-24 15:00:00+00:00,4464.65,4475.08,4461.554,4474.671,11317
2025-12-24 15:15:00+00:00,4474.618,4476.498,4461.364,4469.755,9211
2025-12-24 15:30:00+00:00,4469.712,4472.689,4449.545,4453.247,9900
2025-12-24 15:45:00+00:00,4453.275,4460.819,4448.294,4458.334,9545
2025-12-24 16:00:00+00:00,4458.382,4471.065,4455.934,4466.356,6688
2025-12-24 16:15:00+00:00,4466.249,4469.037,4463.955,4468.428,5266
2025-12-24 16:30:00+00:00,4468.43,4476.688,4467.13,4475.207,5284
2025-12-24 16:45:00+00:00,4475.196,4478.134,4471.999,4476.775,4426
2025-12-24 17:00:00+00:00,4476.762,4487.611,4475.336,4483.844,6230
2025-12-24 17:15:00+00:00,4483.799,4484.866,4476.136,4477.746,4829
2025-12-24 17:30:00+00:00,4477.705,4483.071,4477.219,4479.436,5075
2025-12-24 17:45:00+00:00,4479.475,4483.555,4479.313,4480.553,3805
2025-12-24 18:00:00+00:00,4480.598,4481.309,4477.299,4478.007,2211
2025-12-24 18:15:00+00:00,4477.921,4482.371,4477.921,4480.715,1880
2025-12-25 23:00:00+00:00,4486.193,4489.259,4484.47,4489.056,1048
2025-12-25 23:15:00+00:00,4489.102,4500.006,4487.921,4497.618,3297
2025-12-25 23:30:00+00:00,4497.637,4498.293,4489.242,4496.093,2478
2025-12-25 23:45:00+00:00,4496.049,4500.024,4491.809,4495.245,2758
2025-12-26 00:00:00+00:00,4495.172,4505.871,4492.413,4503.336,4146
2025-12-26 00:15:00+00:00,4503.361,4507.295,4501.403,4507.155,3434
2025-12-26 00:30:00+00:00,4507.118,4508.185,4504.365,4507.721,3654
2025-12-26 00:45:00+00:00,4507.732,4518.041,4506.315,4517.946,3318
2025-12-26 01:00:00+00:00,4517.905,4531.26,4508.602,4510.139,15210
2025-12-26 01:15:00+00:00,4510.171,4518.269,4506.769,4510.154,10620
2025-12-26 01:30:00+00:00,4510.184,4515.831,4497.648,4506.877,7073
2025-12-26 01:45:00+00:00,4506.921,4507.308,4499.905,4503.791,6525
2025-12-26 02:00:00+00:00,4503.745,4507.691,4498.269,4506.32,6657
2025-12-26 02:15:00+00:00,4506.393,4509.751,4501.818,4502.195,4161
2025-12-26 02:30:00+00:00,4502.085,4502.341,4492.254,4499.127,6211
2025-12-26 02:45:00+00:00,4499.044,4508.847,4498.401,4508.847,3922
2025-12-26 03:00:00+00:00,4508.838,4511.974,4501.248,4511.949,3987
2025-12-26 03:15:00+00:00,4512.042,4513.529,4502.928,4503.017,3322
2025-12-26 03:30:00+00:00,4503.073,4503.821,4497.624,4503.043,4157
2025-12-26 03:45:00+00:00,4503.001,4505.837,4500.508,4501.836,2640
2025-12-26 04:00:00+00:00,4501.732,4509.853,4500.573,4507.686,3273
2025-12-26 04:15:00+00:00,4507.779,4510.196,4504.665,4509.544,2149
2025-12-26 04:30:00+00:00,4509.444,4511.774,4505.864,4508.001,2365
2025-12-26 04:45:00+00:00,4507.944,4511.282,4506.652,4509.087,1870
2025-12-26 05:00:00+00:00,4508.997,4511.518,4507.352,4509.162,2179
2025-12-26 05:15:00+00:00,4509.166,4510.269,4505.999,4507.369,2264
2025-12-26 05:30:00+00:00,4507.41,4514.871,4507.41,4512.139,4152
2025-12-26 05:45:00+00:00,4512.108,4513.513,4509.792,4510.102,2785
2025-12-26 06:00:00+00:00,4510.053,4513.66,4508.82,4512.554,3190
2025-12-26 06:15:00+00:00,4512.668,4518.795,4512.237,4518.337,3448
2025-12-26 06:30:00+00:00,4518.362,4519.411,4514.903,4518.539,3615
2025-12-26 06:45:00+00:00,4518.499,4518.499,4508.147,4511.677,5353
2025-12-26 07:00:00+00:00,4511.643,4515.089,4510.737,4514.436,2256
2025-12-26 07:15:00+00:00,4514.423,4515.709,4508.265,4509.422,2489
2025-12-26 07:30:00+00:00,4509.46,4512.972,4507.911,4508.391,2481
2025-12-26 07:45:00+00:00,4508.352,4511.443,4507.401,4510.957,2479
2025-12-26 08:00:00+00:00,4510.994,4514.736,4509.55,4514.736,2946
2025-12-26 08:15:00+00:00,4514.761,4517.382,4514.087,4515.079,2085
2025-12-26 08:30:00+00:00,4515.121,4517.24,4513.169,4514.581,1938
2025-12-26 08:45:00+00:00,4514.591,4519.671,4514.158,4518.63,2194
2025-12-26 09:00:00+00:00,4518.696,4520.669,4515.296,4515.978,2350
2025-12-26 09:15:00+00:00,4515.98,4518.802,4515.121,4517.395,1845
2025-12-26 09:30:00+00:00,4517.411,4518.255,4512.874,4513.759,1967
2025-12-26 09:45:00+00:00,4513.799,4515.333,4511.85,4512.786,1835
2025-12-26 10:00:00+00:00,4512.797,4519.49,4512.039,4518.667,1865
2025-12-26 10:15:00+00:00,4518.707,4523.845,4516.91,4520.737,3291
2025-12-26 10:30:00+00:00,4520.704,4522.111,4514.17,4515.217,3575
2025-12-26 10:45:00+00:00,4515.317,4515.707,4511.262,4514.401,2847
2025-12-26 11:00:00+00:00,4514.389,4515.364,4503.406,4509.877,4838
2025-12-26 11:15:00+00:00,4509.844,4512.059,4503.811,4505.398,4675
2025-12-26 11:30:00+00:00,4505.425,4509.159,4503.449,4507.8,4767
2025-12-26 11:45:00+00:00,4507.754,4509.867,4502.773,4509.647,3565
2025-12-26 12:00:00+00:00,4509.611,4511.173,4507.085,4510.729,2977
2025-12-26 12:15:00+00:00,4510.777,4512.626,4508.386,4511.819,2546
2025-12-26 12:30:00+00:00,4511.861,4515.018,4511.861,4512.846,2199
2025-12-26 12:45:00+00:00,4512.796,4514.111,4506.633,4508.899,2665
2025-12-26 13:00:00+00:00,4508.792,4515.345,4503.915,4514.554,6844
2025-12-26 13:15:00+00:00,4514.479,4519.833,4512.759,4517.871,4583
2025-12-26 13:30:00+00:00,4517.835,4528.394,4517.835,4521.854,6014
2025-12-26 13:45:00+00:00,4521.816,4525.902,4515.154,4525.108,6365
2025-12-26 14:00:00+00:00,4525.083,4527.047,4522.463,4525.596,5065
2025-12-26 14:15:00+00:00,4525.701,4530.028,4523.182,4529.421,4161
2025-12-26 14:30:00+00:00,4529.392,4533.439,4519.116,4521.038,12977
2025-12-26 14:45:00+00:00,4521.073,4526.545,4512.754,4520.997,11706
2025-12-26 15:00:00+00:00,4521.042,4530.263,4519.608,4526.879,9640
2025-12-26 15:15:00+00:00,4526.933,4534.046,4525.832,4533.316,6434
2025-12-26 15:30:00+00:00,4533.258,4545.527,4531.842,4537.865,8201
2025-12-26 15:45:00+00:00,4537.928,4547.66,4537.42,4546.678,8399
2025-12-26 16:00:00+00:00,4546.631,4550.218,4534.76,4539.136,7799
2025-12-26 16:15:00+00:00,4539.085,4547.119,4537.329,4545.801,7994
2025-12-26 16:30:00+00:00,4545.841,4546.325,4538.851,4539.706,6569
2025-12-26 16:45:00+00:00,4539.742,4543.34,4531.47,4536.461,8064
2025-12-26 17:00:00+00:00,4536.494,4537.708,4525.652,4526.24,6315
2025-12-26 17:15:00+00:00,4526.349,4528.247,4516.932,4518.286,8794
2025-12-26 17:30:00+00:00,4518.243,4520.522,4509.84,4516.418,9982
2025-12-26 17:45:00+00:00,4516.391,4524.637,4512.298,4518.955,6816
2025-12-26 18:00:00+00:00,4518.996,4521.392,4514.722,4517.629,6521
2025-12-26 18:15:00+00:00,4517.664,4524.609,4516.067,4518.889,6184
2025-12-26 18:30:00+00:00,4518.939,4530.366,4516.088,4529.629,5510
2025-12-26 18:45:00+00:00,4529.578,4532.61,4527.504,4530.876,4494
2025-12-26 19:00:00+00:00,4530.972,4534.355,4524.695,4533.654,4404
2025-12-26 19:15:00+00:00,4533.67,4535.621,4528.788,4529.885,3345
2025-12-26 19:30:00+00:00,4529.835,4530.267,4521.884,4525.224,3841
2025-12-26 19:45:00+00:00,4525.154,4526.895,4520.031,4523.759,3546
2025-12-26 20:00:00+00:00,4523.796,4533.922,4522.851,4532.863,4933
2025-12-26 20:15:00+00:00,4532.911,4535.346,4521.822,4523.648,5624
2025-12-26 20:30:00+00:00,4523.583,4531.263,4522.744,4530.395,4968
2025-12-26 20:45:00+00:00,4530.445,4533.377,4525.725,4531.115,5207
2025-12-26 21:00:00+00:00,4531.083,4533.222,4527.374,4528.632,2991
2025-12-26 21:15:00+00:00,4528.581,4533.299,4528.338,4531.504,2550
2025-12-26 21:30:00+00:00,4531.58,4534.664,4529.81,4532.329,3627
2025-12-26 21:45:00+00:00,4532.415,4534.307,4529.69,4532.568,2566
2025-12-28 23:00:00+00:00,4546.214,4548.5,4523.347,4533.725,8479
2025-12-28 23:15:00+00:00,4533.71,4541.995,4532.595,4536.184,7022
2025-12-28 23:30:00+00:00,4536.149,4540.132,4530.774,4532.504,5035
2025-12-28 23:45:00+00:00,4532.454,4534.669,4525.83,4527.184,4814
2025-12-29 00:00:00+00:00,4527.21,4528.013,4514.441,4524.076,9942
2025-12-29 00:15:00+00:00,4524.025,4524.069,4482.529,4487.214,23816
2025-12-29 00:30:00+00:00,4487.183,4503.304,4472.314,4489.787,14747
2025-12-29 00:45:00+00:00,4489.747,4506.749,4489.479,4497.406,8354
2025-12-29 01:00:00+00:00,4497.46,4514.792,4492.931,4512.344,14499
2025-12-29 01:15:00+00:00,4512.268,4517.496,4495.979,4499.605,10030
2025-12-29 01:30:00+00:00,4499.65,4507.822,4492.212,4501.669,10328
2025-12-29 01:45:00+00:00,4501.631,4506.772,4495.088,4497.163,6711
2025-12-29 02:00:00+00:00,4497.131,4509.009,4496.412,4507.177,7272
2025-12-29 02:15:00+00:00,4507.223,4514.007,4504.229,4512.581,3635
2025-12-29 02:30:00+00:00,4512.509,4515.529,4508.836,4511.64,4910
2025-12-29 02:45:00+00:00,4511.715,4515.794,4509.359,4512.367,4194
2025-12-29 03:00:00+00:00,4512.321,4518.85,4509.462,4515.362,5472
2025-12-29 03:15:00+00:00,4515.324,4518.346,4512.202,4512.8,5331
2025-12-29 03:30:00+00:00,4512.833,4520.608,4512.833,4516.55,3947
2025-12-29 03:45:00+00:00,4516.539,4517.505,4513.557,4516.325,2630
2025-12-29 04:00:00+00:00,4516.34,4516.909,4507.57,4514.995,4217
2025-12-29 04:15:00+00:00,4515.012,4516.084,4510.804,4514.094,3153
2025-12-29 04:30:00+00:00,4514.136,4519.452,4512.979,4515.672,2170
2025-12-29 04:45:00+00:00,4515.654,4516.415,4513.276,4515.736,2190
2025-12-29 05:00:00+00:00,4515.684,4515.684,4509.759,4514.612,3679
2025-12-29 05:15:00+00:00,4514.619,4515.805,4511.142,4513.977,2270
2025-12-29 05:30:00+00:00,4514.019,4519.305,4512.123,4516.484,3802
2025-12-29 05:45:00+00:00,4516.561,4517.592,4505.076,4506.734,5957
2025-12-29 06:00:00+00:00,4506.767,4510.669,4500.306,4506.124,7744
2025-12-29 06:15:00+00:00,4506.161,4507.216,4489.298,4490.773,7847
2025-12-29 06:30:00+00:00,4490.813,4497.832,4484.702,4487.117,9189
2025-12-29 06:45:00+00:00,4487.09,4487.892,4471.324,4475.186,12148
2025-12-29 07:00:00+00:00,4475.157,4476.454,4444.935,4473.428,20834
2025-12-29 07:15:00+00:00,4473.386,4481.862,4471.314,4471.539,8809
2025-12-29 07:30:00+00:00,4471.599,4479.752,4470.345,4473.464,6580
2025-12-29 07:45:00+00:00,4473.433,4478.887,4472.968,4474.592,5848
2025-12-29 08:00:00+00:00,4474.713,4485.943,4466.122,4483.846,8623
2025-12-29 08:15:00+00:00,4483.809,4488.661,4479.92,4479.92,5308
2025-12-29 08:30:00+00:00,4480.022,4480.8,4470.02,4470.18,6847
2025-12-29 08:45:00+00:00,4470.218,4472.034,4452.588,4460.937,10541
2025-12-29 09:00:00+00:00,4460.977,4467.701,4459.155,4467.409,7183
2025-12-29 09:15:00+00:00,4467.35,4468.931,4462.005,4466.099,4903
2025-12-29 09:30:00+00:00,4466.058,4475.598,4460.216,4475.454,4622
2025-12-29 09:45:00+00:00,4475.499,4476.301,4469.074,4472.176,3415
2025-12-29 10:00:00+00:00,4472.148,4474.524,4468.927,4471.115,3251
2025-12-29 10:15:00+00:00,4471.083,4472.317,4462.731,4462.731,3612
2025-12-29 10:30:00+00:00,4462.828,4463.813,4456.99,4460.104,5284
2025-12-29 10:45:00+00:00,4460.054,4463.398,4458.57,4460.856,3543
2025-12-29 11:00:00+00:00,4460.865,4461.038,4455.903,4458.407,3511
2025-12-29 11:15:00+00:00,4458.415,4467.635,4457.701,4465.166,3406
2025-12-29 11:30:00+00:00,4465.134,4465.869,4434.21,4452.917,7149
2025-12-29 11:45:00+00:00,4452.945,4453.371,4441.488,4446.684,8766
2025-12-29 12:00:00+00:00,4446.71,4456.331,4445.595,4452.541,6578
2025-12-29 12:15:00+00:00,4452.633,4457.17,4451.588,4456.689,3395
2025-12-29 12:30:00+00:00,4456.64,4464.412,4454.797,4462.347,3403
2025-12-29 12:45:00+00:00,4462.33,4464.673,4460.598,4464.197,3451
2025-12-29 13:00:00+00:00,4464.241,4467.761,4456.662,4457.857,9798
2025-12-29 13:15:00+00:00,4457.867,4460.069,4445.196,4451.608,9043
2025-12-29 13:30:00+00:00,4451.624,4454.828,4425.225,4429.604,12414
2025-12-29 13:45:00+00:00,4429.595,4429.595,4406.938,4421.483,16816
2025-12-29 14:00:00+00:00,4421.433,4421.433,4386.125,4398.612,20470
2025-12-29 14:15:00+00:00,4398.645,4405.542,4386.411,4389.615,14169
2025-12-29 14:30:00+00:00,4389.662,4390.055,4356.55,4373.539,23529
2025-12-29 14:45:00+00:00,4373.486,4384.669,4358.774,4360.413,16275
2025-12-29 15:00:00+00:00,4360.356,4360.695,4328.269,4342.69,17056
2025-12-29 15:15:00+00:00,4342.655,4342.704,4302.137,4319.833,20012
2025-12-29 15:30:00+00:00,4319.715,4336.855,4316.537,4331.313,13739
2025-12-29 15:45:00+00:00,4331.376,4339.889,4322.453,4325.328,11988
2025-12-29 16:00:00+00:00,4325.282,4342.733,4323.439,4333.882,10948
2025-12-29 16:15:00+00:00,4333.949,4337.726,4324.213,4334.154,10347
2025-12-29 16:30:00+00:00,4334.082,4342.459,4328.854,4334.96,8823
2025-12-29 16:45:00+00:00,4334.842,4347.549,4334.463,4341.805,8506
2025-12-29 17:00:00+00:00,4341.841,4343.111,4325.882,4330.252,9407
2025-12-29 17:15:00+00:00,4330.277,4333.506,4322.526,4329.137,6745
2025-12-29 17:30:00+00:00,4329.189,4329.827,4314.689,4319.614,8088
2025-12-29 17:45:00+00:00,4319.565,4329.331,4319.364,4328.092,6846
2025-12-29 18:00:00+00:00,4328.06,4333.523,4325.838,4329.36,7407
2025-12-29 18:15:00+00:00,4329.461,4335.007,4322.894,4327.898,10166
2025-12-29 18:30:00+00:00,4327.871,4334.361,4326.368,4330.521,5631
2025-12-29 18:45:00+00:00,4330.558,4332.361,4327.992,4331.405,3246
2025-12-29 19:00:00+00:00,4331.441,4335.834,4327.709,4335.308,3763
2025-12-29 19:15:00+00:00,4335.341,4336.707,4328.523,4330.599,4076
2025-12-29 19:30:00+00:00,4330.59,4335.805,4330.31,4332.281,3120
2025-12-29 19:45:00+00:00,4332.33,4337.968,4331.143,4336.993,3243
2025-12-29 20:00:00+00:00,4337.018,4344.679,4336.554,4342.457,4451
2025-12-29 20:15:00+00:00,4342.497,4342.781,4337.078,4340.625,3371
2025-12-29 20:30:00+00:00,4340.651,4341.559,4325.818,4333.483,5028
2025-12-29 20:45:00+00:00,4333.51,4335.715,4328.826,4334.685,5031
2025-12-29 21:00:00+00:00,4334.596,4339.306,4328.397,4335.666,3981
2025-12-29 21:15:00+00:00,4335.696,4337.737,4330.578,4331.486,2438
2025-12-29 21:30:00+00:00,4331.444,4332.334,4327.326,4329.532,3160
2025-12-29 21:45:00+00:00,4329.563,4332.747,4329.35,4331.546,1702
2025-12-29 23:00:00+00:00,4339.166,4347.18,4336.663,4340.637,3046
2025-12-29 23:15:00+00:00,4340.616,4340.853,4323.334,4333.757,4944
2025-12-29 23:30:00+00:00,4333.889,4337.228,4330.937,4336.938,2426
2025-12-29 23:45:00+00:00,4337.009,4346.952,4336.41,4345.645,2929
2025-12-30 00:00:00+00:00,4345.569,4347.47,4337.988,4346.732,4410
2025-12-30 00:15:00+00:00,4346.698,4350.881,4343.801,4349.304,3609
2025-12-30 00:30:00+00:00,4349.333,4349.421,4339.8,4340.883,3317
2025-12-30 00:45:00+00:00,4340.916,4343.014,4334.479,4339.658,4105
2025-12-30 01:00:00+00:00,4339.619,4340.033,4324.366,4334.91,10969
2025-12-30 01:15:00+00:00,4334.913,4343.5,4334.913,4336.547,5495
2025-12-30 01:30:00+00:00,4336.522,4349.444,4331.862,4347.089,5839
2025-12-30 01:45:00+00:00,4346.975,4360.17,4346.544,4360.153,7707
2025-12-30 02:00:00+00:00,4360.195,4361.863,4351.764,4355.382,7247
2025-12-30 02:15:00+00:00,4355.346,4357.735,4352.703,4355.709,4594
2025-12-30 02:30:00+00:00,4355.68,4356.99,4348.887,4354.574,6441
2025-12-30 02:45:00+00:00,4354.633,4364.987,4354.585,4362.656,5022
2025-12-30 03:00:00+00:00,4362.692,4365.383,4357.257,4360.793,4705
2025-12-30 03:15:00+00:00,4360.838,4369.288,4359.034,4367.963,4714
2025-12-30 03:30:00+00:00,4368.014,4368.806,4361.462,4363.61,2868
2025-12-30 03:45:00+00:00,4363.523,4364.929,4356.298,4359.264,3076
2025-12-30 04:00:00+00:00,4359.285,4362.339,4357.584,4361.485,2213
2025-12-30 04:15:00+00:00,4361.445,4365.736,4360.645,4363.271,1966
2025-12-30 04:30:00+00:00,4363.299,4369.75,4362.246,4366.85,2162
2025-12-30 04:45:00+00:00,4366.889,4367.287,4362.234,4363.481,1799
2025-12-30 05:00:00+00:00,4363.471,4364.815,4358.923,4364.067,2287
2025-12-30 05:15:00+00:00,4364.013,4376.097,4362.424,4372.413,3721
2025-12-30 05:30:00+00:00,4372.307,4380.021,4372.067,4374.684,6451
2025-12-30 05:45:00+00:00,4374.715,4379.631,4372.809,4377.697,4315
2025-12-30 06:00:00+00:00,4377.731,4378.494,4372.591,4373.139,4316
2025-12-30 06:15:00+00:00,4373.188,4374.032,4364.307,4366.792,6918
2025-12-30 06:30:00+00:00,4366.744,4369.748,4360.039,4362.06,6356
2025-12-30 06:45:00+00:00,4362.015,4366.737,4359.882,4364.71,5352
2025-12-30 07:00:00+00:00,4364.672,4368.69,4359.177,4368.641,5378
2025-12-30 07:15:00+00:00,4368.677,4372.43,4365.806,4368.324,4518
2025-12-30 07:30:00+00:00,4368.296,4377.126,4368.142,4377.0,3880
2025-12-30 07:45:00+00:00,4377.031,4383.54,4370.415,4372.569,4607
2025-12-30 08:00:00+00:00,4372.625,4374.008,4363.459,4370.423,4319
2025-12-30 08:15:00+00:00,4370.469,4371.546,4351.837,4353.385,5357
2025-12-30 08:30:00+00:00,4353.5,4360.444,4350.137,4359.119,5197
2025-12-30 08:45:00+00:00,4359.076,4366.225,4354.181,4364.961,4114
2025-12-30 09:00:00+00:00,4365.015,4373.732,4364.149,4373.11,3114
2025-12-30 09:15:00+00:00,4373.073,4376.425,4367.698,4368.588,4193
2025-12-30 09:30:00+00:00,4368.557,4371.726,4367.139,4368.272,3067
2025-12-30 09:45:00+00:00,4368.316,4373.807,4367.412,4372.033,2962
2025-12-30 10:00:00+00:00,4371.98,4376.114,4367.598,4375.729,3163
2025-12-30 10:15:00+00:00,4375.773,4382.762,4374.606,4382.169,4306
2025-12-30 10:30:00+00:00,4382.125,4391.783,4381.585,4382.789,5643
2025-12-30 10:45:00+00:00,4382.797,4385.701,4378.732,4384.93,3015
2025-12-30 11:00:00+00:00,4384.858,4390.24,4384.858,4386.761,3462
2025-12-30 11:15:00+00:00,4386.878,4389.598,4385.584,4388.826,3331
2025-12-30 11:30:00+00:00,4388.847,4389.336,4383.701,4384.735,2587
2025-12-30 11:45:00+00:00,4384.791,4385.284,4381.208,4384.409,2684
2025-12-30 12:00:00+00:00,4384.366,4397.492,4383.428,4396.164,3798
2025-12-30 12:15:00+00:00,4396.202,4399.287,4391.768,4393.953,4508
2025-12-30 12:30:00+00:00,4393.9,4402.825,4393.102,4399.744,3794
2025-12-30 12:45:00+00:00,4399.869,4402.224,4396.426,4401.232,4598
2025-12-30 13:00:00+00:00,4401.266,4404.215,4396.99,4399.323,8624
2025-12-30 13:15:00+00:00,4399.381,4399.398,4389.869,4393.515,8008
2025-12-30 13:30:00+00:00,4393.538,4393.697,4376.127,4379.619,11004
2025-12-30 13:45:00+00:00,4379.569,4389.518,4376.311,4388.289,6972
2025-12-30 14:00:00+00:00,4388.34,4390.41,4382.519,4386.318,6213
2025-12-30 14:15:00+00:00,4386.348,4391.308,4380.913,4390.637,6193
2025-12-30 14:30:00+00:00,4390.745,4392.2,4364.019,4371.47,13649
2025-12-30 14:45:00+00:00,4371.334,4372.117,4355.758,4366.377,11597
2025-12-30 15:00:00+00:00,4366.292,4373.211,4360.91,4369.262,11626
2025-12-30 15:15:00+00:00,4369.296,4377.606,4365.022,4366.078,8411
2025-12-30 15:30:00+00:00,4366.033,4374.506,4359.332,4362.557,8978
2025-12-30 15:45:00+00:00,4362.582,4370.966,4360.973,4365.096,7429
2025-12-30 16:00:00+00:00,4365.132,4365.469,4354.839,4358.573,8155
2025-12-30 16:15:00+00:00,4358.505,4371.482,4357.629,4368.849,6850
2025-12-30 16:30:00+00:00,4368.88,4368.88,4362.461,4367.139,5214
2025-12-30 16:45:00+00:00,4367.176,4379.938,4366.346,4377.719,5271
2025-12-30 17:00:00+00:00,4377.77,4381.803,4373.191,4373.353,5555
2025-12-30 17:15:00+00:00,4373.326,4376.729,4368.32,4374.816,4708
2025-12-30 17:30:00+00:00,4374.877,4376.185,4364.847,4368.641,5782
2025-12-30 17:45:00+00:00,4368.599,4370.556,4364.317,4370.161,3677
2025-12-30 18:00:00+00:00,4370.2,4378.78,4368.863,4371.096,4595
2025-12-30 18:15:00+00:00,4371.109,4372.081,4366.015,4370.855,5143
2025-12-30 18:30:00+00:00,4370.896,4371.069,4362.438,4365.978,4731
2025-12-30 18:45:00+00:00,4365.976,4367.61,4363.228,4364.807,3412
2025-12-30 19:00:00+00:00,4364.87,4368.081,4363.659,4366.71,3210
2025-12-30 19:15:00+00:00,4366.639,4367.622,4364.062,4365.875,2900
2025-12-30 19:30:00+00:00,4365.861,4366.48,4360.052,4362.812,2653
2025-12-30 19:45:00+00:00,4362.884,4363.109,4337.569,4348.624,9967
2025-12-30 20:00:00+00:00,4348.649,4350.462,4338.22,4348.268,8236
2025-12-30 20:15:00+00:00,4348.175,4352.858,4345.965,4350.522,4851
2025-12-30 20:30:00+00:00,4350.561,4355.571,4346.07,4348.738,4290
2025-12-30 20:45:00+00:00,4348.84,4351.747,4337.901,4341.802,6742
2025-12-30 21:00:00+00:00,4341.836,4350.284,4340.754,4348.329,3552
2025-12-30 21:15:00+00:00,4348.317,4348.892,4346.42,4346.481,1803
2025-12-30 21:30:00+00:00,4346.423,4349.411,4346.176,4348.838,1004
2025-12-30 21:45:00+00:00,4348.827,4349.516,4334.786,4338.759,3642
2025-12-30 23:00:00+00:00,4343.52,4346.469,4339.874,4345.839,2301
2025-12-30 23:15:00+00:00,4345.785,4345.894,4332.05,4334.15,3906
2025-12-30 23:30:00+00:00,4334.238,4342.759,4328.508,4339.48,4201
2025-12-30 23:45:00+00:00,4339.6,4339.693,4333.403,4338.922,3502
2025-12-31 00:00:00+00:00,4338.986,4344.195,4338.895,4341.673,3227
2025-12-31 00:15:00+00:00,4341.626,4343.215,4332.501,4336.506,3880
2025-12-31 00:30:00+00:00,4336.48,4346.922,4332.879,4343.135,4469
2025-12-31 00:45:00+00:00,4343.14,4343.942,4336.509,4342.413,4459
2025-12-31 01:00:00+00:00,4342.377,4355.785,4336.9,4353.566,9193
2025-12-31 01:15:00+00:00,4353.534,4360.903,4349.085,4354.842,6134
2025-12-31 01:30:00+00:00,4354.802,4369.681,4354.432,4368.71,5727
2025-12-31 01:45:00+00:00,4368.737,4373.417,4365.498,4366.062,5879
2025-12-31 02:00:00+00:00,4366.123,4371.289,4361.235,4362.418,4500
2025-12-31 02:15:00+00:00,4362.446,4364.092,4357.707,4361.099,4262
2025-12-31 02:30:00+00:00,4361.206,4371.106,4357.629,4370.194,6518
2025-12-31 02:45:00+00:00,4370.147,4370.781,4346.689,4348.691,11293
2025-12-31 03:00:00+00:00,4348.764,4359.944,4344.127,4359.515,8786
2025-12-31 03:15:00+00:00,4359.509,4359.892,4340.845,4348.829,10072
2025-12-31 03:30:00+00:00,4348.787,4353.953,4346.577,4351.993,4457
2025-12-31 03:45:00+00:00,4352.028,4352.66,4345.539,4348.586,4913
2025-12-31 04:00:00+00:00,4348.545,4351.368,4344.693,4348.437,4643
2025-12-31 04:15:00+00:00,4348.397,4348.597,4342.36,4346.515,3606
2025-12-31 04:30:00+00:00,4346.548,4348.379,4342.701,4343.382,3027
2025-12-31 04:45:00+00:00,4343.413,4346.033,4330.759,4332.989,4866
2025-12-31 05:00:00+00:00,4333.049,4334.634,4329.365,4334.634,5130
2025-12-31 05:15:00+00:00,4334.664,4342.986,4332.732,4342.535,3595
2025-12-31 05:30:00+00:00,4342.59,4343.016,4317.715,4324.951,10299
2025-12-31 05:45:00+00:00,4324.838,4327.875,4275.838,4285.812,18018
2025-12-31 06:00:00+00:00,4285.838,4301.525,4274.379,4299.138,12960
2025-12-31 06:15:00+00:00,4299.103,4308.779,4292.739,4307.332,9199
2025-12-31 06:30:00+00:00,4307.381,4317.474,4304.91,4314.54,6876
2025-12-31 06:45:00+00:00,4314.623,4329.282,4311.981,4328.006,6393
2025-12-31 07:00:00+00:00,4328.054,4332.431,4323.744,4330.702,6821
2025-12-31 07:15:00+00:00,4330.674,4335.193,4329.071,4333.373,5014
2025-12-31 07:30:00+00:00,4333.343,4334.941,4330.457,4332.226,3641
2025-12-31 07:45:00+00:00,4332.303,4332.77,4326.763,4331.108,3486
2025-12-31 08:00:00+00:00,4331.079,4333.067,4320.289,4323.04,5410
2025-12-31 08:15:00+00:00,4322.992,4327.613,4322.086,4326.196,4148
2025-12-31 08:30:00+00:00,4326.171,4326.581,4317.123,4317.445,3136
2025-12-31 08:45:00+00:00,4317.421,4318.059,4303.336,4307.21,5636
2025-12-31 09:00:00+00:00,4307.246,4318.248,4306.968,4317.093,5880
2025-12-31 09:15:00+00:00,4317.062,4327.294,4310.887,4323.665,4268
2025-12-31 09:30:00+00:00,4323.672,4337.319,4323.248,4336.114,3634
2025-12-31 09:45:00+00:00,4336.084,4337.346,4325.387,4325.913,4276
2025-12-31 10:00:00+00:00,4325.97,4331.492,4324.706,4327.096,3331
2025-12-31 10:15:00+00:00,4327.075,4330.295,4319.595,4319.746,3259
2025-12-31 10:30:00+00:00,4319.711,4319.711,4305.234,4307.448,7079
2025-12-31 10:45:00+00:00,4307.411,4310.918,4303.736,4306.677,4342
2025-12-31 11:00:00+00:00,4306.625,4315.448,4304.104,4314.035,4047
2025-12-31 11:15:00+00:00,4314.066,4315.966,4309.735,4311.271,2799
2025-12-31 11:30:00+00:00,4311.235,4313.692,4307.873,4312.653,3225
2025-12-31 11:45:00+00:00,4312.817,4316.433,4309.327,4311.005,4119
2025-12-31 12:00:00+00:00,4310.906,4312.4,4305.32,4308.823,3924
2025-12-31 12:15:00+00:00,4308.878,4310.682,4303.096,4306.893,3937
2025-12-31 12:30:00+00:00,4306.863,4318.143,4306.608,4317.306,3651
2025-12-31 12:45:00+00:00,4317.271,4317.596,4310.823,4313.899,3261
2025-12-31 13:00:00+00:00,4313.926,4317.045,4308.076,4311.759,4270
2025-12-31 13:15:00+00:00,4311.799,4329.23,4311.544,4328.677,5488
2025-12-31 13:30:00+00:00,4328.635,4335.1,4326.061,4333.045,6000
2025-12-31 13:45:00+00:00,4333.079,4348.442,4332.129,4345.819,7354
2025-12-31 14:00:00+00:00,4345.85,4348.635,4334.722,4340.213,7448
2025-12-31 14:15:00+00:00,4340.263,4344.97,4332.962,4337.092,6263
2025-12-31 14:30:00+00:00,4337.123,4348.761,4332.911,4344.053,12896
2025-12-31 14:45:00+00:00,4344.103,4353.617,4342.439,4346.005,7491
2025-12-31 15:00:00+00:00,4346.05,4346.274,4329.135,4331.774,9982
2025-12-31 15:15:00+00:00,4331.733,4338.936,4326.981,4337.261,9299
2025-12-31 15:30:00+00:00,4337.203,4341.794,4328.863,4331.019,6785
2025-12-31 15:45:00+00:00,4330.906,4337.909,4327.37,4337.274,6941
2025-12-31 16:00:00+00:00,4337.321,4339.737,4321.766,4323.815,7811
2025-12-31 16:15:00+00:00,4323.931,4329.733,4321.658,4325.633,6264
2025-12-31 16:30:00+00:00,4325.597,4329.679,4318.929,4319.798,5546
2025-12-31 16:45:00+00:00,4319.776,4324.657,4317.127,4322.976,4423
2025-12-31 17:00:00+00:00,4323.006,4328.347,4320.367,4323.428,4169
2025-12-31 17:15:00+00:00,4323.464,4324.757,4318.084,4320.588,4707
2025-12-31 17:30:00+00:00,4320.56,4329.562,4318.806,4325.405,5174
2025-12-31 17:45:00+00:00,4325.423,4327.006,4320.234,4321.796,4414
2025-12-31 18:00:00+00:00,4321.851,4327.723,4321.368,4327.325,1186
2025-12-31 18:15:00+00:00,4327.399,4331.309,4323.685,4328.439,1380
2025-12-31 18:30:00+00:00,4328.192,4328.766,4318.12,4322.058,1296
2025-12-31 18:45:00+00:00,4322.009,4322.009,4315.462,4319.303,1032
2025-12-31 19:00:00+00:00,4319.471,4322.655,4315.228,4317.678,1159
2025-12-31 19:15:00+00:00,4317.677,4319.93,4316.357,4317.474,933
2025-12-31 19:30:00+00:00,4317.639,4317.816,4307.289,4310.579,1504
2025-12-31 19:45:00+00:00,4310.414,4313.849,4308.152,4311.253,1213
2025-12-31 20:00:00+00:00,4311.052,4315.485,4304.157,4314.682,1245
2025-12-31 20:15:00+00:00,4314.52,4318.775,4312.662,4314.337,1061
2025-12-31 20:30:00+00:00,4314.52,4324.245,4314.188,4320.935,1323
2025-12-31 20:45:00+00:00,4320.995,4321.736,4306.487,4312.854,1535
2025-12-31 21:00:00+00:00,4313.034,4314.544,4310.377,4313.268,1166
2025-12-31 21:15:00+00:00,4313.259,4313.29,4307.171,4310.07,2014
2025-12-31 21:30:00+00:00,4310.069,4316.534,4309.404,4314.788,1736
2025-12-31 21:45:00+00:00,4314.7,4318.933,4313.851,4318.847,2325
2026-01-01 23:00:00+00:00,4328.34,4335.378,4327.659,4330.888,1335
2026-01-01 23:15:00+00:00,4330.922,4342.614,4328.348,4341.25,2568
2026-01-01 23:30:00+00:00,4341.299,4345.5,4338.883,4345.39,1544
2026-01-01 23:45:00+00:00,4345.419,4351.517,4341.807,4348.337,2744
2026-01-02 00:00:00+00:00,4348.358,4353.298,4344.48,4348.007,2917
2026-01-02 00:15:00+00:00,4347.94,4349.365,4341.316,4347.187,2824
2026-01-02 00:30:00+00:00,4347.194,4350.865,4346.638,4349.59,2762
2026-01-02 00:45:00+00:00,4349.63,4356.206,4349.63,4354.191,2895
2026-01-02 01:00:00+00:00,4354.197,4356.159,4345.148,4346.593,4125
2026-01-02 01:15:00+00:00,4346.632,4349.862,4344.606,4349.18,3516
2026-01-02 01:30:00+00:00,4349.144,4351.56,4345.634,4346.774,3153
2026-01-02 01:45:00+00:00,4346.726,4354.447,4346.035,4348.03,3141
2026-01-02 02:00:00+00:00,4348.002,4351.993,4345.527,4346.988,2474
2026-01-02 02:15:00+00:00,4346.931,4348.387,4344.825,4347.73,3197
2026-01-02 02:30:00+00:00,4347.736,4353.424,4345.719,4351.512,3439
2026-01-02 02:45:00+00:00,4351.474,4363.176,4351.162,4362.798,3272
2026-01-02 03:00:00+00:00,4362.763,4371.855,4362.077,4368.983,2887
2026-01-02 03:15:00+00:00,4368.952,4370.82,4365.534,4369.02,2857
2026-01-02 03:30:00+00:00,4369.134,4374.851,4367.889,4373.781,3207
2026-01-02 03:45:00+00:00,4373.745,4375.846,4372.156,4375.173,2938
2026-01-02 04:00:00+00:00,4375.13,4378.641,4373.974,4374.913,3129
2026-01-02 04:15:00+00:00,4374.794,4375.827,4371.452,4373.641,2913
2026-01-02 04:30:00+00:00,4373.633,4375.526,4371.565,4375.387,2488
2026-01-02 04:45:00+00:00,4375.351,4375.802,4371.328,4373.267,2053
2026-01-02 05:00:00+00:00,4373.294,4380.201,4370.946,4377.841,2866
2026-01-02 05:15:00+00:00,4377.795,4380.229,4375.247,4378.565,2854
2026-01-02 05:30:00+00:00,4378.477,4379.87,4377.805,4378.685,1978
2026-01-02 05:45:00+00:00,4378.731,4381.75,4378.401,4380.664,1881
2026-01-02 06:00:00+00:00,4380.656,4381.069,4373.894,4375.058,2424
2026-01-02 06:15:00+00:00,4375.102,4379.966,4373.526,4379.727,2903
2026-01-02 06:30:00+00:00,4379.737,4379.809,4374.409,4374.517,1887
2026-01-02 06:45:00+00:00,4374.499,4376.344,4373.402,4374.795,2560
2026-01-02 07:00:00+00:00,4374.758,4378.125,4372.331,4377.044,3142
2026-01-02 07:15:00+00:00,4377.019,4377.497,4371.949,4373.857,2646
2026-01-02 07:30:00+00:00,4373.75,4380.657,4372.193,4375.74,2819
2026-01-02 07:45:00+00:00,4375.771,4383.363,4375.243,4382.8,2438
2026-01-02 08:00:00+00:00,4382.763,4386.62,4380.479,4385.088,2747
2026-01-02 08:15:00+00:00,4385.084,4385.86,4381.688,4385.357,2252
2026-01-02 08:30:00+00:00,4385.359,4390.566,4384.215,4390.445,2576
2026-01-02 08:45:00+00:00,4390.437,4397.619,4386.903,4387.12,3512
2026-01-02 09:00:00+00:00,4387.083,4391.131,4386.268,4390.126,3176
2026-01-02 09:15:00+00:00,4390.163,4391.706,4383.334,4388.775,3061
2026-01-02 09:30:00+00:00,4388.765,4389.892,4386.726,4388.746,2139
2026-01-02 09:45:00+00:00,4388.75,4389.55,4385.077,4385.609,2011
2026-01-02 10:00:00+00:00,4385.635,4388.558,4384.555,4388.186,2302
2026-01-02 10:15:00+00:00,4388.188,4390.228,4385.667,4386.508,2431
2026-01-02 10:30:00+00:00,4386.539,4396.535,4384.867,4393.653,3155
2026-01-02 10:45:00+00:00,4393.643,4398.55,4393.634,4396.07,2380
2026-01-02 11:00:00+00:00,4396.146,4397.981,4393.937,4395.043,1982
2026-01-02 11:15:00+00:00,4395.054,4399.384,4394.071,4394.356,2214
2026-01-02 11:30:00+00:00,4394.328,4395.746,4391.697,4395.052,2145
2026-01-02 11:45:00+00:00,4395.065,4395.634,4390.781,4392.898,2286
2026-01-02 12:00:00+00:00,4392.866,4397.312,4391.092,4395.334,2539
2026-01-02 12:15:00+00:00,4395.359,4398.279,4392.951,4393.282,2085
2026-01-02 12:30:00+00:00,4393.325,4394.559,4385.192,4388.086,3495
2026-01-02 12:45:00+00:00,4388.111,4394.844,4385.439,4394.411,3524
2026-01-02 13:00:00+00:00,4394.44,4401.154,4392.567,4399.83,3753
2026-01-02 13:15:00+00:00,4399.786,4402.406,4372.915,4374.657,9889
2026-01-02 13:30:00+00:00,4374.596,4377.237,4365.839,4372.627,9356
2026-01-02 13:45:00+00:00,4372.507,4377.979,4361.755,4365.991,7273
2026-01-02 14:00:00+00:00,4366.066,4372.73,4364.466,4370.468,6490
2026-01-02 14:15:00+00:00,4370.502,4373.682,4367.067,4368.441,5234
2026-01-02 14:30:00+00:00,4368.47,4370.317,4348.178,4356.31,16731
2026-01-02 14:45:00+00:00,4356.346,4363.046,4352.206,4353.44,11783
2026-01-02 15:00:00+00:00,4353.425,4356.997,4333.625,4340.49,13566
2026-01-02 15:15:00+00:00,4340.526,4342.752,4330.222,4336.604,13281
2026-01-02 15:30:00+00:00,4336.632,4346.756,4331.652,4346.116,9565
2026-01-02 15:45:00+00:00,4346.046,4346.988,4333.629,4335.47,10808
2026-01-02 16:00:00+00:00,4335.417,4337.403,4320.397,4322.584,14607
2026-01-02 16:15:00+00:00,4322.546,4324.938,4314.828,4321.62,11403
2026-01-02 16:30:00+00:00,4321.572,4328.24,4315.194,4325.878,8927
2026-01-02 16:45:00+00:00,4325.845,4328.254,4321.368,4326.428,7206
2026-01-02 17:00:00+00:00,4326.454,4333.465,4324.727,4330.143,6965
2026-01-02 17:15:00+00:00,4330.033,4333.01,4324.045,4328.892,4775
2026-01-02 17:30:00+00:00,4328.85,4331.277,4323.538,4326.414,5108
2026-01-02 17:45:00+00:00,4326.446,4328.123,4322.761,4323.089,5366
2026-01-02 18:00:00+00:00,4323.015,4323.772,4312.561,4314.605,5900
2026-01-02 18:15:00+00:00,4314.557,4321.68,4310.711,4318.562,6760
2026-01-02 18:30:00+00:00,4318.52,4319.492,4309.669,4312.387,4914
2026-01-02 18:45:00+00:00,4312.514,4315.687,4312.015,4315.06,4785
2026-01-02 19:00:00+00:00,4315.106,4322.165,4315.106,4321.42,4300
2026-01-02 19:15:00+00:00,4321.51,4323.13,4316.365,4318.63,3165
2026-01-02 19:30:00+00:00,4318.662,4326.335,4318.153,4322.68,4511
2026-01-02 19:45:00+00:00,4322.721,4322.981,4317.519,4318.185,3836
2026-01-02 20:00:00+00:00,4318.228,4321.496,4317.194,4319.935,3747
2026-01-02 20:15:00+00:00,4319.863,4329.417,4318.752,4328.391,3375
2026-01-02 20:30:00+00:00,4328.359,4329.28,4325.277,4326.865,3050
2026-01-02 20:45:00+00:00,4326.908,4331.565,4326.355,4331.422,3785
2026-01-02 21:00:00+00:00,4331.457,4331.857,4327.085,4329.02,2462
2026-01-02 21:15:00+00:00,4329.049,4329.74,4327.748,4328.855,1237
2026-01-02 21:30:00+00:00,4328.862,4330.52,4327.288,4328.67,1163
2026-01-02 21:45:00+00:00,4328.593,4333.948,4328.389,4331.759,1636
2026-01-04 23:00:00+00:00,4353.486,4370.794,4349.802,4370.135,2532
2026-01-04 23:15:00+00:00,4370.189,4372.679,4361.175,4366.939,4729
2026-01-04 23:30:00+00:00,4366.843,4366.843,4354.408,4362.137,3770
2026-01-04 23:45:00+00:00,4362.083,4375.948,4361.254,4372.57,4687
2026-01-05 00:00:00+00:00,4372.597,4380.032,4370.227,4378.116,4461
2026-01-05 00:15:00+00:00,4378.083,4389.652,4377.674,4387.295,4660
2026-01-05 00:30:00+00:00,4387.249,4396.775,4385.722,4387.928,6290
2026-01-05 00:45:00+00:00,4387.908,4396.153,4385.061,4394.983,5858
2026-01-05 01:00:00+00:00,4395.009,4421.112,4394.208,4403.027,20893
2026-01-05 01:15:00+00:00,4402.987,4405.462,4394.153,4396.144,12609
2026-01-05 01:30:00+00:00,4396.184,4405.365,4392.946,4404.083,10084
2026-01-05 01:45:00+00:00,4403.987,4406.756,4391.224,4401.876,9500
2026-01-05 02:00:00+00:00,4401.913,4405.073,4388.651,4394.077,7871
2026-01-05 02:15:00+00:00,4394.118,4403.06,4392.414,4402.299,5225
2026-01-05 02:30:00+00:00,4402.25,4407.113,4399.74,4399.834,7059
2026-01-05 02:45:00+00:00,4399.866,4409.586,4398.611,4405.407,5492
2026-01-05 03:00:00+00:00,4405.379,4414.082,4405.347,4410.694,5072
2026-01-05 03:15:00+00:00,4410.658,4412.59,4406.025,4407.524,3973
2026-01-05 03:30:00+00:00,4407.48,4410.709,4403.648,4409.668,3651
2026-01-05 03:45:00+00:00,4409.599,4410.372,4399.709,4399.941,3157
2026-01-05 04:00:00+00:00,4399.909,4404.528,4397.451,4400.193,3278
2026-01-05 04:15:00+00:00,4400.121,4406.361,4400.051,4404.846,2052
2026-01-05 04:30:00+00:00,4404.815,4407.71,4404.157,4405.682,2146
2026-01-05 04:45:00+00:00,4405.653,4408.399,4403.573,4404.219,2059
2026-01-05 05:00:00+00:00,4404.122,4408.92,4403.661,4408.107,2121
2026-01-05 05:15:00+00:00,4408.132,4412.737,4407.052,4412.513,1888
2026-01-05 05:30:00+00:00,4412.492,4414.553,4402.043,4402.12,5147
2026-01-05 05:45:00+00:00,4402.041,4412.403,4401.27,4412.369,4979
2026-01-05 06:00:00+00:00,4412.307,4420.254,4411.236,4418.188,5538
2026-01-05 06:15:00+00:00,4418.227,4426.206,4415.81,4424.117,5460
2026-01-05 06:30:00+00:00,4424.17,4426.559,4416.317,4420.118,5718
2026-01-05 06:45:00+00:00,4420.086,4422.087,4418.104,4420.161,3429
2026-01-05 07:00:00+00:00,4420.279,4424.084,4416.785,4419.909,3912
2026-01-05 07:15:00+00:00,4419.869,4423.224,4418.903,4420.415,2924
2026-01-05 07:30:00+00:00,4420.404,4425.113,4418.516,4424.64,3738
2026-01-05 07:45:00+00:00,4424.657,4424.67,4419.953,4421.826,3133
2026-01-05 08:00:00+00:00,4421.826,4425.371,4419.381,4424.369,3528
2026-01-05 08:15:00+00:00,4424.39,4430.23,4424.39,4426.693,3658
2026-01-05 08:30:00+00:00,4426.688,4430.932,4423.6,4429.96,3692
2026-01-05 08:45:00+00:00,4430.003,4433.973,4429.868,4430.181,3125
2026-01-05 09:00:00+00:00,4430.172,4432.255,4425.973,4430.408,3609
2026-01-05 09:15:00+00:00,4430.463,4434.604,4429.805,4432.66,2608
2026-01-05 09:30:00+00:00,4432.627,4438.187,4430.919,4437.464,2974
2026-01-05 09:45:00+00:00,4437.51,4438.173,4433.895,4434.845,3381
2026-01-05 10:00:00+00:00,4434.877,4435.498,4430.807,4433.199,2900
2026-01-05 10:15:00+00:00,4433.232,4436.585,4431.368,4433.196,2495
2026-01-05 10:30:00+00:00,4433.306,4438.891,4432.71,4435.037,2909
2026-01-05 10:45:00+00:00,4435.07,4440.011,4434.236,4436.25,2722
2026-01-05 11:00:00+00:00,4436.286,4437.501,4430.166,4433.196,4180
2026-01-05 11:15:00+00:00,4433.273,4433.801,4411.073,4417.196,6464
2026-01-05 11:30:00+00:00,4417.201,4424.571,4415.335,4424.15,4507
2026-01-05 11:45:00+00:00,4424.095,4426.142,4418.159,4419.349,3516
2026-01-05 12:00:00+00:00,4419.316,4421.533,4416.758,4417.807,4249
2026-01-05 12:15:00+00:00,4417.774,4418.535,4413.736,4415.646,3762
2026-01-05 12:30:00+00:00,4415.748,4417.238,4406.117,4409.803,4223
2026-01-05 12:45:00+00:00,4409.829,4412.469,4405.439,4409.669,4575
2026-01-05 13:00:00+00:00,4409.7,4418.988,4406.978,4409.113,8781
2026-01-05 13:15:00+00:00,4409.136,4413.233,4396.806,4399.52,10090
2026-01-05 13:30:00+00:00,4399.564,4414.524,4395.895,4412.094,8783
2026-01-05 13:45:00+00:00,4412.174,4417.228,4411.466,4416.777,4304
2026-01-05 14:00:00+00:00,4416.756,4428.437,4416.756,4426.308,7061
2026-01-05 14:15:00+00:00,4426.323,4429.678,4420.255,4421.07,6775
2026-01-05 14:30:00+00:00,4420.963,4430.151,4417.832,4429.572,14747
2026-01-05 14:45:00+00:00,4429.61,4442.879,4428.148,4436.879,10188
2026-01-05 15:00:00+00:00,4436.966,4455.685,4436.966,4449.173,10706
2026-01-05 15:15:00+00:00,4449.134,4452.417,4442.41,4444.504,9056
2026-01-05 15:30:00+00:00,4444.538,4447.976,4435.479,4447.297,9217
2026-01-05 15:45:00+00:00,4447.268,4450.102,4440.604,4448.524,5821
2026-01-05 16:00:00+00:00,4448.559,4451.45,4438.476,4446.331,6115
2026-01-05 16:15:00+00:00,4446.382,4448.879,4440.259,4440.937,4306
2026-01-05 16:30:00+00:00,4440.891,4446.053,4440.126,4445.173,3717
2026-01-05 16:45:00+00:00,4445.123,4454.476,4440.788,4441.949,5272
2026-01-05 17:00:00+00:00,4441.992,4442.542,4432.261,4442.542,9268
2026-01-05 17:15:00+00:00,4442.426,4449.056,4442.33,4445.959,4200
2026-01-05 17:30:00+00:00,4445.956,4447.544,4437.713,4439.66,4449
2026-01-05 17:45:00+00:00,4439.611,4445.75,4439.157,4443.566,4252
2026-01-05 18:00:00+00:00,4443.511,4448.314,4441.857,4447.208,3938
2026-01-05 18:15:00+00:00,4447.252,4448.613,4439.843,4441.414,4239
2026-01-05 18:30:00+00:00,4441.374,4445.968,4441.08,4443.601,3023
2026-01-05 18:45:00+00:00,4443.623,4448.613,4442.632,4448.613,2423
2026-01-05 19:00:00+00:00,4448.64,4449.504,4434.7,4439.971,6034
2026-01-05 19:15:00+00:00,4440.062,4443.005,4437.664,4441.607,3938
2026-01-05 19:30:00+00:00,4441.576,4445.937,4441.11,4442.695,2643
2026-01-05 19:45:00+00:00,4442.689,4444.112,4438.599,4439.845,2638
2026-01-05 20:00:00+00:00,4439.805,4445.468,4439.086,4443.925,3077
2026-01-05 20:15:00+00:00,4443.989,4447.01,4442.768,4445.497,2640
2026-01-05 20:30:00+00:00,4445.483,4445.483,4437.968,4437.976,4105
2026-01-05 20:45:00+00:00,4437.989,4446.014,4437.981,4445.05,4280
2026-01-05 21:00:00+00:00,4445.098,4448.209,4445.098,4447.084,2727
2026-01-05 21:15:00+00:00,4447.077,4447.14,4443.431,4445.592,1273
2026-01-05 21:30:00+00:00,4445.593,4448.524,4445.423,4446.171,1214
2026-01-05 21:45:00+00:00,4446.189,4449.325,4445.456,4448.989,1373
2026-01-05 23:00:00+00:00,4454.841,4460.318,4451.47,4451.636,1916
2026-01-05 23:15:00+00:00,4451.631,4453.459,4448.596,4448.949,1959
2026-01-05 23:30:00+00:00,4448.982,4450.27,4438.623,4442.984,2903
2026-01-05 23:45:00+00:00,4442.983,4444.024,4436.871,4440.334,2137
2026-01-06 00:00:00+00:00,4440.402,4441.865,4436.6,4440.626,3573
2026-01-06 00:15:00+00:00,4440.564,4442.724,4439.391,4441.059,2384
2026-01-06 00:30:00+00:00,4441.06,4444.917,4430.373,4436.574,4787
2026-01-06 00:45:00+00:00,4436.531,4438.234,4434.473,4436.385,3032
2026-01-06 01:00:00+00:00,4436.297,4442.152,4427.675,4441.709,9468
2026-01-06 01:15:00+00:00,4441.8,4444.251,4433.902,4434.922,6524
2026-01-06 01:30:00+00:00,4435.031,4443.276,4432.621,4439.236,6063
2026-01-06 01:45:00+00:00,4439.209,4452.327,4438.221,4450.417,5326
2026-01-06 02:00:00+00:00,4450.529,4460.746,4448.713,4459.62,6728
2026-01-06 02:15:00+00:00,4459.599,4460.891,4456.506,4460.617,3535
2026-01-06 02:30:00+00:00,4460.491,4461.367,4448.718,4453.589,6407
2026-01-06 02:45:00+00:00,4453.595,4457.544,4451.796,4454.98,3897
2026-01-06 03:00:00+00:00,4455.006,4465.747,4454.11,4462.603,4119
2026-01-06 03:15:00+00:00,4462.652,4468.037,4462.012,4463.666,4643
2026-01-06 03:30:00+00:00,4463.645,4467.717,4463.214,4466.163,2278
2026-01-06 03:45:00+00:00,4466.273,4468.212,4464.618,4467.733,2258
2026-01-06 04:00:00+00:00,4467.682,4468.547,4464.694,4465.76,2159
2026-01-06 04:15:00+00:00,4465.732,4467.455,4463.199,4464.802,2452
2026-01-06 04:30:00+00:00,4464.786,4466.45,4461.719,4462.73,2132
2026-01-06 04:45:00+00:00,4462.761,4468.551,4462.539,4467.36,1870
2026-01-06 05:00:00+00:00,4467.251,4469.717,4466.978,4467.359,2029
2026-01-06 05:15:00+00:00,4467.364,4470.717,4466.841,4469.718,2165
2026-01-06 05:30:00+00:00,4469.691,4474.262,4461.944,4463.065,6462
2026-01-06 05:45:00+00:00,4463.112,4464.887,4449.432,4452.445,7362
2026-01-06 06:00:00+00:00,4452.501,4458.294,4451.601,4456.816,5307
2026-01-06 06:15:00+00:00,4456.86,4461.014,4455.306,4460.958,4151
2026-01-06 06:30:00+00:00,4460.964,4465.736,4458.869,4463.711,4322
2026-01-06 06:45:00+00:00,4463.6,4466.961,4461.038,4465.693,4045
2026-01-06 07:00:00+00:00,4465.603,4470.462,4464.223,4468.474,3789
2026-01-06 07:15:00+00:00,4468.482,4469.658,4461.559,4464.52,2759
2026-01-06 07:30:00+00:00,4464.627,4467.178,4463.457,4464.698,2009
2026-01-06 07:45:00+00:00,4464.67,4466.451,4457.271,4459.479,4239
2026-01-06 08:00:00+00:00,4459.429,4463.458,4457.412,4461.878,4517
2026-01-06 08:15:00+00:00,4461.882,4476.002,4461.54,4471.071,3721
2026-01-06 08:30:00+00:00,4471.045,4472.693,4464.523,4465.905,4610
2026-01-06 08:45:00+00:00,4465.897,4469.425,4465.032,4468.331,2850
2026-01-06 09:00:00+00:00,4468.3,4468.593,4453.744,4457.944,4836
2026-01-06 09:15:00+00:00,4457.917,4458.108,4452.202,4456.737,4024
2026-01-06 09:30:00+00:00,4456.639,4457.075,4453.753,4455.892,2399
2026-01-06 09:45:00+00:00,4455.859,4456.287,4444.803,4446.349,6113
2026-01-06 10:00:00+00:00,4446.398,4452.246,4442.565,4450.246,4047
2026-01-06 10:15:00+00:00,4450.203,4452.624,4448.705,4450.167,2560
2026-01-06 10:30:00+00:00,4450.101,4456.041,4448.481,4451.082,3081
2026-01-06 10:45:00+00:00,4451.099,4453.268,4449.281,4451.733,2168
2026-01-06 11:00:00+00:00,4451.754,4453.069,4449.818,4450.733,2046
2026-01-06 11:15:00+00:00,4450.647,4455.755,4448.67,4455.533,2196
2026-01-06 11:30:00+00:00,4455.516,4462.454,4454.753,4462.215,3346
2026-01-06 11:45:00+00:00,4462.211,4464.609,4459.763,4463.377,2432
2026-01-06 12:00:00+00:00,4463.319,4464.759,4461.756,4462.135,2338
2026-01-06 12:15:00+00:00,4462.108,4465.68,4461.396,4464.466,2374
2026-01-06 12:30:00+00:00,4464.383,4466.318,4458.762,4462.084,2901
2026-01-06 12:45:00+00:00,4462.086,4464.926,4459.632,4463.614,2189
2026-01-06 13:00:00+00:00,4463.652,4468.269,4459.652,4465.541,5866
2026-01-06 13:15:00+00:00,4465.595,4470.587,4457.546,4459.126,6970
2026-01-06 13:30:00+00:00,4459.158,4462.273,4455.394,4461.139,6046
2026-01-06 13:45:00+00:00,4461.161,4468.344,4453.975,4467.983,5350
2026-01-06 14:00:00+00:00,4468.012,4472.678,4466.313,4471.795,5350
2026-01-06 14:15:00+00:00,4471.69,4473.421,4464.481,4466.772,5193
2026-01-06 14:30:00+00:00,4466.823,4483.043,4465.048,4479.642,10256
2026-01-06 14:45:00+00:00,4479.679,4489.999,4479.494,4487.466,6710
2026-01-06 15:00:00+00:00,4487.493,4490.896,4479.088,4480.285,9705
2026-01-06 15:15:00+00:00,4480.254,4483.403,4473.809,4480.981,8523
2026-01-06 15:30:00+00:00,4481.008,4481.97,4462.9,4475.39,11738
2026-01-06 15:45:00+00:00,4475.385,4479.954,4471.56,4478.351,7329
2026-01-06 16:00:00+00:00,4478.386,4483.257,4471.616,4478.79,7680
2026-01-06 16:15:00+00:00,4478.824,4485.335,4477.677,4483.425,4936
2026-01-06 16:30:00+00:00,4483.381,4489.053,4482.463,4488.106,4867
2026-01-06 16:45:00+00:00,4488.141,4488.814,4484.29,4488.24,4335
2026-01-06 17:00:00+00:00,4488.34,4490.303,4484.272,4488.321,4302
2026-01-06 17:15:00+00:00,4488.361,4490.126,4485.987,4487.043,3740
2026-01-06 17:30:00+00:00,4487.013,4489.98,4481.652,4484.003,4162
2026-01-06 17:45:00+00:00,4484.019,4491.626,4483.425,4489.462,3828
2026-01-06 18:00:00+00:00,4489.42,4491.714,4486.09,4491.091,3721
2026-01-06 18:15:00+00:00,4491.044,4494.128,4484.408,4486.006,4974
2026-01-06 18:30:00+00:00,4486.051,4487.906,4482.257,4486.34,4243
2026-01-06 18:45:00+00:00,4486.366,4490.453,4486.255,4488.52,2536
2026-01-06 19:00:00+00:00,4488.54,4489.407,4481.83,4482.109,3922
2026-01-06 19:15:00+00:00,4482.127,4484.732,4477.354,4480.933,4145
2026-01-06 19:30:00+00:00,4480.91,4483.662,4477.805,4481.579,3676
2026-01-06 19:45:00+00:00,4481.62,4483.843,4479.133,4481.409,3572
2026-01-06 20:00:00+00:00,4481.378,4486.907,4480.296,4485.41,2906
2026-01-06 20:15:00+00:00,4485.397,4487.658,4484.476,4485.509,2051
2026-01-06 20:30:00+00:00,4485.551,4490.223,4483.759,4489.759,3457
2026-01-06 20:45:00+00:00,4489.794,4496.944,4488.562,4493.817,3353
2026-01-06 21:00:00+00:00,4493.778,4494.72,4491.74,4492.049,2347
2026-01-06 21:15:00+00:00,4492.024,4494.729,4491.926,4494.071,1449
2026-01-06 21:30:00+00:00,4494.086,4497.185,4493.991,4496.309,1245
2026-01-06 21:45:00+00:00,4496.271,4497.412,4493.922,4494.6,1563
2026-01-06 23:00:00+00:00,4498.082,4499.533,4494.693,4497.603,1549
2026-01-06 23:15:00+00:00,4497.612,4500.541,4497.057,4498.61,1804
2026-01-06 23:30:00+00:00,4498.509,4499.552,4494.964,4495.21,1447
2026-01-06 23:45:00+00:00,4495.21,4496.306,4492.099,4493.261,2397
2026-01-07 00:00:00+00:00,4493.308,4494.495,4490.33,4493.229,3036
2026-01-07 00:15:00+00:00,4493.224,4493.635,4489.58,4491.088,2346
2026-01-07 00:30:00+00:00,4491.118,4494.714,4487.848,4489.846,3420
2026-01-07 00:45:00+00:00,4489.808,4492.197,4482.523,4491.903,4002
2026-01-07 01:00:00+00:00,4491.87,4495.916,4469.091,4471.07,14013
2026-01-07 01:15:00+00:00,4471.103,4479.071,4471.103,4477.126,8584
2026-01-07 01:30:00+00:00,4477.208,4477.921,4464.897,4468.686,9925
2026-01-07 01:45:00+00:00,4468.775,4470.652,4460.993,4465.5,6704
2026-01-07 02:00:00+00:00,4465.482,4475.753,4459.455,4472.385,7542
2026-01-07 02:15:00+00:00,4472.428,4475.106,4468.564,4473.884,3537
2026-01-07 02:30:00+00:00,4473.846,4478.617,4473.425,4475.806,4862
2026-01-07 02:45:00+00:00,4475.775,4478.816,4473.785,4474.656,4782
2026-01-07 03:00:00+00:00,4474.67,4477.074,4471.86,4474.619,4569
2026-01-07 03:15:00+00:00,4474.641,4480.318,4472.641,4476.448,4018
2026-01-07 03:30:00+00:00,4476.416,4478.881,4475.533,4478.282,2657
2026-01-07 03:45:00+00:00,4478.306,4478.447,4473.582,4474.683,2783
2026-01-07 04:00:00+00:00,4474.633,4476.068,4469.154,4470.364,4023
2026-01-07 04:15:00+00:00,4470.325,4472.053,4465.861,4466.042,4261
2026-01-07 04:30:00+00:00,4466.078,4468.554,4463.467,4465.328,4227
2026-01-07 04:45:00+00:00,4465.286,4467.205,4463.807,4464.805,3239
2026-01-07 05:00:00+00:00,4464.825,4467.176,4462.026,4465.915,3014
2026-01-07 05:15:00+00:00,4465.954,4470.287,4465.345,4468.604,2511
2026-01-07 05:30:00+00:00,4468.656,4469.236,4448.687,4452.389,10136
2026-01-07 05:45:00+00:00,4452.362,4454.531,4443.194,4454.27,9119
2026-01-07 06:00:00+00:00,4454.233,4459.198,4452.954,4456.308,4675
2026-01-07 06:15:00+00:00,4456.29,4460.503,4452.21,4455.117,4370
2026-01-07 06:30:00+00:00,4455.067,4455.625,4443.78,4446.734,6114
2026-01-07 06:45:00+00:00,4446.647,4450.918,4441.419,4444.205,6191
2026-01-07 07:00:00+00:00,4444.112,4450.948,4441.526,4450.302,4243
2026-01-07 07:15:00+00:00,4450.357,4455.051,4448.396,4455.004,3783
2026-01-07 07:30:00+00:00,4454.961,4460.017,4453.648,4458.883,3607
2026-01-07 07:45:00+00:00,4458.819,4465.205,4458.484,4461.273,3734
2026-01-07 08:00:00+00:00,4461.183,4466.573,4459.346,4465.794,3459
2026-01-07 08:15:00+00:00,4465.772,4468.536,4463.61,4465.25,3175
2026-01-07 08:30:00+00:00,4465.239,4474.841,4464.149,4466.862,3949
2026-01-07 08:45:00+00:00,4466.873,4470.669,4465.524,4468.315,2664
2026-01-07 09:00:00+00:00,4468.205,4468.705,4459.644,4465.873,3957
2026-01-07 09:15:00+00:00,4465.863,4467.342,4461.795,4462.104,3278
2026-01-07 09:30:00+00:00,4462.133,4464.517,4460.889,4461.489,2104
2026-01-07 09:45:00+00:00,4461.46,4465.643,4459.868,4463.388,2698
2026-01-07 10:00:00+00:00,4463.36,4465.589,4461.443,4464.735,2329
2026-01-07 10:15:00+00:00,4464.698,4466.645,4458.607,4459.826,2544
2026-01-07 10:30:00+00:00,4459.874,4467.34,4458.715,4466.102,2894
2026-01-07 10:45:00+00:00,4466.064,4467.833,4463.768,4464.482,1995
2026-01-07 11:00:00+00:00,4464.481,4464.947,4461.115,4461.797,2393
2026-01-07 11:15:00+00:00,4461.698,4464.318,4455.357,4459.035,2815
2026-01-07 11:30:00+00:00,4459.074,4460.105,4450.481,4450.481,3598
2026-01-07 11:45:00+00:00,4450.536,4454.551,4446.537,4447.469,4256
2026-01-07 12:00:00+00:00,4447.513,4450.274,4443.278,4445.629,4129
2026-01-07 12:15:00+00:00,4445.652,4450.488,4439.159,4450.105,5668
2026-01-07 12:30:00+00:00,4450.133,4455.125,4449.36,4449.974,3497
2026-01-07 12:45:00+00:00,4450.064,4453.856,4445.045,4445.093,3528
2026-01-07 13:00:00+00:00,4445.066,4449.995,4427.817,4433.647,11623
2026-01-07 13:15:00+00:00,4433.657,4447.272,4430.181,4442.139,8189
2026-01-07 13:30:00+00:00,4442.072,4450.712,4438.075,4445.591,9014
2026-01-07 13:45:00+00:00,4445.617,4453.132,4444.759,4452.968,6734
2026-01-07 14:00:00+00:00,4452.923,4454.365,4447.179,4447.363,7537
2026-01-07 14:15:00+00:00,4447.318,4453.622,4442.785,4444.718,7427
2026-01-07 14:30:00+00:00,4444.762,4452.379,4435.764,4444.236,12888
2026-01-07 14:45:00+00:00,4444.273,4453.046,4440.876,4445.604,10357
2026-01-07 15:00:00+00:00,4445.549,4445.549,4426.331,4426.609,9908
2026-01-07 15:15:00+00:00,4426.672,4442.217,4423.563,4441.945,9528
2026-01-07 15:30:00+00:00,4441.918,4452.207,4441.918,4442.236,8096
2026-01-07 15:45:00+00:00,4442.273,4447.972,4440.448,4446.078,6776
2026-01-07 16:00:00+00:00,4446.044,4450.619,4443.91,4447.043,6159
2026-01-07 16:15:00+00:00,4447.079,4461.281,4444.59,4457.89,6970
2026-01-07 16:30:00+00:00,4457.847,4468.026,4456.885,4467.629,7122
2026-01-07 16:45:00+00:00,4467.673,4468.377,4461.928,4464.27,5137
2026-01-07 17:00:00+00:00,4464.319,4465.416,4457.808,4460.217,4024
2026-01-07 17:15:00+00:00,4460.245,4463.213,4457.151,4458.518,3137
2026-01-07 17:30:00+00:00,4458.563,4461.654,4455.951,4456.973,3218
2026-01-07 17:45:00+00:00,4456.956,4459.414,4449.791,4451.851,4920
2026-01-07 18:00:00+00:00,4451.908,4453.046,4447.945,4449.891,5159
2026-01-07 18:15:00+00:00,4449.86,4455.924,4447.174,4452.134,5316
2026-01-07 18:30:00+00:00,4452.178,4458.756,4451.788,4456.298,3428
2026-01-07 18:45:00+00:00,4456.221,4456.498,4450.033,4451.993,3306
2026-01-07 19:00:00+00:00,4452.08,4455.358,4447.816,4449.37,3651
2026-01-07 19:15:00+00:00,4449.491,4451.158,4445.362,4450.582,3633
2026-01-07 19:30:00+00:00,4450.566,4457.311,4450.459,4453.392,3066
2026-01-07 19:45:00+00:00,4453.443,4458.028,4452.076,4456.852,2521
2026-01-07 20:00:00+00:00,4456.896,4459.505,4455.369,4458.364,3152
2026-01-07 20:15:00+00:00,4458.34,4461.7,4455.883,4458.13,3053
2026-01-07 20:30:00+00:00,4458.162,4460.534,4456.386,4456.824,4475
2026-01-07 20:45:00+00:00,4456.809,4459.845,4450.53,4451.964,5074
2026-01-07 21:00:00+00:00,4452.0,4454.666,4449.759,4453.915,2683
2026-01-07 21:15:00+00:00,4453.909,4455.309,4451.819,4452.499,1361
2026-01-07 21:30:00+00:00,4452.493,4454.564,4452.202,4453.3,1144
2026-01-07 21:45:00+00:00,4453.296,4456.091,4452.666,4455.734,1129
2026-01-07 23:00:00+00:00,4459.787,4462.804,4458.515,4459.885,1352
2026-01-07 23:15:00+00:00,4459.836,4464.17,4459.11,4461.951,1695
2026-01-07 23:30:00+00:00,4461.967,4462.841,4459.872,4461.814,1542
2026-01-07 23:45:00+00:00,4461.725,4463.758,4459.928,4463.418,1656
2026-01-08 00:00:00+00:00,4463.383,4465.91,4462.355,4465.576,2247
2026-01-08 00:15:00+00:00,4465.634,4466.48,4454.203,4456.839,2608
2026-01-08 00:30:00+00:00,4456.918,4459.043,4450.198,4451.484,4287
2026-01-08 00:45:00+00:00,4451.448,4452.45,4446.709,4450.263,4039
2026-01-08 01:00:00+00:00,4450.259,4460.443,4444.388,4457.25,7041
2026-01-08 01:15:00+00:00,4457.203,4460.501,4454.36,4455.062,5755
2026-01-08 01:30:00+00:00,4455.027,4457.658,4445.906,4447.603,6026
2026-01-08 01:45:00+00:00,4447.715,4448.509,4441.598,4448.506,5025
2026-01-08 02:00:00+00:00,4448.519,4449.725,4440.098,4446.592,4325
2026-01-08 02:15:00+00:00,4446.549,4446.784,4440.842,4441.217,3428
2026-01-08 02:30:00+00:00,4441.178,4442.904,4433.406,4442.174,7558
2026-01-08 02:45:00+00:00,4442.111,4444.193,4437.42,4441.382,5180
2026-01-08 03:00:00+00:00,4441.397,4445.754,4438.898,4442.627,5094
2026-01-08 03:15:00+00:00,4442.677,4445.854,4437.111,4444.21,4892
2026-01-08 03:30:00+00:00,4444.186,4446.486,4440.023,4442.088,2255
2026-01-08 03:45:00+00:00,4442.046,4442.957,4438.165,4440.299,2457
2026-01-08 04:00:00+00:00,4440.323,4440.373,4436.572,4440.101,2334
2026-01-08 04:15:00+00:00,4440.103,4440.56,4436.592,4436.641,2120
2026-01-08 04:30:00+00:00,4436.752,4438.937,4432.022,4432.022,2418
2026-01-08 04:45:00+00:00,4432.045,4433.38,4430.197,4431.553,2697
2026-01-08 05:00:00+00:00,4431.524,4432.468,4425.786,4427.3,3712
2026-01-08 05:15:00+00:00,4427.261,4429.586,4422.761,4425.97,4323
2026-01-08 05:30:00+00:00,4425.928,4426.997,4415.711,4418.64,9886
2026-01-08 05:45:00+00:00,4418.599,4427.735,4415.539,4425.388,6644
2026-01-08 06:00:00+00:00,4425.434,4429.307,4415.858,4421.027,7836
2026-01-08 06:15:00+00:00,4421.035,4428.332,4418.334,4426.062,6041
2026-01-08 06:30:00+00:00,4426.11,4437.606,4426.11,4435.666,5400
2026-01-08 06:45:00+00:00,4435.645,4436.197,4430.048,4433.359,4867
2026-01-08 07:00:00+00:00,4433.395,4439.902,4432.122,4435.983,4133
2026-01-08 07:15:00+00:00,4435.936,4437.009,4430.656,4436.529,4424
2026-01-08 07:30:00+00:00,4436.458,4436.769,4430.874,4431.579,3354
2026-01-08 07:45:00+00:00,4431.534,4434.032,4428.495,4431.056,3215
2026-01-08 08:00:00+00:00,4430.981,4433.289,4425.615,4425.816,4775
2026-01-08 08:15:00+00:00,4425.788,4430.748,4425.305,4426.895,3234
2026-01-08 08:30:00+00:00,4426.918,4428.683,4419.832,4421.146,4142
2026-01-08 08:45:00+00:00,4421.18,4432.902,4421.084,4431.573,4107
2026-01-08 09:00:00+00:00,4431.548,4435.485,4430.615,4431.008,3455
2026-01-08 09:15:00+00:00,4431.04,4431.415,4425.907,4430.255,3420
2026-01-08 09:30:00+00:00,4430.232,4434.852,4429.759,4433.25,2901
2026-01-08 09:45:00+00:00,4433.209,4433.513,4429.062,4432.575,2344
2026-01-08 10:00:00+00:00,4432.59,4432.71,4427.529,4429.237,2544
2026-01-08 10:15:00+00:00,4429.274,4430.651,4423.018,4424.667,3166
2026-01-08 10:30:00+00:00,4424.63,4434.825,4423.618,4432.599,3012
2026-01-08 10:45:00+00:00,4432.556,4433.962,4429.888,4433.276,2538
2026-01-08 11:00:00+00:00,4433.356,4433.356,4427.601,4428.343,2476
2026-01-08 11:15:00+00:00,4428.349,4429.643,4424.774,4426.455,2711
2026-01-08 11:30:00+00:00,4426.426,4428.109,4424.658,4426.469,2221
2026-01-08 11:45:00+00:00,4426.474,4427.367,4421.981,4422.728,2659
2026-01-08 12:00:00+00:00,4422.769,4422.945,4411.95,4412.305,6186
2026-01-08 12:15:00+00:00,4412.275,4422.372,4407.58,4420.402,5223
2026-01-08 12:30:00+00:00,4420.475,4431.351,4420.114,4429.014,4084
2026-01-08 12:45:00+00:00,4429.078,4430.397,4426.202,4427.857,3643
2026-01-08 13:00:00+00:00,4427.786,4429.783,4417.26,4420.515,8639
2026-01-08 13:15:00+00:00,4420.487,4436.268,4420.372,4434.019,6502
2026-01-08 13:30:00+00:00,4434.056,4435.771,4426.047,4433.272,5589
2026-01-08 13:45:00+00:00,4433.239,4434.006,4421.59,4423.741,6717
2026-01-08 14:00:00+00:00,4423.81,4428.031,4418.915,4423.408,8942
2026-01-08 14:15:00+00:00,4423.502,4430.095,4419.51,4427.676,6069
2026-01-08 14:30:00+00:00,4427.726,4435.421,4421.837,4426.119,13612
2026-01-08 14:45:00+00:00,4426.078,4439.417,4425.919,4432.845,10995
2026-01-08 15:00:00+00:00,4432.825,4449.268,4427.823,4447.946,10990
2026-01-08 15:15:00+00:00,4447.859,4454.12,4443.345,4447.694,10422
2026-01-08 15:30:00+00:00,4447.719,4455.51,4446.673,4452.99,8718
2026-01-08 15:45:00+00:00,4452.965,4456.541,4447.745,4454.101,7132
2026-01-08 16:00:00+00:00,4454.15,4458.016,4447.102,4447.255,7187
2026-01-08 16:15:00+00:00,4447.216,4455.168,4446.945,4453.494,5957
2026-01-08 16:30:00+00:00,4453.463,4464.615,4451.821,4460.74,6939
2026-01-08 16:45:00+00:00,4460.815,4464.291,4457.713,4463.165,5020
2026-01-08 17:00:00+00:00,4463.116,4465.479,4458.238,4459.989,4992
2026-01-08 17:15:00+00:00,4459.955,4462.284,4457.509,4461.682,4476
2026-01-08 17:30:00+00:00,4461.717,4463.59,4458.975,4461.446,2960
2026-01-08 17:45:00+00:00,4461.353,4464.223,4459.161,4463.398,2568
2026-01-08 18:00:00+00:00,4463.442,4463.442,4452.381,4453.949,4328
2026-01-08 18:15:00+00:00,4453.992,4456.579,4449.372,4452.177,5858
2026-01-08 18:30:00+00:00,4452.099,4453.808,4447.856,4452.19,3876
2026-01-08 18:45:00+00:00,4452.291,4454.999,4449.362,4449.652,2467
2026-01-08 19:00:00+00:00,4449.642,4451.292,4446.884,4447.3,2927
2026-01-08 19:15:00+00:00,4447.304,4449.825,4444.332,4447.765,2917
2026-01-08 19:30:00+00:00,4447.814,4452.803,4447.608,4451.446,2688
2026-01-08 19:45:00+00:00,4451.493,4452.921,4449.503,4452.141,2379
2026-01-08 20:00:00+00:00,4452.02,4458.99,4451.417,4458.204,3274
2026-01-08 20:15:00+00:00,4458.176,4473.782,4457.369,4470.024,4232
2026-01-08 20:30:00+00:00,4470.092,4478.15,4470.092,4473.586,6044
2026-01-08 20:45:00+00:00,4473.615,4477.906,4471.956,4476.027,4965
2026-01-08 21:00:00+00:00,4475.999,4479.735,4475.947,4477.939,2613
2026-01-08 21:15:00+00:00,4477.905,4478.721,4472.672,4475.146,2244
2026-01-08 21:30:00+00:00,4475.161,4475.924,4472.779,4474.306,1817
2026-01-08 21:45:00+00:00,4474.339,4478.785,4473.66,4477.366,1509
2026-01-08 23:00:00+00:00,4482.004,4484.208,4475.245,4476.937,2368
2026-01-08 23:15:00+00:00,4476.883,4478.727,4475.162,4477.097,1807
2026-01-08 23:30:00+00:00,4477.12,4477.514,4475.252,4475.781,1508
2026-01-08 23:45:00+00:00,4475.709,4476.27,4472.63,4475.597,1828
2026-01-09 00:00:00+00:00,4475.632,4476.742,4471.475,4471.634,2110
2026-01-09 00:15:00+00:00,4471.601,4472.935,4463.536,4465.834,3077
2026-01-09 00:30:00+00:00,4465.819,4468.632,4463.872,4467.75,2458
2026-01-09 00:45:00+00:00,4467.688,4467.803,4459.959,4462.915,3137
2026-01-09 01:00:00+00:00,4462.941,4465.557,4452.819,4459.214,8924
2026-01-09 01:15:00+00:00,4459.149,4461.547,4453.033,4457.281,6190
2026-01-09 01:30:00+00:00,4457.214,4463.495,4456.144,4462.607,5285
2026-01-09 01:45:00+00:00,4462.569,4470.03,4462.502,4468.977,4608
2026-01-09 02:00:00+00:00,4468.941,4476.579,4468.843,4471.851,5086
2026-01-09 02:15:00+00:00,4471.822,4474.447,4470.025,4472.357,2617
2026-01-09 02:30:00+00:00,4472.335,4475.62,4468.272,4473.322,4078
2026-01-09 02:45:00+00:00,4473.278,4473.699,4465.565,4469.395,3849
2026-01-09 03:00:00+00:00,4469.365,4470.009,4462.232,4464.3,4352
2026-01-09 03:15:00+00:00,4464.328,4466.503,4460.997,4463.502,4254
2026-01-09 03:30:00+00:00,4463.443,4465.473,4460.393,4463.746,2280
2026-01-09 03:45:00+00:00,4463.827,4465.871,4463.575,4464.219,1713
2026-01-09 04:00:00+00:00,4464.226,4465.722,4462.33,4462.585,1833
2026-01-09 04:15:00+00:00,4462.56,4463.994,4460.704,4462.805,1846
2026-01-09 04:30:00+00:00,4462.801,4464.799,4461.591,4463.294,2149
2026-01-09 04:45:00+00:00,4463.323,4466.835,4461.839,4464.783,1796
2026-01-09 05:00:00+00:00,4464.788,4466.861,4461.762,4463.059,1689
2026-01-09 05:15:00+00:00,4463.025,4465.024,4458.062,4464.656,2949
2026-01-09 05:30:00+00:00,4464.66,4471.761,4464.308,4467.468,4658
2026-01-09 05:45:00+00:00,4467.525,4469.611,4465.482,4468.157,3998
2026-01-09 06:00:00+00:00,4468.226,4471.007,4466.039,4467.184,3921
2026-01-09 06:15:00+00:00,4467.194,4473.632,4466.057,4473.632,3764
2026-01-09 06:30:00+00:00,4473.541,4475.653,4472.87,4474.997,3396
2026-01-09 06:45:00+00:00,4475.054,4477.413,4472.802,4474.162,3840
2026-01-09 07:00:00+00:00,4474.204,4475.545,4470.632,4471.264,2171
2026-01-09 07:15:00+00:00,4471.192,4473.053,4468.688,4470.257,2569
2026-01-09 07:30:00+00:00,4470.36,4473.009,4468.43,4471.724,2208
2026-01-09 07:45:00+00:00,4471.735,4473.471,4469.368,4470.263,2521
2026-01-09 08:00:00+00:00,4470.267,4476.785,4466.381,4474.457,3611
2026-01-09 08:15:00+00:00,4474.494,4475.428,4472.307,4473.342,2498
2026-01-09 08:30:00+00:00,4473.304,4473.933,4465.526,4466.792,3159
2026-01-09 08:45:00+00:00,4466.822,4468.654,4463.971,4468.492,2671
2026-01-09 09:00:00+00:00,4468.445,4474.993,4468.296,4474.75,2653
2026-01-09 09:15:00+00:00,4474.722,4477.674,4473.077,4473.952,2541
2026-01-09 09:30:00+00:00,4473.977,4475.13,4471.59,4471.723,2196
2026-01-09 09:45:00+00:00,4471.715,4474.311,4470.716,4471.203,1911
2026-01-09 10:00:00+00:00,4471.22,4474.272,4469.696,4471.957,1751
2026-01-09 10:15:00+00:00,4471.972,4473.841,4468.933,4469.027,1810
2026-01-09 10:30:00+00:00,4469.078,4472.484,4468.19,4469.219,2050
2026-01-09 10:45:00+00:00,4469.22,4472.872,4467.193,4472.637,1822
2026-01-09 11:00:00+00:00,4472.67,4474.8,4469.917,4472.11,1948
2026-01-09 11:15:00+00:00,4472.067,4473.069,4470.55,4470.702,1638
2026-01-09 11:30:00+00:00,4470.74,4471.926,4469.176,4470.683,2101
2026-01-09 11:45:00+00:00,4470.642,4476.212,4468.615,4475.43,2396
2026-01-09 12:00:00+00:00,4475.353,4480.629,4472.121,4474.269,3270
2026-01-09 12:15:00+00:00,4474.278,4474.96,4466.959,4467.637,2890
2026-01-09 12:30:00+00:00,4467.716,4468.785,4460.898,4465.999,3878
2026-01-09 12:45:00+00:00,4466.035,4468.254,4463.643,4465.975,3260
2026-01-09 13:00:00+00:00,4466.057,4473.747,4463.72,4467.413,6010
2026-01-09 13:15:00+00:00,4467.388,4474.669,4461.967,4472.947,7208
2026-01-09 13:30:00+00:00,4472.944,4491.969,4458.906,4487.058,14875
2026-01-09 13:45:00+00:00,4487.093,4488.935,4478.996,4482.705,10213
2026-01-09 14:00:00+00:00,4482.745,4496.429,4480.568,4489.327,10463
2026-01-09 14:15:00+00:00,4489.352,4495.888,4483.601,4494.285,9184
2026-01-09 14:30:00+00:00,4494.356,4498.15,4482.645,4487.829,13272
2026-01-09 14:45:00+00:00,4487.772,4495.331,4479.242,4494.539,13046
2026-01-09 15:00:00+00:00,4494.565,4500.432,4489.997,4496.721,10394
2026-01-09 15:15:00+00:00,4496.687,4511.034,4493.592,4505.353,10240
2026-01-09 15:30:00+00:00,4505.401,4517.18,4505.21,4514.326,7954
2026-01-09 15:45:00+00:00,4514.306,4514.876,4508.522,4512.273,6527
2026-01-09 16:00:00+00:00,4512.371,4514.336,4499.838,4503.158,8050
2026-01-09 16:15:00+00:00,4503.116,4507.155,4500.18,4503.658,6740
2026-01-09 16:30:00+00:00,4503.719,4507.13,4500.846,4504.727,4688
2026-01-09 16:45:00+00:00,4504.768,4508.145,4501.802,4506.52,3931
2026-01-09 17:00:00+00:00,4506.552,4511.732,4504.65,4508.885,4361
2026-01-09 17:15:00+00:00,4508.839,4508.906,4501.974,4503.827,4680
2026-01-09 17:30:00+00:00,4503.905,4510.128,4501.234,4502.078,4515
2026-01-09 17:45:00+00:00,4502.042,4503.286,4482.001,4484.546,7382
2026-01-09 18:00:00+00:00,4484.503,4493.218,4482.907,4492.913,6093
2026-01-09 18:15:00+00:00,4492.869,4494.63,4489.634,4491.478,6261
2026-01-09 18:30:00+00:00,4491.376,4504.642,4491.179,4502.362,3982
2026-01-09 18:45:00+00:00,4502.401,4502.791,4495.301,4496.021,3926
2026-01-09 19:00:00+00:00,4496.085,4498.097,4492.711,4497.035,3460
2026-01-09 19:15:00+00:00,4496.987,4501.655,4496.636,4498.85,2439
2026-01-09 19:30:00+00:00,4498.884,4500.218,4495.883,4496.724,2878
2026-01-09 19:45:00+00:00,4496.721,4501.909,4496.721,4499.322,2394
2026-01-09 20:00:00+00:00,4499.294,4507.171,4497.752,4506.853,3083
2026-01-09 20:15:00+00:00,4506.784,4509.388,4503.301,4505.52,3492
2026-01-09 20:30:00+00:00,4505.545,4506.078,4502.464,4504.084,3572
2026-01-09 20:45:00+00:00,4504.087,4510.116,4503.771,4507.629,3662
2026-01-09 21:00:00+00:00,4507.6,4508.647,4505.038,4508.257,1842
2026-01-09 21:15:00+00:00,4508.192,4510.608,4507.466,4509.707,1327
2026-01-09 21:30:00+00:00,4509.731,4511.246,4506.104,4510.25,1587
2026-01-09 21:45:00+00:00,4510.213,4510.68,4508.202,4509.075,1541
2026-01-11 23:00:00+00:00,4517.918,4530.803,4517.918,4530.127,2818
2026-01-11 23:15:00+00:00,4530.098,4538.303,4529.369,4537.838,3141
2026-01-11 23:30:00+00:00,4537.856,4545.041,4533.289,4542.356,4007
2026-01-11 23:45:00+00:00,4542.31,4543.921,4538.357,4539.96,3306
2026-01-12 00:00:00+00:00,4540.016,4554.43,4536.245,4553.665,5218
2026-01-12 00:15:00+00:00,4553.63,4565.984,4551.254,4564.608,6019
2026-01-12 00:30:00+00:00,4564.718,4593.99,4562.303,4591.36,12249
2026-01-12 00:45:00+00:00,4591.306,4601.22,4588.29,4588.948,10003
2026-01-12 01:00:00+00:00,4588.987,4594.993,4577.869,4581.76,17610
2026-01-12 01:15:00+00:00,4581.73,4584.214,4574.103,4582.69,13122
2026-01-12 01:30:00+00:00,4582.754,4584.293,4571.582,4573.618,10975
2026-01-12 01:45:00+00:00,4573.567,4579.187,4570.14,4570.14,7588
2026-01-12 02:00:00+00:00,4570.108,4574.977,4561.787,4567.063,9738
2026-01-12 02:15:00+00:00,4566.963,4570.229,4564.477,4566.211,5004
2026-01-12 02:30:00+00:00,4566.177,4579.216,4562.583,4578.861,6911
2026-01-12 02:45:00+00:00,4578.831,4582.217,4573.574,4577.477,5798
2026-01-12 03:00:00+00:00,4577.425,4580.469,4575.002,4578.62,4679
2026-01-12 03:15:00+00:00,4578.651,4581.186,4576.322,4581.164,4529
2026-01-12 03:30:00+00:00,4581.185,4581.449,4572.538,4572.887,3159
2026-01-12 03:45:00+00:00,4572.925,4574.554,4567.651,4570.658,3586
2026-01-12 04:00:00+00:00,4570.695,4571.304,4565.517,4568.722,3207
2026-01-12 04:15:00+00:00,4568.757,4572.065,4567.182,4568.517,2593
2026-01-12 04:30:00+00:00,4568.62,4569.932,4563.506,4567.861,3409
2026-01-12 04:45:00+00:00,4567.96,4570.177,4566.046,4568.609,2029
2026-01-12 05:00:00+00:00,4568.565,4572.149,4565.908,4570.14,2820
2026-01-12 05:15:00+00:00,4570.108,4573.97,4569.602,4572.502,2604
2026-01-12 05:30:00+00:00,4572.499,4583.097,4569.666,4581.651,6031
2026-01-12 05:45:00+00:00,4581.698,4585.146,4578.863,4581.025,6073
2026-01-12 06:00:00+00:00,4580.979,4580.979,4571.485,4572.769,4787
2026-01-12 06:15:00+00:00,4572.818,4576.028,4569.639,4573.767,3531
2026-01-12 06:30:00+00:00,4573.677,4576.476,4571.964,4574.427,3371
2026-01-12 06:45:00+00:00,4574.398,4580.021,4573.892,4578.421,3699
2026-01-12 07:00:00+00:00,4578.455,4584.138,4574.698,4583.338,4006
2026-01-12 07:15:00+00:00,4583.373,4587.565,4578.826,4581.484,4791
2026-01-12 07:30:00+00:00,4581.599,4585.396,4578.649,4583.821,3990
2026-01-12 07:45:00+00:00,4583.795,4589.681,4583.086,4587.7,3057
2026-01-12 08:00:00+00:00,4587.743,4589.485,4581.984,4583.445,4327
2026-01-12 08:15:00+00:00,4583.328,4584.404,4579.546,4583.646,4610
2026-01-12 08:30:00+00:00,4583.674,4589.722,4581.89,4585.526,3646
2026-01-12 08:45:00+00:00,4585.508,4598.383,4585.008,4596.747,4220
2026-01-12 09:00:00+00:00,4596.863,4597.655,4593.364,4597.172,4234
2026-01-12 09:15:00+00:00,4597.067,4599.363,4594.073,4596.621,3259
2026-01-12 09:30:00+00:00,4596.549,4597.04,4593.541,4595.482,2841
2026-01-12 09:45:00+00:00,4595.41,4595.549,4587.759,4589.117,3114
2026-01-12 10:00:00+00:00,4589.16,4593.386,4585.964,4592.21,3675
2026-01-12 10:15:00+00:00,4592.202,4594.111,4588.688,4592.422,2458
2026-01-12 10:30:00+00:00,4592.47,4594.631,4586.643,4589.735,3881
2026-01-12 10:45:00+00:00,4589.758,4595.443,4589.561,4594.219,2565
2026-01-12 11:00:00+00:00,4594.171,4594.888,4590.522,4591.02,2366
2026-01-12 11:15:00+00:00,4590.975,4594.0,4583.886,4585.266,3522
2026-01-12 11:30:00+00:00,4585.31,4592.07,4584.424,4591.965,2866
2026-01-12 11:45:00+00:00,4592.006,4592.074,4581.808,4585.272,3024
2026-01-12 12:00:00+00:00,4585.261,4586.886,4579.16,4582.205,4850
2026-01-12 12:15:00+00:00,4582.172,4582.89,4578.521,4582.647,3797
2026-01-12 12:30:00+00:00,4582.69,4586.951,4582.147,4586.158,2817
2026-01-12 12:45:00+00:00,4586.259,4590.725,4585.399,4590.556,2708
2026-01-12 13:00:00+00:00,4590.435,4609.341,4588.667,4606.654,8670
2026-01-12 13:15:00+00:00,4606.565,4611.165,4604.414,4605.112,7570
2026-01-12 13:30:00+00:00,4605.061,4613.347,4604.882,4609.148,6230
2026-01-12 13:45:00+00:00,4609.182,4620.403,4607.932,4615.806,5978
2026-01-12 14:00:00+00:00,4615.85,4617.363,4592.683,4596.453,13427
2026-01-12 14:15:00+00:00,4596.39,4599.541,4584.885,4586.608,11667
2026-01-12 14:30:00+00:00,4586.545,4611.514,4585.113,4604.248,15214
2026-01-12 14:45:00+00:00,4604.285,4608.195,4597.471,4602.226,13380
2026-01-12 15:00:00+00:00,4602.193,4619.311,4601.844,4617.548,9153
2026-01-12 15:15:00+00:00,4617.564,4622.288,4610.327,4619.487,8789
2026-01-12 15:30:00+00:00,4619.522,4627.426,4618.441,4623.735,8365
2026-01-12 15:45:00+00:00,4623.686,4624.971,4617.904,4621.268,7199
2026-01-12 16:00:00+00:00,4621.242,4629.881,4617.512,4629.2,6076
2026-01-12 16:15:00+00:00,4629.155,4630.183,4619.764,4620.09,5724
2026-01-12 16:30:00+00:00,4620.039,4623.36,4607.847,4612.466,6742
2026-01-12 16:45:00+00:00,4612.362,4618.593,4612.043,4616.948,4701
2026-01-12 17:00:00+00:00,4616.941,4618.449,4613.672,4615.517,4386
2026-01-12 17:15:00+00:00,4615.539,4618.645,4612.015,4616.294,4340
2026-01-12 17:30:00+00:00,4616.384,4617.062,4610.771,4613.314,4732
2026-01-12 17:45:00+00:00,4613.349,4620.685,4613.302,4616.469,4871
2026-01-12 18:00:00+00:00,4616.477,4618.617,4608.425,4608.425,4736
2026-01-12 18:15:00+00:00,4608.397,4608.638,4600.443,4605.606,7955
2026-01-12 18:30:00+00:00,4605.572,4610.841,4603.019,4606.013,3933
2026-01-12 18:45:00+00:00,4606.051,4611.45,4603.66,4610.738,3072
2026-01-12 19:00:00+00:00,4610.794,4614.709,4608.644,4613.757,2799
2026-01-12 19:15:00+00:00,4613.813,4617.336,4612.723,4616.868,2906
2026-01-12 19:30:00+00:00,4616.972,4619.056,4614.043,4616.413,2560
2026-01-12 19:45:00+00:00,4616.373,4616.952,4609.261,4611.112,3251
2026-01-12 20:00:00+00:00,4611.138,4611.735,4599.835,4602.943,4773
2026-01-12 20:15:00+00:00,4602.97,4604.445,4599.679,4602.438,4962
2026-01-12 20:30:00+00:00,4602.491,4604.891,4592.409,4592.627,4111
2026-01-12 20:45:00+00:00,4592.596,4599.257,4591.478,4593.806,5481
2026-01-12 21:00:00+00:00,4593.84,4596.98,4591.049,4592.7,3475
2026-01-12 21:15:00+00:00,4592.788,4594.279,4590.767,4593.797,1969
2026-01-12 21:30:00+00:00,4593.789,4595.248,4589.81,4590.168,1726
2026-01-12 21:45:00+00:00,4590.147,4597.295,4589.224,4596.711,2285
2026-01-12 23:00:00+00:00,4600.673,4603.608,4577.95,4579.172,4002
2026-01-12 23:15:00+00:00,4579.137,4588.694,4578.444,4584.619,4666
2026-01-12 23:30:00+00:00,4584.657,4590.155,4584.165,4586.192,3285
2026-01-12 23:45:00+00:00,4586.241,4599.747,4586.189,4599.371,3365
2026-01-13 00:00:00+00:00,4599.408,4599.73,4592.223,4592.998,3658
2026-01-13 00:15:00+00:00,4593.029,4596.013,4588.212,4588.371,2506
2026-01-13 00:30:00+00:00,4588.374,4590.985,4584.481,4586.334,3064
2026-01-13 00:45:00+00:00,4586.266,4592.243,4586.266,4587.454,2669
2026-01-13 01:00:00+00:00,4587.452,4595.772,4581.558,4592.477,10419
2026-01-13 01:15:00+00:00,4592.511,4595.644,4581.65,4581.854,6136
2026-01-13 01:30:00+00:00,4581.906,4587.33,4575.522,4583.243,7016
2026-01-13 01:45:00+00:00,4583.239,4586.058,4577.569,4577.984,6124
2026-01-13 02:00:00+00:00,4577.916,4590.569,4576.721,4586.465,5250
2026-01-13 02:15:00+00:00,4586.467,4587.256,4583.531,4583.839,2554
2026-01-13 02:30:00+00:00,4583.791,4590.338,4581.923,4589.215,4830
2026-01-13 02:45:00+00:00,4589.185,4595.062,4589.003,4594.245,4378
2026-01-13 03:00:00+00:00,4594.211,4599.717,4592.729,4598.032,3448
2026-01-13 03:15:00+00:00,4597.987,4598.655,4594.87,4595.714,3504
2026-01-13 03:30:00+00:00,4595.671,4598.07,4593.418,4594.011,2384
2026-01-13 03:45:00+00:00,4593.973,4595.284,4592.527,4594.166,2387
2026-01-13 04:00:00+00:00,4594.122,4597.978,4593.956,4597.533,1999
2026-01-13 04:15:00+00:00,4597.603,4599.72,4596.513,4597.323,2208
2026-01-13 04:30:00+00:00,4597.349,4599.709,4594.701,4598.819,2175
2026-01-13 04:45:00+00:00,4598.837,4599.336,4596.083,4596.517,1861
2026-01-13 05:00:00+00:00,4596.502,4598.558,4591.773,4594.353,2481
2026-01-13 05:15:00+00:00,4594.448,4601.555,4594.267,4601.404,1800
2026-01-13 05:30:00+00:00,4601.45,4602.247,4585.601,4594.363,7458
2026-01-13 05:45:00+00:00,4594.317,4596.02,4591.213,4592.164,3971
2026-01-13 06:00:00+00:00,4592.133,4592.361,4587.979,4590.265,4411
2026-01-13 06:15:00+00:00,4590.362,4590.909,4582.142,4584.983,4032
2026-01-13 06:30:00+00:00,4585.021,4586.284,4573.304,4575.99,5689
2026-01-13 06:45:00+00:00,4576.031,4583.334,4575.4,4581.583,4031
2026-01-13 07:00:00+00:00,4581.612,4585.223,4579.062,4584.705,3005
2026-01-13 07:15:00+00:00,4584.74,4584.967,4578.775,4584.075,3203
2026-01-13 07:30:00+00:00,4584.053,4587.236,4579.629,4580.31,3063
2026-01-13 07:45:00+00:00,4580.408,4582.465,4577.482,4580.548,2803
2026-01-13 08:00:00+00:00,4580.515,4591.712,4579.536,4587.812,4174
2026-01-13 08:15:00+00:00,4587.761,4592.683,4584.982,4589.98,3030
2026-01-13 08:30:00+00:00,4590.017,4597.255,4589.12,4593.601,3841
2026-01-13 08:45:00+00:00,4593.546,4595.464,4591.753,4592.785,2498
2026-01-13 09:00:00+00:00,4592.752,4595.771,4589.627,4594.079,2839
2026-01-13 09:15:00+00:00,4594.052,4595.062,4588.05,4589.249,2190
2026-01-13 09:30:00+00:00,4589.243,4592.102,4586.72,4590.751,2553
2026-01-13 09:45:00+00:00,4590.724,4591.095,4585.719,4586.197,2416
2026-01-13 10:00:00+00:00,4586.164,4587.043,4580.403,4583.52,2581
2026-01-13 10:15:00+00:00,4583.491,4586.357,4580.888,4584.588,2424
2026-01-13 10:30:00+00:00,4584.669,4588.289,4581.758,4587.111,2386
2026-01-13 10:45:00+00:00,4587.095,4587.205,4584.675,4586.3,1734
2026-01-13 11:00:00+00:00,4586.297,4588.933,4584.621,4584.621,1959
2026-01-13 11:15:00+00:00,4584.589,4589.046,4582.051,4586.898,3198
2026-01-13 11:30:00+00:00,4586.846,4589.825,4584.874,4589.814,1885
2026-01-13 11:45:00+00:00,4589.841,4592.049,4586.216,4588.503,2840
2026-01-13 12:00:00+00:00,4588.599,4589.207,4583.235,4583.516,2546
2026-01-13 12:15:00+00:00,4583.548,4584.802,4577.847,4580.522,2398
2026-01-13 12:30:00+00:00,4580.544,4586.2,4579.276,4585.748,2296
2026-01-13 12:45:00+00:00,4585.718,4595.185,4585.419,4593.256,2856
2026-01-13 13:00:00+00:00,4593.202,4606.218,4590.677,4602.845,7250
2026-01-13 13:15:00+00:00,4602.901,4606.488,4599.477,4601.216,7000
2026-01-13 13:30:00+00:00,4601.294,4620.387,4601.078,4617.788,10560
2026-01-13 13:45:00+00:00,4617.749,4621.052,4607.299,4611.531,8380
2026-01-13 14:00:00+00:00,4611.538,4619.121,4609.05,4618.743,7287
2026-01-13 14:15:00+00:00,4618.714,4623.84,4614.597,4618.186,5985
2026-01-13 14:30:00+00:00,4618.23,4626.025,4611.603,4625.798,12341
2026-01-13 14:45:00+00:00,4625.74,4634.727,4622.812,4629.966,11888
2026-01-13 15:00:00+00:00,4629.922,4630.307,4614.501,4621.436,10463
2026-01-13 15:15:00+00:00,4621.398,4623.426,4600.883,4608.7,14628
2026-01-13 15:30:00+00:00,4608.735,4616.323,4605.231,4614.78,9096
2026-01-13 15:45:00+00:00,4614.756,4620.621,4612.983,4619.108,5940
2026-01-13 16:00:00+00:00,4619.001,4620.751,4606.752,4612.377,6866
2026-01-13 16:15:00+00:00,4612.32,4612.922,4592.827,4598.511,8529
2026-01-13 16:30:00+00:00,4598.433,4609.345,4596.57,4608.839,5805
2026-01-13 16:45:00+00:00,4608.771,4613.89,4607.357,4613.306,3833
2026-01-13 17:00:00+00:00,4613.269,4616.014,4606.575,4608.51,3778
2026-01-13 17:15:00+00:00,4608.464,4612.641,4606.352,4609.767,3620
2026-01-13 17:30:00+00:00,4609.718,4612.103,4603.084,4604.547,6025
2026-01-13 17:45:00+00:00,4604.516,4607.015,4586.705,4590.502,7985
2026-01-13 18:00:00+00:00,4590.452,4594.414,4585.778,4594.343,8991
2026-01-13 18:15:00+00:00,4594.372,4595.113,4581.065,4591.711,9209
2026-01-13 18:30:00+00:00,4591.737,4600.864,4589.82,4600.45,4902
2026-01-13 18:45:00+00:00,4600.405,4602.052,4594.15,4594.198,4203
2026-01-13 19:00:00+00:00,4594.239,4595.833,4584.153,4595.619,5740
2026-01-13 19:15:00+00:00,4595.607,4597.203,4584.756,4593.391,5513
2026-01-13 19:30:00+00:00,4593.373,4598.96,4592.552,4595.95,4036
2026-01-13 19:45:00+00:00,4596.0,4599.033,4590.614,4597.503,3859
2026-01-13 20:00:00+00:00,4597.539,4597.876,4590.355,4592.992,4299
2026-01-13 20:15:00+00:00,4593.024,4595.244,4587.771,4588.971,4212
2026-01-13 20:30:00+00:00,4588.932,4589.311,4569.234,4585.206,9588
2026-01-13 20:45:00+00:00,4585.255,4589.339,4582.407,4586.045,5755
2026-01-13 21:00:00+00:00,4586.098,4589.481,4583.404,4583.484,2451
2026-01-13 21:15:00+00:00,4583.53,4589.582,4582.731,4587.937,2350
2026-01-13 21:30:00+00:00,4587.924,4589.532,4585.593,4589.127,2204
2026-01-13 21:45:00+00:00,4589.079,4589.945,4586.145,4586.552,1484
2026-01-13 23:00:00+00:00,4590.721,4595.985,4590.682,4595.985,1901
2026-01-13 23:15:00+00:00,4595.993,4597.968,4593.05,4597.379,1752
2026-01-13 23:30:00+00:00,4597.332,4597.399,4593.255,4594.346,1766
2026-01-13 23:45:00+00:00,4594.279,4598.871,4593.767,4597.136,1564
2026-01-14 00:00:00+00:00,4597.181,4607.803,4597.14,4605.212,3292
2026-01-14 00:15:00+00:00,4605.229,4610.728,4602.929,4609.591,2946
2026-01-14 00:30:00+00:00,4609.635,4610.679,4607.027,4608.64,2704
2026-01-14 00:45:00+00:00,4608.647,4610.664,4604.728,4609.153,3205
2026-01-14 01:00:00+00:00,4609.191,4617.067,4606.235,4615.466,7811
2026-01-14 01:15:00+00:00,4615.432,4618.511,4611.807,4614.568,5041
2026-01-14 01:30:00+00:00,4614.536,4618.836,4613.503,4614.659,4946
2026-01-14 01:45:00+00:00,4614.752,4619.966,4613.664,4619.137,4613
2026-01-14 02:00:00+00:00,4619.135,4620.862,4614.369,4618.234,5513
2026-01-14 02:15:00+00:00,4618.269,4621.396,4616.648,4619.999,2966
2026-01-14 02:30:00+00:00,4620.042,4622.602,4617.954,4621.221,4662
2026-01-14 02:45:00+00:00,4621.339,4623.614,4618.262,4620.633,3903
2026-01-14 03:00:00+00:00,4620.538,4622.913,4617.675,4618.109,3679
2026-01-14 03:15:00+00:00,4618.162,4621.489,4613.475,4615.161,3943
2026-01-14 03:30:00+00:00,4615.106,4625.588,4614.911,4624.203,2604
2026-01-14 03:45:00+00:00,4624.137,4630.088,4623.21,4628.238,3194
2026-01-14 04:00:00+00:00,4628.316,4630.246,4626.823,4627.484,2588
2026-01-14 04:15:00+00:00,4627.458,4630.046,4625.208,4626.6,2523
2026-01-14 04:30:00+00:00,4626.63,4629.943,4625.297,4628.095,1888
2026-01-14 04:45:00+00:00,4628.019,4630.562,4626.948,4629.468,2553
2026-01-14 05:00:00+00:00,4629.495,4639.638,4629.393,4634.021,4635
2026-01-14 05:15:00+00:00,4633.98,4635.504,4631.039,4634.34,3148
2026-01-14 05:30:00+00:00,4634.295,4639.961,4631.759,4636.407,6871
2026-01-14 05:45:00+00:00,4636.358,4639.501,4617.775,4619.88,9139
2026-01-14 06:00:00+00:00,4619.766,4635.416,4618.538,4633.6,8530
2026-01-14 06:15:00+00:00,4633.626,4635.243,4630.933,4633.037,4172
2026-01-14 06:30:00+00:00,4633.055,4633.444,4626.141,4630.712,5279
2026-01-14 06:45:00+00:00,4630.754,4637.289,4630.644,4637.289,4062
2026-01-14 07:00:00+00:00,4637.253,4638.537,4631.374,4632.865,3652
2026-01-14 07:15:00+00:00,4632.899,4639.604,4632.04,4637.173,3284
2026-01-14 07:30:00+00:00,4637.128,4638.354,4633.871,4636.798,2601
2026-01-14 07:45:00+00:00,4636.826,4637.722,4632.399,4632.634,2488
2026-01-14 08:00:00+00:00,4632.53,4634.332,4623.393,4627.294,5412
2026-01-14 08:15:00+00:00,4627.211,4628.759,4621.938,4625.144,5165
2026-01-14 08:30:00+00:00,4625.063,4632.784,4624.423,4632.291,3220
2026-01-14 08:45:00+00:00,4632.375,4637.912,4631.625,4634.917,3133
2026-01-14 09:00:00+00:00,4634.864,4639.243,4633.258,4638.287,2851
2026-01-14 09:15:00+00:00,4638.366,4639.71,4636.322,4637.539,2595
2026-01-14 09:30:00+00:00,4637.497,4637.92,4627.402,4627.746,3013
2026-01-14 09:45:00+00:00,4627.704,4631.768,4627.073,4630.422,3106
2026-01-14 10:00:00+00:00,4630.391,4632.442,4627.742,4631.635,2685
2026-01-14 10:15:00+00:00,4631.626,4637.063,4631.626,4635.042,2590
2026-01-14 10:30:00+00:00,4635.102,4638.166,4632.375,4635.742,2950
2026-01-14 10:45:00+00:00,4635.796,4636.508,4631.244,4633.025,2567
2026-01-14 11:00:00+00:00,4632.95,4636.577,4630.23,4635.357,2574
2026-01-14 11:15:00+00:00,4635.357,4637.446,4629.231,4630.264,3055
2026-01-14 11:30:00+00:00,4630.299,4632.805,4627.506,4630.798,3040
2026-01-14 11:45:00+00:00,4630.725,4631.597,4625.987,4630.316,2855
2026-01-14 12:00:00+00:00,4630.412,4638.52,4630.152,4635.724,4655
2026-01-14 12:15:00+00:00,4635.77,4638.949,4633.873,4636.084,2848
2026-01-14 12:30:00+00:00,4636.055,4638.21,4634.032,4634.682,3308
2026-01-14 12:45:00+00:00,4634.686,4642.045,4633.754,4638.782,3418
2026-01-14 13:00:00+00:00,4638.815,4641.783,4627.216,4628.559,10098
2026-01-14 13:15:00+00:00,4628.506,4635.251,4627.554,4631.79,6981
2026-01-14 13:30:00+00:00,4631.78,4637.275,4624.312,4636.656,7603
2026-01-14 13:45:00+00:00,4636.713,4636.915,4629.274,4635.839,5397
2026-01-14 14:00:00+00:00,4635.872,4638.828,4629.748,4634.197,6620
2026-01-14 14:15:00+00:00,4634.233,4638.024,4631.094,4635.35,5064
2026-01-14 14:30:00+00:00,4635.409,4635.409,4613.879,4619.026,14897
2026-01-14 14:45:00+00:00,4618.978,4620.679,4606.659,4617.582,13967
2026-01-14 15:00:00+00:00,4617.552,4617.552,4599.321,4615.545,14101
2026-01-14 15:15:00+00:00,4615.497,4626.452,4614.214,4615.354,9904
2026-01-14 15:30:00+00:00,4615.401,4621.889,4609.798,4613.012,8704
2026-01-14 15:45:00+00:00,4612.976,4619.263,4610.581,4617.855,7685
2026-01-14 16:00:00+00:00,4617.892,4621.675,4614.873,4617.911,6391
2026-01-14 16:15:00+00:00,4617.947,4624.844,4616.504,4621.698,6230
2026-01-14 16:30:00+00:00,4621.672,4623.309,4613.817,4615.607,6349
2026-01-14 16:45:00+00:00,4615.649,4617.462,4608.529,4616.995,7950
2026-01-14 17:00:00+00:00,4617.041,4619.147,4609.939,4615.674,5498
2026-01-14 17:15:00+00:00,4615.65,4615.762,4605.436,4611.273,7155
2026-01-14 17:30:00+00:00,4611.308,4612.183,4601.076,4604.4,8663
2026-01-14 17:45:00+00:00,4604.379,4616.625,4603.947,4614.239,6383
2026-01-14 18:00:00+00:00,4614.214,4623.649,4612.745,4623.536,5534
2026-01-14 18:15:00+00:00,4623.463,4630.32,4622.487,4628.364,6262
2026-01-14 18:30:00+00:00,4628.327,4633.46,4628.029,4631.408,4209
2026-01-14 18:45:00+00:00,4631.376,4637.171,4630.077,4635.044,4085
2026-01-14 19:00:00+00:00,4635.107,4643.189,4633.344,4636.875,6220
2026-01-14 19:15:00+00:00,4636.921,4640.033,4634.174,4635.008,4799
2026-01-14 19:30:00+00:00,4634.967,4640.657,4634.548,4639.869,4139
2026-01-14 19:45:00+00:00,4639.862,4641.576,4635.865,4639.223,3456
2026-01-14 20:00:00+00:00,4639.219,4641.596,4626.167,4636.199,11596
2026-01-14 20:15:00+00:00,4636.24,4637.892,4630.905,4634.138,6347
2026-01-14 20:30:00+00:00,4634.089,4635.519,4625.684,4626.339,6453
2026-01-14 20:45:00+00:00,4626.294,4633.057,4625.598,4632.498,5016
2026-01-14 21:00:00+00:00,4632.551,4633.061,4624.417,4624.573,2834
2026-01-14 21:15:00+00:00,4624.54,4627.05,4620.941,4622.375,4225
2026-01-14 21:30:00+00:00,4622.416,4623.382,4617.904,4621.158,2336
2026-01-14 21:45:00+00:00,4621.122,4628.856,4619.917,4626.038,3060
2026-01-14 23:00:00+00:00,4626.61,4626.949,4612.204,4616.808,3700
2026-01-14 23:15:00+00:00,4616.765,4618.599,4605.512,4609.157,3910
2026-01-14 23:30:00+00:00,4609.164,4612.902,4602.84,4606.56,3936
2026-01-14 23:45:00+00:00,4606.556,4616.149,4606.556,4615.294,3846
2026-01-15 00:00:00+00:00,4615.266,4618.0,4611.652,4616.568,3528
2026-01-15 00:15:00+00:00,4616.543,4618.206,4614.151,4616.7,3177
2026-01-15 00:30:00+00:00,4616.693,4617.962,4613.325,4613.88,2572
2026-01-15 00:45:00+00:00,4613.849,4617.469,4610.12,4615.28,3281
2026-01-15 01:00:00+00:00,4615.273,4617.412,4606.764,4609.225,9195
2026-01-15 01:15:00+00:00,4609.262,4610.165,4596.992,4600.62,10079
2026-01-15 01:30:00+00:00,4600.575,4603.121,4583.557,4602.495,15154
2026-01-15 01:45:00+00:00,4602.516,4607.05,4597.286,4600.055,8715
2026-01-15 02:00:00+00:00,4600.016,4614.613,4597.517,4613.897,6824
2026-01-15 02:15:00+00:00,4613.868,4614.666,4607.437,4611.059,5256
2026-01-15 02:30:00+00:00,4611.012,4614.714,4604.229,4607.462,6674
2026-01-15 02:45:00+00:00,4607.413,4607.579,4595.584,4602.831,6135
2026-01-15 03:00:00+00:00,4602.87,4604.377,4589.65,4591.378,7238
2026-01-15 03:15:00+00:00,4591.301,4594.737,4581.12,4585.28,8999
2026-01-15 03:30:00+00:00,4585.238,4597.507,4581.084,4596.591,6844
2026-01-15 03:45:00+00:00,4596.636,4596.636,4589.367,4592.282,4782
2026-01-15 04:00:00+00:00,4592.258,4594.719,4587.018,4593.882,4496
2026-01-15 04:15:00+00:00,4593.991,4597.525,4590.78,4593.867,3963
2026-01-15 04:30:00+00:00,4593.831,4595.843,4589.232,4590.866,3293
2026-01-15 04:45:00+00:00,4590.834,4595.592,4589.859,4592.249,3468
2026-01-15 05:00:00+00:00,4592.327,4592.405,4587.372,4587.603,3067
2026-01-15 05:15:00+00:00,4587.532,4593.034,4580.995,4593.034,4082
2026-01-15 05:30:00+00:00,4593.067,4593.807,4581.456,4589.695,8085
2026-01-15 05:45:00+00:00,4589.658,4599.006,4587.581,4595.228,5521
2026-01-15 06:00:00+00:00,4595.257,4608.479,4593.661,4605.454,5768
2026-01-15 06:15:00+00:00,4605.508,4610.044,4603.841,4604.217,5326
2026-01-15 06:30:00+00:00,4604.229,4608.19,4600.484,4605.643,4879
2026-01-15 06:45:00+00:00,4605.665,4612.06,4603.709,4610.261,4322
2026-01-15 07:00:00+00:00,4610.288,4611.123,4605.938,4609.523,3432
2026-01-15 07:15:00+00:00,4609.581,4613.59,4608.558,4610.181,3299
2026-01-15 07:30:00+00:00,4610.213,4611.225,4601.616,4604.087,3124
2026-01-15 07:45:00+00:00,4604.243,4604.49,4599.191,4601.818,3250
2026-01-15 08:00:00+00:00,4601.775,4604.548,4597.807,4603.671,4456
2026-01-15 08:15:00+00:00,4603.642,4606.278,4600.352,4602.035,3763
2026-01-15 08:30:00+00:00,4602.184,4607.15,4599.271,4606.363,3390
2026-01-15 08:45:00+00:00,4606.324,4606.663,4601.158,4604.308,3142
2026-01-15 09:00:00+00:00,4604.305,4604.838,4600.656,4603.973,2624
2026-01-15 09:15:00+00:00,4603.972,4605.481,4601.85,4604.673,2851
2026-01-15 09:30:00+00:00,4604.705,4611.258,4602.821,4609.435,2974
2026-01-15 09:45:00+00:00,4609.407,4613.071,4608.004,4612.63,2976
2026-01-15 10:00:00+00:00,4612.544,4614.15,4609.35,4612.5,2649
2026-01-15 10:15:00+00:00,4612.545,4615.937,4611.329,4612.151,2773
2026-01-15 10:30:00+00:00,4612.188,4619.335,4610.621,4617.908,2802
2026-01-15 10:45:00+00:00,4617.864,4620.643,4616.886,4619.803,2400
2026-01-15 11:00:00+00:00,4619.84,4621.634,4618.642,4619.037,2390
2026-01-15 11:15:00+00:00,4618.969,4620.627,4617.322,4619.149,2395
2026-01-15 11:30:00+00:00,4619.147,4623.032,4617.704,4617.896,2687
2026-01-15 11:45:00+00:00,4617.942,4620.304,4615.404,4619.132,3471
2026-01-15 12:00:00+00:00,4619.184,4620.747,4614.587,4614.859,3164
2026-01-15 12:15:00+00:00,4614.912,4618.667,4613.931,4616.464,2845
2026-01-15 12:30:00+00:00,4616.43,4618.655,4615.317,4617.241,2423
2026-01-15 12:45:00+00:00,4617.223,4617.503,4611.723,4613.952,3063
2026-01-15 13:00:00+00:00,4613.881,4616.137,4609.607,4611.638,7630
2026-01-15 13:15:00+00:00,4611.585,4613.948,4602.42,4605.548,8462
2026-01-15 13:30:00+00:00,4605.419,4605.419,4588.304,4590.109,10740
2026-01-15 13:45:00+00:00,4590.018,4594.305,4582.03,4588.413,7994
2026-01-15 14:00:00+00:00,4588.437,4599.921,4583.25,4599.874,9614
2026-01-15 14:15:00+00:00,4599.845,4606.828,4596.447,4602.655,7588
2026-01-15 14:30:00+00:00,4602.631,4611.9,4601.57,4602.846,13010
2026-01-15 14:45:00+00:00,4602.888,4615.181,4600.389,4611.03,10468
2026-01-15 15:00:00+00:00,4611.005,4615.272,4603.805,4613.217,9373
2026-01-15 15:15:00+00:00,4613.165,4618.07,4612.345,4616.342,7007
2026-01-15 15:30:00+00:00,4616.288,4617.59,4609.343,4611.614,6573
2026-01-15 15:45:00+00:00,4611.595,4616.992,4609.895,4615.473,5799
2026-01-15 16:00:00+00:00,4615.438,4623.221,4608.62,4622.127,6354
2026-01-15 16:15:00+00:00,4622.161,4624.902,4611.431,4611.744,7315
2026-01-15 16:30:00+00:00,4611.701,4613.405,4604.433,4607.465,6341
2026-01-15 16:45:00+00:00,4607.37,4607.37,4601.189,4605.607,5514
2026-01-15 17:00:00+00:00,4605.699,4611.16,4605.585,4609.697,4017
2026-01-15 17:15:00+00:00,4609.668,4613.665,4607.606,4610.975,3677
2026-01-15 17:30:00+00:00,4610.915,4616.612,4610.194,4614.453,3171
2026-01-15 17:45:00+00:00,4614.489,4616.995,4613.697,4616.439,3231
2026-01-15 18:00:00+00:00,4616.497,4620.363,4616.398,4617.897,4064
2026-01-15 18:15:00+00:00,4617.858,4621.27,4617.282,4619.379,4537
2026-01-15 18:30:00+00:00,4619.339,4619.339,4613.497,4615.596,4245
2026-01-15 18:45:00+00:00,4615.593,4619.703,4615.341,4617.591,3026
2026-01-15 19:00:00+00:00,4617.621,4621.733,4617.411,4619.056,2890
2026-01-15 19:15:00+00:00,4619.038,4620.703,4617.644,4618.336,2302
2026-01-15 19:30:00+00:00,4618.366,4619.263,4615.161,4616.902,2605
2026-01-15 19:45:00+00:00,4616.897,4617.182,4612.638,4615.794,2870
2026-01-15 20:00:00+00:00,4615.881,4616.365,4604.101,4605.785,4637
2026-01-15 20:15:00+00:00,4605.734,4608.744,4600.75,4604.874,5927
2026-01-15 20:30:00+00:00,4604.938,4609.277,4603.716,4608.079,3953
2026-01-15 20:45:00+00:00,4608.109,4609.125,4603.361,4605.761,4382
2026-01-15 21:00:00+00:00,4605.719,4612.242,4604.456,4612.136,2396
2026-01-15 21:15:00+00:00,4612.106,4615.612,4611.211,4614.169,1773
2026-01-15 21:30:00+00:00,4614.216,4615.807,4613.616,4615.73,1311
2026-01-15 21:45:00+00:00,4615.762,4616.456,4613.667,4615.67,1306
2026-01-15 23:00:00+00:00,4618.11,4621.009,4613.696,4614.269,1676
2026-01-15 23:15:00+00:00,4614.219,4615.215,4608.712,4609.022,3084
2026-01-15 23:30:00+00:00,4608.989,4611.168,4607.096,4608.276,2819
2026-01-15 23:45:00+00:00,4608.236,4610.879,4606.389,4610.284,2342
2026-01-16 00:00:00+00:00,4610.315,4610.395,4603.393,4605.92,2788
2026-01-16 00:15:00+00:00,4605.953,4611.358,4605.386,4607.762,2501
2026-01-16 00:30:00+00:00,4607.799,4608.159,4600.965,4601.371,3347
2026-01-16 00:45:00+00:00,4601.375,4602.026,4598.495,4599.96,3755
2026-01-16 01:00:00+00:00,4599.921,4604.996,4593.957,4603.759,7590
2026-01-16 01:15:00+00:00,4603.788,4607.331,4599.968,4606.066,4865
2026-01-16 01:30:00+00:00,4606.027,4608.525,4601.511,4605.157,4470
2026-01-16 01:45:00+00:00,4605.137,4605.588,4599.033,4600.513,5527
2026-01-16 02:00:00+00:00,4600.477,4603.62,4597.495,4598.255,5841
2026-01-16 02:15:00+00:00,4598.244,4604.287,4596.777,4600.009,4598
2026-01-16 02:30:00+00:00,4600.082,4601.091,4591.237,4595.921,6963
2026-01-16 02:45:00+00:00,4595.876,4598.421,4591.849,4594.891,4398
2026-01-16 03:00:00+00:00,4594.918,4599.491,4594.42,4598.615,3665
2026-01-16 03:15:00+00:00,4598.6,4599.682,4595.176,4595.549,3173
2026-01-16 03:30:00+00:00,4595.586,4597.424,4592.835,4596.281,2126
2026-01-16 03:45:00+00:00,4596.29,4597.404,4595.167,4596.49,1922
2026-01-16 04:00:00+00:00,4596.353,4599.587,4596.089,4598.544,1540
2026-01-16 04:15:00+00:00,4598.54,4601.372,4598.228,4598.586,1732
2026-01-16 04:30:00+00:00,4598.548,4600.899,4597.304,4599.992,1610
2026-01-16 04:45:00+00:00,4599.921,4602.045,4598.922,4601.087,1362
2026-01-16 05:00:00+00:00,4601.133,4601.482,4595.299,4596.523,1752
2026-01-16 05:15:00+00:00,4596.555,4601.638,4595.485,4601.237,1792
2026-01-16 05:30:00+00:00,4601.253,4607.002,4596.634,4606.912,4672
2026-01-16 05:45:00+00:00,4606.953,4616.219,4606.608,4611.58,4050
2026-01-16 06:00:00+00:00,4611.599,4612.336,4603.972,4604.582,4252
2026-01-16 06:15:00+00:00,4604.61,4609.094,4603.541,4604.638,4273
2026-01-16 06:30:00+00:00,4604.614,4608.034,4595.655,4596.088,4231
2026-01-16 06:45:00+00:00,4596.04,4599.224,4593.851,4597.967,5395
2026-01-16 07:00:00+00:00,4598.052,4612.02,4596.778,4610.081,3392
2026-01-16 07:15:00+00:00,4610.096,4610.096,4604.857,4605.955,3371
2026-01-16 07:30:00+00:00,4605.921,4611.854,4601.063,4603.118,4887
2026-01-16 07:45:00+00:00,4603.091,4609.55,4601.794,4607.546,3139
2026-01-16 08:00:00+00:00,4607.519,4610.49,4604.889,4605.064,3038
2026-01-16 08:15:00+00:00,4605.018,4610.746,4604.657,4607.356,2834
2026-01-16 08:30:00+00:00,4607.32,4609.113,4602.071,4602.228,2880
2026-01-16 08:45:00+00:00,4602.193,4607.42,4601.344,4603.185,2629
2026-01-16 09:00:00+00:00,4603.149,4608.518,4602.322,4604.91,2488
2026-01-16 09:15:00+00:00,4604.925,4605.16,4599.686,4601.153,2178
2026-01-16 09:30:00+00:00,4601.111,4603.518,4598.843,4603.371,1858
2026-01-16 09:45:00+00:00,4603.335,4603.455,4600.365,4600.449,1756
2026-01-16 10:00:00+00:00,4600.493,4607.888,4600.366,4606.908,2222
2026-01-16 10:15:00+00:00,4606.884,4611.195,4606.75,4607.619,2278
2026-01-16 10:30:00+00:00,4607.58,4609.329,4606.829,4607.501,1911
2026-01-16 10:45:00+00:00,4607.425,4608.616,4599.772,4600.216,2811
2026-01-16 11:00:00+00:00,4600.25,4606.682,4598.594,4606.387,3201
2026-01-16 11:15:00+00:00,4606.383,4611.59,4605.495,4611.226,2541
2026-01-16 11:30:00+00:00,4611.186,4616.114,4609.66,4615.5,2527
2026-01-16 11:45:00+00:00,4615.536,4616.146,4612.38,4612.471,2220
2026-01-16 12:00:00+00:00,4612.51,4612.803,4609.321,4610.982,2793
2026-01-16 12:15:00+00:00,4611.024,4613.028,4604.836,4606.417,2739
2026-01-16 12:30:00+00:00,4606.451,4606.796,4602.172,4603.441,3199
2026-01-16 12:45:00+00:00,4603.473,4605.147,4597.467,4601.755,3790
2026-01-16 13:00:00+00:00,4601.792,4605.596,4594.577,4596.333,9272
2026-01-16 13:15:00+00:00,4596.367,4597.659,4582.635,4586.993,10125
2026-01-16 13:30:00+00:00,4587.103,4601.511,4585.367,4599.498,8238
2026-01-16 13:45:00+00:00,4599.531,4602.989,4597.073,4601.89,6005
2026-01-16 14:00:00+00:00,4601.909,4608.764,4598.359,4607.105,6262
2026-01-16 14:15:00+00:00,4607.162,4609.467,4598.382,4599.125,4366
2026-01-16 14:30:00+00:00,4599.1,4611.625,4596.178,4608.753,9783
2026-01-16 14:45:00+00:00,4608.817,4614.823,4607.144,4607.964,8906
2026-01-16 15:00:00+00:00,4607.923,4620.517,4607.645,4615.981,8487
2026-01-16 15:15:00+00:00,4616.035,4617.718,4564.633,4565.278,21161
2026-01-16 15:30:00+00:00,4565.228,4570.331,4536.729,4555.507,29600
2026-01-16 15:45:00+00:00,4555.542,4575.481,4555.542,4571.398,16148
2026-01-16 16:00:00+00:00,4571.351,4593.308,4567.921,4593.01,14831
2026-01-16 16:15:00+00:00,4593.052,4596.67,4584.418,4591.537,11483
2026-01-16 16:30:00+00:00,4591.581,4598.974,4588.104,4596.238,9239
2026-01-16 16:45:00+00:00,4596.262,4597.453,4581.782,4591.494,8541
2026-01-16 17:00:00+00:00,4591.52,4593.083,4585.079,4590.681,6503
2026-01-16 17:15:00+00:00,4590.674,4590.912,4576.85,4578.669,6912
2026-01-16 17:30:00+00:00,4578.599,4586.613,4577.052,4580.877,5529
2026-01-16 17:45:00+00:00,4580.832,4583.674,4578.687,4581.46,4631
2026-01-16 18:00:00+00:00,4581.416,4589.027,4580.011,4584.414,5536
2026-01-16 18:15:00+00:00,4584.366,4591.966,4581.69,4590.109,5241
2026-01-16 18:30:00+00:00,4590.21,4596.059,4588.583,4595.214,4781
2026-01-16 18:45:00+00:00,4595.278,4595.911,4582.268,4582.656,4806
2026-01-16 19:00:00+00:00,4582.63,4588.228,4580.922,4584.08,4659
2026-01-16 19:15:00+00:00,4584.109,4586.212,4580.875,4583.939,3672
2026-01-16 19:30:00+00:00,4583.904,4591.669,4583.744,4589.273,3556
2026-01-16 19:45:00+00:00,4589.303,4592.416,4588.388,4590.572,3062
2026-01-16 20:00:00+00:00,4590.587,4596.027,4588.825,4593.255,3162
2026-01-16 20:15:00+00:00,4593.25,4593.269,4587.601,4588.301,2511
2026-01-16 20:30:00+00:00,4588.291,4588.291,4580.849,4584.25,4595
2026-01-16 20:45:00+00:00,4584.216,4589.146,4581.511,4581.986,4073
2026-01-16 21:00:00+00:00,4581.955,4586.731,4581.955,4586.522,2998
2026-01-16 21:15:00+00:00,4586.539,4598.544,4586.122,4592.426,5668
2026-01-16 21:30:00+00:00,4592.458,4595.886,4591.658,4594.623,1683
2026-01-16 21:45:00+00:00,4594.644,4596.704,4594.284,4596.588,1601
2026-01-18 23:00:00+00:00,4655.358,4658.876,4653.848,4654.378,2269
2026-01-18 23:15:00+00:00,4654.307,4684.416,4653.873,4678.616,9061
2026-01-18 23:30:00+00:00,4678.587,4690.741,4663.909,4671.712,8595
2026-01-18 23:45:00+00:00,4671.698,4677.46,4663.679,4672.573,5674
2026-01-19 00:00:00+00:00,4672.63,4676.189,4665.133,4665.522,7175
2026-01-19 00:15:00+00:00,4665.557,4678.385,4660.973,4675.897,6538
2026-01-19 00:30:00+00:00,4675.934,4682.118,4673.577,4677.84,5850
2026-01-19 00:45:00+00:00,4677.854,4679.122,4672.081,4675.351,4364
2026-01-19 01:00:00+00:00,4675.381,4678.351,4661.878,4663.271,13085
2026-01-19 01:15:00+00:00,4663.303,4669.764,4656.474,4662.096,9832
2026-01-19 01:30:00+00:00,4662.113,4664.493,4656.229,4662.44,7922
2026-01-19 01:45:00+00:00,4662.479,4667.563,4657.003,4657.369,6906
2026-01-19 02:00:00+00:00,4657.324,4665.132,4653.161,4659.238,6594
2026-01-19 02:15:00+00:00,4659.269,4662.265,4656.8,4660.053,3675
2026-01-19 02:30:00+00:00,4660.072,4663.862,4656.545,4658.584,5141
2026-01-19 02:45:00+00:00,4658.623,4664.595,4654.98,4662.463,5002
2026-01-19 03:00:00+00:00,4662.365,4669.734,4662.365,4668.925,4093
2026-01-19 03:15:00+00:00,4668.929,4669.941,4663.951,4664.705,3391
2026-01-19 03:30:00+00:00,4664.734,4665.993,4661.968,4663.048,3757
2026-01-19 03:45:00+00:00,4663.054,4663.584,4658.228,4658.521,2709
2026-01-19 04:00:00+00:00,4658.556,4662.261,4658.174,4662.261,2422
2026-01-19 04:15:00+00:00,4662.196,4664.902,4660.429,4662.314,2374
2026-01-19 04:30:00+00:00,4662.297,4663.044,4659.249,4661.458,2064
2026-01-19 04:45:00+00:00,4661.449,4665.994,4661.088,4663.069,2074
2026-01-19 05:00:00+00:00,4663.058,4671.217,4662.959,4669.545,2739
2026-01-19 05:15:00+00:00,4669.536,4672.39,4668.849,4669.173,1978
2026-01-19 05:30:00+00:00,4669.138,4674.27,4663.858,4664.241,3645
2026-01-19 05:45:00+00:00,4664.284,4671.946,4664.123,4669.968,3351
2026-01-19 06:00:00+00:00,4669.955,4670.582,4666.767,4669.273,2861
2026-01-19 06:15:00+00:00,4669.306,4672.613,4668.393,4669.822,2314
2026-01-19 06:30:00+00:00,4669.786,4676.487,4669.69,4672.473,2886
2026-01-19 06:45:00+00:00,4672.37,4679.01,4672.329,4677.954,3128
2026-01-19 07:00:00+00:00,4677.92,4678.583,4668.207,4669.838,4234
2026-01-19 07:15:00+00:00,4669.813,4670.073,4663.642,4667.439,3558
2026-01-19 07:30:00+00:00,4667.434,4669.638,4664.67,4664.805,2410
2026-01-19 07:45:00+00:00,4664.771,4666.421,4661.873,4665.186,2968
2026-01-19 08:00:00+00:00,4665.14,4673.835,4663.743,4669.517,4090
2026-01-19 08:15:00+00:00,4669.476,4671.067,4667.187,4669.366,2724
2026-01-19 08:30:00+00:00,4669.457,4670.922,4666.663,4667.795,2478
2026-01-19 08:45:00+00:00,4667.74,4669.214,4661.683,4663.672,3546
2026-01-19 09:00:00+00:00,4663.636,4671.528,4661.902,4670.682,2768
2026-01-19 09:15:00+00:00,4670.789,4672.915,4666.067,4666.699,3050
2026-01-19 09:30:00+00:00,4666.666,4670.55,4665.007,4669.552,2424
2026-01-19 09:45:00+00:00,4669.581,4669.894,4667.211,4668.473,1552
2026-01-19 10:00:00+00:00,4668.37,4670.276,4666.738,4670.276,1588
2026-01-19 10:15:00+00:00,4670.231,4671.257,4665.487,4665.96,2413
2026-01-19 10:30:00+00:00,4665.989,4667.085,4661.28,4661.632,2664
2026-01-19 10:45:00+00:00,4661.648,4666.939,4661.527,4663.749,2216
2026-01-19 11:00:00+00:00,4663.803,4666.719,4661.797,4664.343,1912
2026-01-19 11:15:00+00:00,4664.35,4667.216,4661.69,4666.99,1622
2026-01-19 11:30:00+00:00,4666.971,4667.557,4660.083,4664.831,2257
2026-01-19 11:45:00+00:00,4664.809,4666.057,4659.573,4660.705,4377
2026-01-19 12:00:00+00:00,4660.676,4666.295,4660.054,4665.85,2246
2026-01-19 12:15:00+00:00,4665.885,4672.055,4665.758,4670.842,2934
2026-01-19 12:30:00+00:00,4670.83,4673.744,4669.911,4671.625,2672
2026-01-19 12:45:00+00:00,4671.64,4672.913,4668.187,4671.958,2413
2026-01-19 13:00:00+00:00,4671.921,4673.685,4668.499,4670.359,4470
2026-01-19 13:15:00+00:00,4670.387,4672.084,4668.666,4671.778,2846
2026-01-19 13:30:00+00:00,4671.732,4673.687,4666.53,4668.407,2542
2026-01-19 13:45:00+00:00,4668.394,4669.474,4664.471,4666.116,2547
2026-01-19 14:00:00+00:00,4666.109,4666.913,4661.511,4665.092,2751
2026-01-19 14:15:00+00:00,4665.053,4668.53,4663.453,4668.037,2770
2026-01-19 14:30:00+00:00,4668.073,4670.295,4663.824,4667.179,3199
2026-01-19 14:45:00+00:00,4667.144,4668.898,4665.357,4666.594,2682
2026-01-19 15:00:00+00:00,4666.567,4670.899,4664.658,4668.197,4052
2026-01-19 15:15:00+00:00,4668.233,4668.828,4664.323,4666.675,2996
2026-01-19 15:30:00+00:00,4666.716,4671.162,4665.928,4670.167,2531
2026-01-19 15:45:00+00:00,4670.209,4676.062,4669.653,4674.329,2700
2026-01-19 16:00:00+00:00,4674.283,4675.622,4671.283,4672.382,2248
2026-01-19 16:15:00+00:00,4672.418,4672.927,4670.406,4671.788,1885
2026-01-19 16:30:00+00:00,4671.744,4673.881,4670.686,4673.161,1628
2026-01-19 16:45:00+00:00,4673.144,4673.721,4671.561,4672.195,1985
2026-01-19 17:00:00+00:00,4672.259,4673.09,4670.455,4670.867,1613
2026-01-19 17:15:00+00:00,4670.923,4671.479,4669.171,4670.922,1375
2026-01-19 17:30:00+00:00,4671.026,4676.164,4671.0,4676.133,1765
2026-01-19 17:45:00+00:00,4676.169,4678.833,4674.158,4676.236,1934
2026-01-19 18:00:00+00:00,4676.237,4676.237,4673.834,4675.498,1554
2026-01-19 18:15:00+00:00,4675.496,4680.466,4675.205,4678.424,1883
2026-01-19 18:30:00+00:00,4678.394,4678.928,4675.143,4677.6,1504
2026-01-19 18:45:00+00:00,4677.622,4678.232,4675.384,4676.54,1208
2026-01-19 19:00:00+00:00,4676.647,4676.797,4671.979,4672.178,1928
2026-01-19 19:15:00+00:00,4672.023,4672.66,4667.038,4670.928,2414
2026-01-19 23:00:00+00:00,4673.44,4673.595,4666.425,4670.866,2239
2026-01-19 23:15:00+00:00,4670.864,4672.428,4664.876,4666.358,1561
2026-01-19 23:30:00+00:00,4666.4,4668.885,4664.575,4666.152,1565
2026-01-19 23:45:00+00:00,4666.066,4666.893,4664.928,4665.406,1228
2026-01-20 00:00:00+00:00,4665.371,4668.037,4664.099,4667.962,2114
2026-01-20 00:15:00+00:00,4667.926,4667.994,4659.471,4659.746,1999
2026-01-20 00:30:00+00:00,4659.816,4666.363,4659.761,4663.077,2484
2026-01-20 00:45:00+00:00,4663.098,4664.119,4660.341,4660.504,1974
2026-01-20 01:00:00+00:00,4660.47,4673.482,4659.859,4670.162,5882
2026-01-20 01:15:00+00:00,4670.135,4672.404,4666.219,4671.075,4213
2026-01-20 01:30:00+00:00,4670.983,4676.11,4670.983,4673.181,3100
2026-01-20 01:45:00+00:00,4673.196,4674.928,4665.879,4669.702,3371
2026-01-20 02:00:00+00:00,4669.667,4671.964,4665.527,4666.124,4289
2026-01-20 02:15:00+00:00,4666.139,4673.412,4665.652,4672.231,2469
2026-01-20 02:30:00+00:00,4672.147,4674.781,4670.207,4674.047,3799
2026-01-20 02:45:00+00:00,4674.01,4674.216,4666.828,4668.758,3441
2026-01-20 03:00:00+00:00,4668.668,4671.495,4666.128,4671.495,3534
2026-01-20 03:15:00+00:00,4671.526,4674.166,4671.021,4673.299,2804
2026-01-20 03:30:00+00:00,4673.176,4678.957,4672.746,4676.853,1997
2026-01-20 03:45:00+00:00,4676.858,4681.604,4676.858,4680.184,2217
2026-01-20 04:00:00+00:00,4680.124,4682.699,4679.661,4680.462,1957
2026-01-20 04:15:00+00:00,4680.46,4687.217,4680.349,4685.873,2523
2026-01-20 04:30:00+00:00,4685.921,4693.534,4684.444,4689.818,3739
2026-01-20 04:45:00+00:00,4689.773,4697.075,4688.871,4695.232,3169
2026-01-20 05:00:00+00:00,4695.273,4701.55,4694.661,4699.547,4070
2026-01-20 05:15:00+00:00,4699.517,4700.412,4694.762,4695.937,3116
2026-01-20 05:30:00+00:00,4695.912,4706.233,4694.27,4705.012,6577
2026-01-20 05:45:00+00:00,4705.042,4716.857,4704.727,4714.569,5085
2026-01-20 06:00:00+00:00,4714.551,4717.125,4707.534,4713.022,5942
2026-01-20 06:15:00+00:00,4712.995,4715.385,4709.432,4712.522,4743
2026-01-20 06:30:00+00:00,4712.552,4715.014,4705.403,4710.654,5949
2026-01-20 06:45:00+00:00,4710.712,4715.299,4709.244,4712.532,3750
2026-01-20 07:00:00+00:00,4712.461,4717.793,4711.405,4715.506,3192
2026-01-20 07:15:00+00:00,4715.468,4722.405,4714.854,4718.143,4783
2026-01-20 07:30:00+00:00,4718.172,4721.74,4716.729,4720.045,3584
2026-01-20 07:45:00+00:00,4720.068,4722.775,4714.759,4716.168,3094
2026-01-20 08:00:00+00:00,4716.195,4725.598,4715.0,4724.461,3914
2026-01-20 08:15:00+00:00,4724.49,4725.305,4718.046,4718.668,4584
2026-01-20 08:30:00+00:00,4718.701,4724.746,4716.122,4722.819,4762
2026-01-20 08:45:00+00:00,4722.749,4731.519,4722.649,4729.23,4331
2026-01-20 09:00:00+00:00,4729.28,4731.494,4724.198,4725.275,4007
2026-01-20 09:15:00+00:00,4725.249,4733.667,4721.184,4733.145,4247
2026-01-20 09:30:00+00:00,4733.112,4736.287,4732.786,4734.447,3423
2026-01-20 09:45:00+00:00,4734.374,4737.4,4732.404,4732.404,3061
2026-01-20 10:00:00+00:00,4732.418,4734.978,4730.378,4731.389,3015
2026-01-20 10:15:00+00:00,4731.263,4733.416,4727.782,4727.782,3111
2026-01-20 10:30:00+00:00,4727.901,4729.367,4723.462,4724.587,4366
2026-01-20 10:45:00+00:00,4724.619,4728.172,4723.094,4726.567,2438
2026-01-20 11:00:00+00:00,4726.562,4728.075,4721.583,4726.323,2764
2026-01-20 11:15:00+00:00,4726.293,4729.069,4725.557,4726.881,2071
2026-01-20 11:30:00+00:00,4726.887,4732.276,4725.839,4732.221,2404
2026-01-20 11:45:00+00:00,4732.261,4735.418,4730.599,4733.029,2408
2026-01-20 12:00:00+00:00,4732.985,4732.985,4728.28,4730.107,3241
2026-01-20 12:15:00+00:00,4730.074,4730.496,4726.297,4726.692,2924
2026-01-20 12:30:00+00:00,4726.677,4729.118,4724.127,4726.801,3187
2026-01-20 12:45:00+00:00,4726.684,4729.382,4725.969,4727.513,2374
2026-01-20 13:00:00+00:00,4727.574,4728.443,4722.201,4723.804,6603
2026-01-20 13:15:00+00:00,4723.758,4726.163,4716.038,4719.334,6530
2026-01-20 13:30:00+00:00,4719.36,4730.48,4715.24,4729.801,12511
2026-01-20 13:45:00+00:00,4729.772,4738.492,4727.376,4737.092,7516
2026-01-20 14:00:00+00:00,4737.15,4748.72,4732.322,4740.88,10634
2026-01-20 14:15:00+00:00,4740.906,4750.827,4740.243,4750.387,7467
2026-01-20 14:30:00+00:00,4750.443,4751.159,4728.629,4738.29,19711
2026-01-20 14:45:00+00:00,4738.335,4742.478,4733.2,4741.217,16038
2026-01-20 15:00:00+00:00,4741.175,4748.566,4738.551,4744.633,12835
2026-01-20 15:15:00+00:00,4744.594,4744.766,4722.402,4723.889,14713
2026-01-20 15:30:00+00:00,4723.862,4735.372,4722.394,4732.803,12208
2026-01-20 15:45:00+00:00,4732.816,4739.398,4729.123,4737.567,8022
2026-01-20 16:00:00+00:00,4737.525,4743.595,4729.022,4741.3,7683
2026-01-20 16:15:00+00:00,4741.402,4744.286,4735.389,4741.244,6992
2026-01-20 16:30:00+00:00,4741.173,4745.884,4740.767,4745.202,5168
2026-01-20 16:45:00+00:00,4745.2,4757.868,4745.2,4753.631,6062
2026-01-20 17:00:00+00:00,4753.663,4754.36,4746.094,4753.92,6066
2026-01-20 17:15:00+00:00,4753.892,4756.66,4751.674,4754.998,4340
2026-01-20 17:30:00+00:00,4755.024,4758.052,4752.203,4756.37,4097
2026-01-20 17:45:00+00:00,4756.339,4762.444,4752.233,4759.191,4561
2026-01-20 18:00:00+00:00,4759.298,4765.412,4758.642,4763.243,4647
2026-01-20 18:15:00+00:00,4763.205,4766.367,4759.445,4761.514,4437
2026-01-20 18:30:00+00:00,4761.474,4762.902,4757.312,4757.881,3479
2026-01-20 18:45:00+00:00,4757.908,4760.261,4752.928,4759.359,4024
2026-01-20 19:00:00+00:00,4759.37,4760.495,4756.434,4759.272,2988
2026-01-20 19:15:00+00:00,4759.301,4766.286,4758.313,4759.556,3570
2026-01-20 19:30:00+00:00,4759.521,4763.93,4756.984,4763.442,3440
2026-01-20 19:45:00+00:00,4763.411,4763.951,4758.55,4760.696,2686
2026-01-20 20:00:00+00:00,4760.699,4761.108,4755.904,4760.148,3314
2026-01-20 20:15:00+00:00,4760.146,4760.791,4747.418,4750.534,6157
2026-01-20 20:30:00+00:00,4750.486,4755.037,4748.876,4749.831,4050
2026-01-20 20:45:00+00:00,4749.856,4757.883,4749.4,4756.644,3626
2026-01-20 21:00:00+00:00,4756.666,4760.439,4756.275,4760.316,10035
2026-01-20 21:15:00+00:00,4760.282,4760.887,4759.3,4759.632,13142
2026-01-20 21:30:00+00:00,4759.678,4759.934,4757.142,4759.362,6499
2026-01-20 21:45:00+00:00,4759.347,4763.976,4758.935,4763.376,1404
2026-01-20 23:00:00+00:00,4762.604,4764.259,4757.843,4758.064,2067
2026-01-20 23:15:00+00:00,4758.11,4761.246,4757.789,4759.715,1569
2026-01-20 23:30:00+00:00,4759.681,4773.637,4758.679,4773.614,1967
2026-01-20 23:45:00+00:00,4773.715,4781.129,4772.119,4775.878,4103
2026-01-21 00:00:00+00:00,4775.829,4777.629,4770.74,4776.633,3127
2026-01-21 00:15:00+00:00,4776.696,4780.116,4773.738,4777.191,2671
2026-01-21 00:30:00+00:00,4777.103,4785.82,4776.657,4785.021,3573
2026-01-21 00:45:00+00:00,4785.063,4787.732,4782.074,4784.7,2727
2026-01-21 01:00:00+00:00,4784.65,4809.991,4783.452,4807.735,9852
2026-01-21 01:15:00+00:00,4807.688,4827.564,4805.098,4827.406,9266
2026-01-21 01:30:00+00:00,4827.572,4836.61,4815.136,4818.65,11376
2026-01-21 01:45:00+00:00,4818.673,4844.381,4818.673,4835.302,8670
2026-01-21 02:00:00+00:00,4835.341,4842.231,4822.619,4828.321,8102
2026-01-21 02:15:00+00:00,4828.346,4828.442,4817.18,4824.809,5941
2026-01-21 02:30:00+00:00,4824.771,4839.557,4822.056,4830.959,7034
2026-01-21 02:45:00+00:00,4830.995,4837.224,4827.687,4836.69,5752
2026-01-21 03:00:00+00:00,4836.633,4849.968,4833.167,4834.051,6641
2026-01-21 03:15:00+00:00,4834.003,4837.046,4827.094,4833.59,7661
2026-01-21 03:30:00+00:00,4833.615,4846.213,4831.725,4842.846,4604
2026-01-21 03:45:00+00:00,4842.946,4847.039,4839.941,4845.003,2982
2026-01-21 04:00:00+00:00,4845.003,4846.6,4837.906,4844.742,3847
2026-01-21 04:15:00+00:00,4844.798,4854.246,4843.924,4849.925,3859
2026-01-21 04:30:00+00:00,4849.896,4865.629,4849.886,4865.382,4202
2026-01-21 04:45:00+00:00,4865.434,4871.011,4862.327,4865.859,4562
2026-01-21 05:00:00+00:00,4865.931,4867.06,4858.853,4866.949,3942
2026-01-21 05:15:00+00:00,4866.931,4874.166,4863.604,4868.71,4376
2026-01-21 05:30:00+00:00,4868.677,4878.241,4863.771,4870.962,8571
2026-01-21 05:45:00+00:00,4870.975,4877.043,4869.134,4869.91,4828
2026-01-21 06:00:00+00:00,4869.939,4875.302,4864.423,4871.463,5623
2026-01-21 06:15:00+00:00,4871.507,4888.466,4870.069,4883.956,6224
2026-01-21 06:30:00+00:00,4883.92,4887.272,4859.042,4861.6,9114
2026-01-21 06:45:00+00:00,4861.715,4865.967,4845.506,4847.64,10967
2026-01-21 07:00:00+00:00,4847.583,4849.257,4834.626,4837.226,9106
2026-01-21 07:15:00+00:00,4837.26,4850.633,4832.476,4849.003,8078
2026-01-21 07:30:00+00:00,4849.047,4851.9,4838.758,4849.14,7420
2026-01-21 07:45:00+00:00,4849.19,4857.196,4847.592,4855.173,4073
2026-01-21 08:00:00+00:00,4855.142,4863.898,4853.69,4858.54,4656
2026-01-21 08:15:00+00:00,4858.576,4869.67,4858.503,4866.976,4194
2026-01-21 08:30:00+00:00,4866.931,4868.105,4859.147,4861.224,4556
2026-01-21 08:45:00+00:00,4861.285,4863.073,4851.529,4854.677,5130
2026-01-21 09:00:00+00:00,4854.713,4862.467,4852.314,4859.837,3676
2026-01-21 09:15:00+00:00,4859.87,4876.728,4858.057,4875.649,4819
2026-01-21 09:30:00+00:00,4875.621,4877.08,4864.041,4866.367,4313
2026-01-21 09:45:00+00:00,4866.325,4867.586,4859.037,4860.292,4222
2026-01-21 10:00:00+00:00,4860.243,4866.713,4859.433,4863.506,3496
2026-01-21 10:15:00+00:00,4863.497,4864.448,4859.686,4860.451,3529
2026-01-21 10:30:00+00:00,4860.425,4865.84,4860.036,4864.924,3107
2026-01-21 10:45:00+00:00,4864.979,4866.704,4861.992,4862.143,3007
2026-01-21 11:00:00+00:00,4862.22,4865.612,4860.853,4865.205,2581
2026-01-21 11:15:00+00:00,4865.25,4871.55,4865.123,4866.99,2834
2026-01-21 11:30:00+00:00,4866.894,4867.355,4860.609,4862.3,3300
2026-01-21 11:45:00+00:00,4862.289,4866.833,4855.215,4866.812,3498
2026-01-21 12:00:00+00:00,4866.845,4867.553,4861.251,4862.206,3553
2026-01-21 12:15:00+00:00,4862.195,4864.718,4855.777,4864.694,4332
2026-01-21 12:30:00+00:00,4864.648,4870.909,4863.482,4865.568,3257
2026-01-21 12:45:00+00:00,4865.599,4867.219,4856.829,4865.009,3957
2026-01-21 13:00:00+00:00,4865.061,4871.378,4858.433,4869.079,7735
2026-01-21 13:15:00+00:00,4869.13,4871.262,4861.686,4867.922,7192
2026-01-21 13:30:00+00:00,4867.95,4879.001,4867.047,4877.36,5365
2026-01-21 13:45:00+00:00,4877.415,4880.344,4870.042,4879.398,6689
2026-01-21 14:00:00+00:00,4879.338,4880.998,4839.275,4844.763,23506
2026-01-21 14:15:00+00:00,4844.732,4864.513,4842.211,4860.767,12770
2026-01-21 14:30:00+00:00,4860.73,4872.484,4850.157,4860.937,17857
2026-01-21 14:45:00+00:00,4860.898,4862.308,4846.532,4852.15,14667
2026-01-21 15:00:00+00:00,4851.99,4868.706,4847.116,4860.37,11379
2026-01-21 15:15:00+00:00,4860.326,4861.807,4812.704,4831.259,24139
2026-01-21 15:30:00+00:00,4831.136,4845.39,4829.077,4837.299,14963
2026-01-21 15:45:00+00:00,4837.246,4854.568,4833.997,4847.815,11991
2026-01-21 16:00:00+00:00,4847.861,4855.771,4843.86,4847.068,10428
2026-01-21 16:15:00+00:00,4846.975,4852.459,4829.151,4839.852,10569
2026-01-21 16:30:00+00:00,4839.824,4849.781,4833.696,4834.669,11369
2026-01-21 16:45:00+00:00,4834.621,4837.567,4819.583,4833.336,11528
2026-01-21 17:00:00+00:00,4833.39,4834.312,4815.48,4818.46,11090
2026-01-21 17:15:00+00:00,4818.347,4826.406,4814.472,4821.102,9733
2026-01-21 17:30:00+00:00,4821.141,4821.729,4802.543,4810.001,15093
2026-01-21 17:45:00+00:00,4809.886,4827.701,4808.695,4826.18,8076
2026-01-21 18:00:00+00:00,4826.147,4831.8,4822.848,4825.612,7457
2026-01-21 18:15:00+00:00,4825.587,4837.097,4819.815,4834.192,9243
2026-01-21 18:30:00+00:00,4834.143,4838.743,4830.504,4837.896,7118
2026-01-21 18:45:00+00:00,4837.918,4850.711,4836.1,4850.147,4758
2026-01-21 19:00:00+00:00,4850.041,4850.893,4843.137,4849.032,5068
2026-01-21 19:15:00+00:00,4849.064,4854.103,4805.206,4815.979,17062
2026-01-21 19:30:00+00:00,4816.026,4821.351,4765.648,4765.888,41944
2026-01-21 19:45:00+00:00,4765.788,4782.97,4755.898,4781.264,25116
2026-01-21 20:00:00+00:00,4781.216,4787.546,4772.382,4787.202,16452
2026-01-21 20:15:00+00:00,4787.236,4801.099,4784.686,4797.521,15190
2026-01-21 20:30:00+00:00,4797.478,4821.527,4796.44,4820.206,13278
2026-01-21 20:45:00+00:00,4820.27,4827.862,4816.321,4826.644,11333
2026-01-21 21:00:00+00:00,4826.583,4826.69,4813.302,4823.92,5707
2026-01-21 21:15:00+00:00,4823.988,4838.515,4823.727,4832.748,4813
2026-01-21 21:30:00+00:00,4832.741,4839.524,4832.23,4835.075,3098
2026-01-21 21:45:00+00:00,4835.129,4839.807,4828.074,4828.746,3677
2026-01-21 23:00:00+00:00,4831.025,4831.112,4802.529,4814.961,4001
2026-01-21 23:15:00+00:00,4815.072,4815.227,4785.014,4795.004,4504
2026-01-21 23:30:00+00:00,4795.089,4801.693,4786.038,4787.39,4450
2026-01-21 23:45:00+00:00,4787.396,4797.41,4777.606,4778.37,4906
2026-01-22 00:00:00+00:00,4778.245,4794.233,4778.105,4790.119,6641
2026-01-22 00:15:00+00:00,4790.192,4790.192,4780.236,4782.624,5015
2026-01-22 00:30:00+00:00,4782.586,4795.546,4780.267,4793.091,5299
2026-01-22 00:45:00+00:00,4793.095,4798.831,4787.411,4798.16,5733
2026-01-22 01:00:00+00:00,4798.089,4798.089,4772.208,4791.291,14052
2026-01-22 01:15:00+00:00,4791.365,4809.624,4788.353,4795.977,8691
2026-01-22 01:30:00+00:00,4796.061,4804.66,4793.399,4803.224,8123
2026-01-22 01:45:00+00:00,4803.242,4804.703,4797.786,4797.873,4781
2026-01-22 02:00:00+00:00,4797.791,4798.333,4787.436,4793.478,7214
2026-01-22 02:15:00+00:00,4793.528,4795.751,4786.457,4787.721,5214
2026-01-22 02:30:00+00:00,4787.693,4788.095,4774.904,4781.769,7230
2026-01-22 02:45:00+00:00,4781.892,4792.583,4781.892,4789.051,4545
2026-01-22 03:00:00+00:00,4789.015,4791.375,4784.157,4789.889,4719
2026-01-22 03:15:00+00:00,4789.839,4796.003,4785.801,4792.639,4166
2026-01-22 03:30:00+00:00,4792.615,4794.475,4790.256,4790.442,2953
2026-01-22 03:45:00+00:00,4790.399,4796.993,4790.144,4796.604,2481
2026-01-22 04:00:00+00:00,4796.582,4800.519,4795.385,4798.196,3064
2026-01-22 04:15:00+00:00,4798.194,4799.746,4794.603,4796.043,2662
2026-01-22 04:30:00+00:00,4796.016,4798.408,4793.879,4795.378,3750
2026-01-22 04:45:00+00:00,4795.348,4798.042,4793.855,4797.355,2101
2026-01-22 05:00:00+00:00,4797.386,4801.554,4793.688,4800.377,3088
2026-01-22 05:15:00+00:00,4800.352,4800.467,4795.166,4795.434,2447
2026-01-22 05:30:00+00:00,4795.442,4802.738,4795.222,4800.719,4113
2026-01-22 05:45:00+00:00,4800.758,4821.583,4800.758,4821.283,5324
2026-01-22 06:00:00+00:00,4821.356,4824.869,4816.425,4818.077,5628
2026-01-22 06:15:00+00:00,4818.169,4829.241,4816.953,4825.573,4265
2026-01-22 06:30:00+00:00,4825.551,4828.138,4823.608,4823.895,3283
2026-01-22 06:45:00+00:00,4823.793,4826.835,4821.401,4826.534,2713
2026-01-22 07:00:00+00:00,4826.574,4835.0,4825.637,4833.271,3601
2026-01-22 07:15:00+00:00,4833.258,4838.057,4830.217,4837.12,3734
2026-01-22 07:30:00+00:00,4837.073,4838.859,4832.646,4833.462,3259
2026-01-22 07:45:00+00:00,4833.486,4835.666,4830.673,4832.684,3356
2026-01-22 08:00:00+00:00,4832.659,4835.648,4824.399,4827.801,4145
2026-01-22 08:15:00+00:00,4827.773,4830.59,4825.734,4826.358,3009
2026-01-22 08:30:00+00:00,4826.344,4828.63,4822.404,4826.685,3358
2026-01-22 08:45:00+00:00,4826.647,4831.926,4825.814,4830.737,3498
2026-01-22 09:00:00+00:00,4830.649,4838.044,4829.605,4832.901,3237
2026-01-22 09:15:00+00:00,4832.924,4833.731,4828.038,4829.513,3131
2026-01-22 09:30:00+00:00,4829.481,4831.067,4813.895,4816.376,6468
2026-01-22 09:45:00+00:00,4816.314,4823.232,4814.58,4823.101,3321
2026-01-22 10:00:00+00:00,4823.059,4825.044,4819.211,4823.664,3612
2026-01-22 10:15:00+00:00,4823.688,4827.56,4821.343,4826.837,2961
2026-01-22 10:30:00+00:00,4826.817,4829.362,4823.917,4828.225,2601
2026-01-22 10:45:00+00:00,4828.233,4831.851,4827.172,4829.026,2263
2026-01-22 11:00:00+00:00,4829.046,4831.801,4826.206,4826.206,2142
2026-01-22 11:15:00+00:00,4826.249,4829.6,4824.504,4827.759,2724
2026-01-22 11:30:00+00:00,4827.784,4831.511,4825.166,4830.759,2688
2026-01-22 11:45:00+00:00,4830.81,4836.466,4830.314,4831.11,2968
2026-01-22 12:00:00+00:00,4831.061,4831.082,4823.441,4824.874,4349
2026-01-22 12:15:00+00:00,4824.838,4832.498,4824.529,4831.656,2666
2026-01-22 12:30:00+00:00,4831.579,4832.56,4829.532,4829.658,2079
2026-01-22 12:45:00+00:00,4829.692,4829.717,4818.87,4819.839,3546
2026-01-22 13:00:00+00:00,4819.887,4827.387,4816.015,4826.707,7484
2026-01-22 13:15:00+00:00,4826.747,4835.319,4825.842,4828.121,5437
2026-01-22 13:30:00+00:00,4827.925,4827.925,4810.969,4813.766,7373
2026-01-22 13:45:00+00:00,4813.738,4822.721,4810.693,4822.181,6515
2026-01-22 14:00:00+00:00,4822.115,4825.94,4820.368,4824.028,5135
2026-01-22 14:15:00+00:00,4824.063,4830.511,4822.45,4829.35,3727
2026-01-22 14:30:00+00:00,4829.323,4847.814,4828.147,4845.753,14582
2026-01-22 14:45:00+00:00,4845.793,4846.883,4834.949,4835.179,10686
2026-01-22 15:00:00+00:00,4835.156,4840.787,4827.006,4839.261,10028
2026-01-22 15:15:00+00:00,4839.222,4856.063,4836.227,4854.03,9063
2026-01-22 15:30:00+00:00,4854.055,4865.845,4853.38,4863.479,7796
2026-01-22 15:45:00+00:00,4863.557,4873.72,4860.688,4871.661,8630
2026-01-22 16:00:00+00:00,4871.715,4876.284,4868.085,4873.639,7180
2026-01-22 16:15:00+00:00,4873.67,4880.751,4870.666,4875.769,7214
2026-01-22 16:30:00+00:00,4875.839,4884.982,4872.992,4880.724,6792
2026-01-22 16:45:00+00:00,4880.763,4885.521,4874.772,4878.08,4920
2026-01-22 17:00:00+00:00,4878.019,4884.79,4869.7,4880.428,9588
2026-01-22 17:15:00+00:00,4880.473,4894.037,4876.35,4889.928,9802
2026-01-22 17:30:00+00:00,4889.958,4899.4,4889.225,4898.887,6707
2026-01-22 17:45:00+00:00,4898.85,4906.342,4896.347,4904.591,6570
2026-01-22 18:00:00+00:00,4904.48,4915.449,4901.301,4908.524,8470
2026-01-22 18:15:00+00:00,4908.552,4913.571,4906.833,4910.108,6664
2026-01-22 18:30:00+00:00,4910.136,4915.987,4907.329,4912.939,5117
2026-01-22 18:45:00+00:00,4912.836,4919.38,4910.826,4915.979,4466
2026-01-22 19:00:00+00:00,4915.937,4924.477,4915.639,4923.948,4055
2026-01-22 19:15:00+00:00,4924.035,4924.199,4909.605,4914.794,4531
2026-01-22 19:30:00+00:00,4914.837,4918.132,4913.366,4913.566,3894
2026-01-22 19:45:00+00:00,4913.517,4913.517,4905.936,4911.663,4813
2026-01-22 20:00:00+00:00,4911.7,4926.548,4911.361,4926.033,3854
2026-01-22 20:15:00+00:00,4925.924,4928.411,4924.572,4925.645,3519
2026-01-22 20:30:00+00:00,4925.654,4927.101,4918.466,4922.807,4723
2026-01-22 20:45:00+00:00,4922.841,4924.874,4914.134,4916.994,5227
2026-01-22 21:00:00+00:00,4916.946,4923.1,4914.545,4922.777,2990
2026-01-22 21:15:00+00:00,4922.733,4925.318,4920.574,4925.058,1952
2026-01-22 21:30:00+00:00,4925.026,4940.601,4924.008,4939.021,3803
2026-01-22 21:45:00+00:00,4939.004,4940.818,4935.363,4936.22,2827
2026-01-22 23:00:00+00:00,4944.346,4959.891,4942.654,4943.126,5285
2026-01-22 23:15:00+00:00,4943.145,4946.648,4939.321,4940.267,3336
2026-01-22 23:30:00+00:00,4940.304,4940.352,4930.713,4938.721,2877
2026-01-22 23:45:00+00:00,4938.749,4960.586,4938.605,4958.972,6094
2026-01-23 00:00:00+00:00,4959.011,4963.38,4950.814,4951.978,4959
2026-01-23 00:15:00+00:00,4951.862,4958.566,4948.06,4952.101,3442
2026-01-23 00:30:00+00:00,4952.09,4955.937,4947.59,4949.197,4512
2026-01-23 00:45:00+00:00,4949.233,4965.781,4949.233,4965.051,3590
2026-01-23 01:00:00+00:00,4965.085,4967.549,4936.338,4949.339,17810
2026-01-23 01:15:00+00:00,4949.306,4954.452,4942.744,4947.457,7151
2026-01-23 01:30:00+00:00,4947.481,4956.152,4946.648,4951.194,5734
2026-01-23 01:45:00+00:00,4951.311,4962.981,4951.311,4953.624,6221
2026-01-23 02:00:00+00:00,4953.581,4956.704,4947.199,4949.474,4599
2026-01-23 02:15:00+00:00,4949.441,4953.43,4946.884,4953.023,4391
2026-01-23 02:30:00+00:00,4952.968,4957.581,4952.475,4956.861,3021
2026-01-23 02:45:00+00:00,4956.826,4962.234,4955.457,4955.589,2953
2026-01-23 03:00:00+00:00,4955.632,4959.015,4953.341,4954.956,4136
2026-01-23 03:15:00+00:00,4954.922,4955.284,4938.225,4943.904,6272
2026-01-23 03:30:00+00:00,4943.932,4953.357,4942.678,4949.633,4289
2026-01-23 03:45:00+00:00,4949.674,4954.486,4948.115,4952.007,2683
2026-01-23 04:00:00+00:00,4951.971,4953.665,4950.801,4952.371,1830
2026-01-23 04:15:00+00:00,4952.37,4953.266,4950.156,4952.925,1692
2026-01-23 04:30:00+00:00,4952.997,4957.947,4951.974,4956.876,2503
2026-01-23 04:45:00+00:00,4956.852,4958.36,4954.981,4956.283,1712
2026-01-23 05:00:00+00:00,4956.259,4957.514,4954.435,4956.261,1890
2026-01-23 05:15:00+00:00,4956.28,4960.162,4955.459,4957.444,1525
2026-01-23 05:30:00+00:00,4957.467,4961.457,4956.441,4961.091,2916
2026-01-23 05:45:00+00:00,4961.102,4967.334,4960.433,4960.654,3207
2026-01-23 06:00:00+00:00,4960.596,4962.981,4945.455,4952.755,7319
2026-01-23 06:15:00+00:00,4952.783,4958.944,4951.474,4953.046,3866
2026-01-23 06:30:00+00:00,4953.003,4955.862,4950.21,4952.967,3872
2026-01-23 06:45:00+00:00,4952.942,4956.165,4950.859,4953.708,3567
2026-01-23 07:00:00+00:00,4953.733,4957.985,4952.474,4956.074,3284
2026-01-23 07:15:00+00:00,4956.032,4959.602,4951.902,4956.958,2886
2026-01-23 07:30:00+00:00,4956.916,4958.441,4946.129,4946.232,5035
2026-01-23 07:45:00+00:00,4946.278,4951.175,4943.365,4944.413,4454
2026-01-23 08:00:00+00:00,4944.349,4947.539,4940.471,4942.283,4595
2026-01-23 08:15:00+00:00,4942.252,4942.95,4901.296,4913.396,11154
2026-01-23 08:30:00+00:00,4913.331,4926.314,4910.632,4925.042,6301
2026-01-23 08:45:00+00:00,4925.048,4925.421,4908.794,4913.776,8537
2026-01-23 09:00:00+00:00,4913.82,4919.977,4909.079,4912.037,6484
2026-01-23 09:15:00+00:00,4912.072,4914.759,4899.542,4905.342,7941
2026-01-23 09:30:00+00:00,4905.367,4917.826,4903.028,4917.153,5116
2026-01-23 09:45:00+00:00,4917.107,4921.723,4914.359,4918.577,4650
2026-01-23 10:00:00+00:00,4918.538,4922.648,4915.686,4921.291,4162
2026-01-23 10:15:00+00:00,4921.328,4932.351,4921.328,4929.515,4224
2026-01-23 10:30:00+00:00,4929.468,4930.462,4924.906,4927.934,3374
2026-01-23 10:45:00+00:00,4928.048,4930.72,4924.497,4929.871,3025
2026-01-23 11:00:00+00:00,4929.821,4929.978,4916.05,4918.467,4846
2026-01-23 11:15:00+00:00,4918.492,4921.964,4911.967,4920.838,3915
2026-01-23 11:30:00+00:00,4920.885,4925.118,4919.787,4923.434,2625
2026-01-23 11:45:00+00:00,4923.514,4926.339,4920.911,4922.89,3756
2026-01-23 12:00:00+00:00,4922.999,4934.411,4918.292,4933.873,4653
2026-01-23 12:15:00+00:00,4933.904,4937.016,4930.414,4934.036,3595
2026-01-23 12:30:00+00:00,4934.047,4939.073,4932.308,4936.112,3597
2026-01-23 12:45:00+00:00,4936.144,4942.56,4935.964,4939.264,4093
2026-01-23 13:00:00+00:00,4939.239,4947.968,4933.659,4940.426,9005
2026-01-23 13:15:00+00:00,4940.385,4940.587,4923.818,4931.596,11986
2026-01-23 13:30:00+00:00,4931.584,4939.319,4927.179,4931.729,9918
2026-01-23 13:45:00+00:00,4931.694,4940.733,4930.552,4938.919,7500
2026-01-23 14:00:00+00:00,4938.961,4947.852,4934.775,4944.413,6767
2026-01-23 14:15:00+00:00,4944.389,4945.515,4939.626,4940.004,4827
2026-01-23 14:30:00+00:00,4939.967,4949.773,4932.828,4947.061,11635
2026-01-23 14:45:00+00:00,4947.087,4956.538,4942.791,4943.153,8612
2026-01-23 15:00:00+00:00,4943.231,4955.863,4938.506,4952.852,8425
2026-01-23 15:15:00+00:00,4952.885,4954.423,4942.474,4944.79,10067
2026-01-23 15:30:00+00:00,4944.821,4960.895,4943.805,4958.998,6329
2026-01-23 15:45:00+00:00,4959.039,4963.342,4951.409,4960.584,7184
2026-01-23 16:00:00+00:00,4960.611,4976.726,4959.077,4971.116,7662
2026-01-23 16:15:00+00:00,4971.07,4986.353,4969.528,4985.406,6934
2026-01-23 16:30:00+00:00,4985.355,4988.334,4978.931,4982.724,7184
2026-01-23 16:45:00+00:00,4982.686,4983.177,4975.502,4980.297,6876
2026-01-23 17:00:00+00:00,4980.335,4987.223,4977.323,4984.485,6342
2026-01-23 17:15:00+00:00,4984.551,4987.821,4980.892,4983.034,5144
2026-01-23 17:30:00+00:00,4983.071,4988.104,4982.314,4983.25,4638
2026-01-23 17:45:00+00:00,4983.207,4985.212,4962.088,4965.998,8645
2026-01-23 18:00:00+00:00,4966.032,4982.789,4965.421,4980.979,6953
2026-01-23 18:15:00+00:00,4980.953,4984.119,4977.588,4978.703,6384
2026-01-23 18:30:00+00:00,4978.67,4979.917,4963.91,4964.557,6907
2026-01-23 18:45:00+00:00,4964.549,4969.685,4958.26,4966.792,6638
2026-01-23 19:00:00+00:00,4966.818,4978.735,4966.818,4974.148,4740
2026-01-23 19:15:00+00:00,4974.185,4978.672,4973.666,4977.329,3206
2026-01-23 19:30:00+00:00,4977.351,4980.434,4974.502,4978.852,3890
2026-01-23 19:45:00+00:00,4978.806,4989.804,4978.029,4984.331,4222
2026-01-23 20:00:00+00:00,4984.297,4985.729,4970.597,4981.204,6571
2026-01-23 20:15:00+00:00,4981.221,4985.448,4977.837,4980.946,4497
2026-01-23 20:30:00+00:00,4980.983,4983.392,4975.801,4982.374,5790
2026-01-23 20:45:00+00:00,4982.329,4984.221,4978.781,4981.517,5043
2026-01-23 21:00:00+00:00,4981.478,4986.087,4978.883,4981.357,3342
2026-01-23 21:15:00+00:00,4981.358,4983.682,4978.031,4981.877,2113
2026-01-23 21:30:00+00:00,4981.897,4983.239,4980.49,4982.325,1601
2026-01-23 21:45:00+00:00,4982.347,4989.05,4981.116,4988.337,2011
2026-01-25 23:00:00+00:00,5019.847,5026.151,5003.575,5021.595,9190
2026-01-25 23:15:00+00:00,5021.542,5031.188,5012.323,5018.53,9558
2026-01-25 23:30:00+00:00,5018.596,5032.103,5016.637,5025.357,7278
2026-01-25 23:45:00+00:00,5025.385,5040.296,5025.133,5039.789,4684
2026-01-26 00:00:00+00:00,5039.821,5043.899,5034.473,5039.322,9115
2026-01-26 00:15:00+00:00,5039.27,5042.73,5030.511,5042.73,6183
2026-01-26 00:30:00+00:00,5042.704,5052.099,5042.056,5050.211,4603
2026-01-26 00:45:00+00:00,5050.318,5051.886,5038.159,5041.83,5249
2026-01-26 01:00:00+00:00,5041.689,5059.149,5029.102,5057.406,13122
2026-01-26 01:15:00+00:00,5057.476,5075.422,5056.743,5074.333,10335
2026-01-26 01:30:00+00:00,5074.215,5085.699,5071.53,5083.32,11701
2026-01-26 01:45:00+00:00,5083.284,5084.84,5067.777,5071.195,11947
2026-01-26 02:00:00+00:00,5071.221,5079.32,5067.022,5075.21,12449
2026-01-26 02:15:00+00:00,5075.184,5089.13,5072.831,5087.9,7251
2026-01-26 02:30:00+00:00,5087.769,5093.104,5079.137,5088.423,8603
2026-01-26 02:45:00+00:00,5088.381,5091.283,5080.642,5081.12,7009
2026-01-26 03:00:00+00:00,5081.06,5085.069,5071.757,5084.936,8922
2026-01-26 03:15:00+00:00,5084.939,5087.946,5075.078,5079.55,7325
2026-01-26 03:30:00+00:00,5079.579,5083.797,5076.062,5078.669,4764
2026-01-26 03:45:00+00:00,5078.622,5079.47,5070.008,5076.541,6539
2026-01-26 04:00:00+00:00,5076.571,5078.002,5072.14,5075.789,4362
2026-01-26 04:15:00+00:00,5075.807,5076.591,5071.338,5072.384,3667
2026-01-26 04:30:00+00:00,5072.433,5073.241,5064.353,5067.118,5115
2026-01-26 04:45:00+00:00,5067.049,5072.268,5058.121,5070.445,5104
2026-01-26 05:00:00+00:00,5070.362,5072.852,5055.17,5060.039,5231
2026-01-26 05:15:00+00:00,5059.942,5066.97,5052.349,5065.578,6871
2026-01-26 05:30:00+00:00,5065.603,5068.077,5053.241,5059.637,13760
2026-01-26 05:45:00+00:00,5059.586,5076.439,5058.405,5074.295,7702
2026-01-26 06:00:00+00:00,5074.343,5082.312,5067.412,5069.427,8466
2026-01-26 06:15:00+00:00,5069.472,5077.155,5065.319,5075.257,8156
2026-01-26 06:30:00+00:00,5075.294,5092.579,5074.766,5091.997,6998
2026-01-26 06:45:00+00:00,5092.038,5111.173,5076.387,5077.886,14550
2026-01-26 07:00:00+00:00,5077.807,5092.189,5074.063,5091.075,8228
2026-01-26 07:15:00+00:00,5091.018,5095.701,5089.842,5095.32,4673
2026-01-26 07:30:00+00:00,5095.34,5095.63,5085.823,5088.594,4306
2026-01-26 07:45:00+00:00,5088.616,5094.367,5088.305,5089.275,4127
2026-01-26 08:00:00+00:00,5089.234,5096.663,5087.332,5096.145,5831
2026-01-26 08:15:00+00:00,5096.173,5097.715,5094.968,5096.811,3368
2026-01-26 08:30:00+00:00,5096.769,5098.284,5090.353,5093.274,4659
2026-01-26 08:45:00+00:00,5093.372,5093.889,5080.021,5083.341,6653
2026-01-26 09:00:00+00:00,5083.349,5092.94,5082.318,5091.201,4984
2026-01-26 09:15:00+00:00,5091.165,5096.899,5088.101,5096.689,4945
2026-01-26 09:30:00+00:00,5096.653,5098.657,5087.475,5091.339,4368
2026-01-26 09:45:00+00:00,5091.349,5093.154,5075.426,5084.082,7287
2026-01-26 10:00:00+00:00,5084.113,5090.395,5078.634,5089.136,6011
2026-01-26 10:15:00+00:00,5089.097,5091.303,5086.253,5087.424,3715
2026-01-26 10:30:00+00:00,5087.431,5095.064,5085.923,5092.945,3873
2026-01-26 10:45:00+00:00,5092.906,5094.357,5090.309,5091.639,3209
2026-01-26 11:00:00+00:00,5091.612,5092.779,5087.222,5088.006,3410
2026-01-26 11:15:00+00:00,5088.007,5088.645,5078.58,5087.339,4676
2026-01-26 11:30:00+00:00,5087.211,5092.399,5083.767,5090.096,3170
2026-01-26 11:45:00+00:00,5090.127,5092.439,5087.233,5091.438,2644
2026-01-26 12:00:00+00:00,5091.406,5093.953,5087.217,5090.444,3881
2026-01-26 12:15:00+00:00,5090.376,5096.982,5086.227,5090.039,4519
2026-01-26 12:30:00+00:00,5090.079,5090.079,5079.237,5083.52,5418
2026-01-26 12:45:00+00:00,5083.563,5085.86,5077.196,5078.886,6917
2026-01-26 13:00:00+00:00,5078.846,5082.319,5066.067,5080.207,9190
2026-01-26 13:15:00+00:00,5080.262,5083.311,5067.204,5072.476,9309
2026-01-26 13:30:00+00:00,5072.388,5073.25,5054.528,5070.948,8797
2026-01-26 13:45:00+00:00,5070.914,5075.958,5066.834,5068.552,9018
2026-01-26 14:00:00+00:00,5068.594,5073.069,5058.3,5071.328,8496
2026-01-26 14:15:00+00:00,5071.316,5082.732,5063.662,5078.448,7837
2026-01-26 14:30:00+00:00,5078.4,5090.774,5074.606,5081.799,17225
2026-01-26 14:45:00+00:00,5081.825,5096.945,5080.571,5096.269,10312
2026-01-26 15:00:00+00:00,5096.318,5097.382,5085.747,5095.389,11262
2026-01-26 15:15:00+00:00,5095.316,5096.802,5084.013,5090.226,10710
2026-01-26 15:30:00+00:00,5090.288,5092.662,5073.834,5078.447,13343
2026-01-26 15:45:00+00:00,5078.392,5095.244,5077.769,5090.917,9158
2026-01-26 16:00:00+00:00,5090.891,5104.997,5089.599,5101.619,9738
2026-01-26 16:15:00+00:00,5101.667,5104.082,5070.532,5075.635,13027
2026-01-26 16:30:00+00:00,5075.676,5083.278,5065.288,5077.472,18615
2026-01-26 16:45:00+00:00,5077.344,5094.467,5076.803,5089.514,9806
2026-01-26 17:00:00+00:00,5089.562,5097.383,5085.535,5094.309,9216
2026-01-26 17:15:00+00:00,5094.348,5095.475,5080.709,5088.511,8947
2026-01-26 17:30:00+00:00,5088.405,5102.484,5082.28,5102.055,7018
2026-01-26 17:45:00+00:00,5102.098,5105.21,5097.42,5100.867,7770
2026-01-26 18:00:00+00:00,5100.974,5103.276,5076.546,5078.43,13582
2026-01-26 18:15:00+00:00,5078.479,5090.598,5076.752,5085.052,15660
2026-01-26 18:30:00+00:00,5084.987,5085.43,5057.803,5064.439,20193
2026-01-26 18:45:00+00:00,5064.373,5083.045,5063.842,5068.873,14048
2026-01-26 19:00:00+00:00,5068.893,5069.748,5035.617,5060.332,23516
2026-01-26 19:15:00+00:00,5060.224,5061.376,5020.286,5027.403,29602
2026-01-26 19:30:00+00:00,5027.376,5043.682,5024.803,5034.159,22373
2026-01-26 19:45:00+00:00,5034.204,5037.734,5008.256,5028.697,26441
2026-01-26 20:00:00+00:00,5028.749,5053.879,5026.159,5049.985,16585
2026-01-26 20:15:00+00:00,5049.943,5056.737,5040.762,5056.124,15968
2026-01-26 20:30:00+00:00,5056.165,5062.294,5035.766,5046.688,16300
2026-01-26 20:45:00+00:00,5046.718,5060.642,5043.018,5055.149,12479
2026-01-26 21:00:00+00:00,5055.175,5059.318,5034.07,5034.274,9786
2026-01-26 21:15:00+00:00,5034.244,5035.849,5011.334,5020.537,16716
2026-01-26 21:30:00+00:00,5020.587,5020.996,4989.632,5005.267,17479
2026-01-26 21:45:00+00:00,5005.233,5016.896,5004.204,5009.206,9188
2026-01-26 23:00:00+00:00,5029.858,5040.766,5018.89,5040.11,6527
2026-01-26 23:15:00+00:00,5040.146,5050.004,5037.356,5045.192,5508
2026-01-26 23:30:00+00:00,5045.302,5057.673,5040.631,5056.722,3701
2026-01-26 23:45:00+00:00,5056.686,5061.509,5043.343,5043.629,4335
2026-01-27 00:00:00+00:00,5043.588,5053.739,5038.504,5052.368,5092
2026-01-27 00:15:00+00:00,5052.404,5053.994,5044.511,5045.039,4070
2026-01-27 00:30:00+00:00,5045.005,5049.753,5028.918,5031.949,5861
2026-01-27 00:45:00+00:00,5032.016,5035.361,5013.485,5032.697,11653
2026-01-27 01:00:00+00:00,5032.725,5071.588,5018.781,5071.588,21153
2026-01-27 01:15:00+00:00,5071.613,5075.92,5063.231,5066.718,15130
2026-01-27 01:30:00+00:00,5066.689,5070.57,5054.493,5063.865,10214
2026-01-27 01:45:00+00:00,5063.814,5067.033,5057.202,5060.472,8608
2026-01-27 02:00:00+00:00,5060.437,5067.592,5049.591,5064.062,8154
2026-01-27 02:15:00+00:00,5063.985,5070.312,5060.514,5067.983,7154
2026-01-27 02:30:00+00:00,5068.097,5079.821,5067.159,5079.112,6367
2026-01-27 02:45:00+00:00,5079.127,5079.843,5065.543,5072.436,5391
2026-01-27 03:00:00+00:00,5072.477,5073.856,5063.566,5066.192,6365
2026-01-27 03:15:00+00:00,5066.226,5072.749,5060.246,5064.822,5749
2026-01-27 03:30:00+00:00,5064.782,5076.339,5064.237,5074.738,5325
2026-01-27 03:45:00+00:00,5074.699,5079.121,5071.619,5076.871,4606
2026-01-27 04:00:00+00:00,5076.819,5078.61,5068.482,5069.424,3731
2026-01-27 04:15:00+00:00,5069.477,5076.085,5069.477,5074.758,3938
2026-01-27 04:30:00+00:00,5074.767,5075.344,5061.513,5066.506,4791
2026-01-27 04:45:00+00:00,5066.561,5070.993,5062.39,5067.967,4518
2026-01-27 05:00:00+00:00,5067.975,5068.669,5057.398,5063.717,5499
2026-01-27 05:15:00+00:00,5063.743,5066.921,5058.19,5064.421,4567
2026-01-27 05:30:00+00:00,5064.473,5074.71,5059.998,5074.647,6431
2026-01-27 05:45:00+00:00,5074.688,5085.261,5074.688,5083.013,5543
2026-01-27 06:00:00+00:00,5082.906,5086.989,5076.62,5083.362,6973
2026-01-27 06:15:00+00:00,5083.336,5087.652,5079.726,5082.18,4008
2026-01-27 06:30:00+00:00,5082.288,5088.596,5078.874,5085.664,4810
2026-01-27 06:45:00+00:00,5085.798,5094.062,5081.899,5085.896,6249
2026-01-27 07:00:00+00:00,5085.868,5094.539,5082.534,5085.397,7128
2026-01-27 07:15:00+00:00,5085.313,5090.693,5081.596,5087.93,7218
2026-01-27 07:30:00+00:00,5087.965,5100.962,5087.965,5093.033,8187
2026-01-27 07:45:00+00:00,5092.989,5096.355,5086.035,5086.128,5828
2026-01-27 08:00:00+00:00,5086.063,5088.378,5079.408,5086.553,6179
2026-01-27 08:15:00+00:00,5086.603,5087.639,5075.326,5077.553,5530
2026-01-27 08:30:00+00:00,5077.609,5082.302,5073.318,5082.18,6646
2026-01-27 08:45:00+00:00,5082.208,5085.353,5077.525,5079.354,4362
2026-01-27 09:00:00+00:00,5079.4,5084.241,5077.963,5083.376,4749
2026-01-27 09:15:00+00:00,5083.31,5088.529,5082.29,5088.26,4154
2026-01-27 09:30:00+00:00,5088.227,5094.306,5086.113,5088.046,3652
2026-01-27 09:45:00+00:00,5088.021,5099.601,5082.944,5098.723,6438
2026-01-27 10:00:00+00:00,5098.693,5098.693,5091.108,5096.768,5186
2026-01-27 10:15:00+00:00,5096.727,5098.092,5087.733,5088.195,3946
2026-01-27 10:30:00+00:00,5088.222,5089.137,5082.041,5084.648,4869
2026-01-27 10:45:00+00:00,5084.563,5087.054,5081.89,5086.163,3707
2026-01-27 11:00:00+00:00,5086.201,5090.413,5083.731,5090.253,3863
2026-01-27 11:15:00+00:00,5090.251,5090.907,5084.848,5086.878,3121
2026-01-27 11:30:00+00:00,5086.905,5088.137,5083.331,5085.647,2705
2026-01-27 11:45:00+00:00,5085.758,5085.912,5066.866,5076.758,7588
2026-01-27 12:00:00+00:00,5076.702,5082.566,5075.383,5080.938,5609
2026-01-27 12:15:00+00:00,5080.908,5081.192,5073.6,5078.912,6311
2026-01-27 12:30:00+00:00,5078.888,5090.509,5078.086,5089.217,5260
2026-01-27 12:45:00+00:00,5089.299,5091.21,5081.249,5085.037,5193
2026-01-27 13:00:00+00:00,5084.986,5092.317,5078.214,5090.404,9483
2026-01-27 13:15:00+00:00,5090.357,5092.971,5076.097,5080.975,11644
2026-01-27 13:30:00+00:00,5080.906,5085.762,5069.493,5073.515,9942
2026-01-27 13:45:00+00:00,5073.456,5082.23,5071.285,5077.466,7567
2026-01-27 14:00:00+00:00,5077.488,5077.488,5055.093,5060.153,14140
2026-01-27 14:15:00+00:00,5060.126,5066.022,5046.465,5059.626,21189
2026-01-27 14:30:00+00:00,5059.594,5082.399,5059.179,5079.361,21643
2026-01-27 14:45:00+00:00,5079.394,5079.511,5050.929,5054.261,20603
2026-01-27 15:00:00+00:00,5054.226,5070.051,5047.483,5057.458,20483
2026-01-27 15:15:00+00:00,5057.433,5077.014,5056.092,5069.332,18643
2026-01-27 15:30:00+00:00,5069.276,5086.962,5068.846,5080.649,12228
2026-01-27 15:45:00+00:00,5080.672,5091.517,5080.003,5091.119,10419
2026-01-27 16:00:00+00:00,5091.011,5098.712,5083.721,5095.101,9858
2026-01-27 16:15:00+00:00,5095.059,5103.151,5093.665,5098.591,9951
2026-01-27 16:30:00+00:00,5098.565,5099.548,5085.963,5088.442,10237
2026-01-27 16:45:00+00:00,5088.452,5092.029,5083.378,5087.504,9424
2026-01-27 17:00:00+00:00,5087.454,5092.064,5080.352,5091.452,9678
2026-01-27 17:15:00+00:00,5091.487,5094.217,5079.143,5087.36,10937
2026-01-27 17:30:00+00:00,5087.464,5089.685,5078.517,5081.93,10174
2026-01-27 17:45:00+00:00,5081.817,5085.771,5076.677,5081.34,9981
2026-01-27 18:00:00+00:00,5081.31,5087.254,5076.203,5081.481,9236
2026-01-27 18:15:00+00:00,5081.552,5088.82,5078.701,5085.018,11923
2026-01-27 18:30:00+00:00,5084.939,5091.846,5084.939,5088.397,6899
2026-01-27 18:45:00+00:00,5088.285,5095.467,5087.443,5088.052,5026
2026-01-27 19:00:00+00:00,5088.006,5089.116,5081.171,5087.186,5700
2026-01-27 19:15:00+00:00,5087.155,5090.941,5085.419,5087.859,3847
2026-01-27 19:30:00+00:00,5087.833,5093.301,5087.515,5092.892,3656
2026-01-27 19:45:00+00:00,5092.912,5099.999,5090.58,5098.926,3969
2026-01-27 20:00:00+00:00,5098.952,5143.156,5097.894,5141.792,20393
2026-01-27 20:15:00+00:00,5141.828,5151.576,5131.902,5141.734,21847
2026-01-27 20:30:00+00:00,5141.645,5149.032,5132.686,5142.293,17094
2026-01-27 20:45:00+00:00,5142.251,5182.538,5142.182,5176.493,31482
2026-01-27 21:00:00+00:00,5176.578,5188.253,5170.835,5176.374,14946
2026-01-27 21:15:00+00:00,5176.399,5180.412,5169.441,5173.908,7053
2026-01-27 21:30:00+00:00,5173.879,5186.584,5171.52,5185.06,5361
2026-01-27 21:45:00+00:00,5185.194,5190.49,5174.752,5180.515,6771
2026-01-27 23:00:00+00:00,5177.132,5177.256,5167.559,5170.974,1532
2026-01-27 23:15:00+00:00,5170.937,5173.181,5159.074,5170.335,5059
2026-01-27 23:30:00+00:00,5170.319,5172.205,5163.948,5164.376,4526
2026-01-27 23:45:00+00:00,5164.321,5176.811,5163.812,5172.433,5197
2026-01-28 00:00:00+00:00,5172.389,5173.125,5157.059,5165.632,6647
2026-01-28 00:15:00+00:00,5165.677,5167.172,5160.413,5163.237,4761
2026-01-28 00:30:00+00:00,5163.214,5170.532,5163.181,5168.272,5169
2026-01-28 00:45:00+00:00,5168.35,5180.096,5168.301,5171.933,5679
2026-01-28 01:00:00+00:00,5171.877,5202.313,5168.802,5190.793,19315
2026-01-28 01:15:00+00:00,5190.677,5196.224,5181.542,5194.024,14198
2026-01-28 01:30:00+00:00,5193.987,5215.479,5186.39,5215.373,13154
2026-01-28 01:45:00+00:00,5215.455,5225.239,5204.674,5204.765,15388
2026-01-28 02:00:00+00:00,5204.737,5217.6,5201.579,5210.103,14672
2026-01-28 02:15:00+00:00,5210.071,5220.878,5207.982,5218.35,6333
2026-01-28 02:30:00+00:00,5218.301,5229.639,5216.671,5221.592,10043
2026-01-28 02:45:00+00:00,5221.561,5234.468,5221.036,5231.921,9117
2026-01-28 03:00:00+00:00,5231.804,5247.708,5230.321,5243.396,9787
2026-01-28 03:15:00+00:00,5243.386,5246.592,5236.27,5237.315,8283
2026-01-28 03:30:00+00:00,5237.269,5239.922,5224.532,5233.394,7431
2026-01-28 03:45:00+00:00,5233.333,5244.59,5230.65,5234.977,6650
2026-01-28 04:00:00+00:00,5234.951,5240.88,5232.997,5235.338,4488
2026-01-28 04:15:00+00:00,5235.3,5241.266,5232.359,5238.111,3794
2026-01-28 04:30:00+00:00,5238.11,5241.606,5234.5,5239.972,3801
2026-01-28 04:45:00+00:00,5239.965,5248.97,5233.671,5245.639,4809
2026-01-28 05:00:00+00:00,5245.655,5257.476,5241.628,5253.908,6518
2026-01-28 05:15:00+00:00,5253.953,5261.866,5252.194,5259.169,5876
2026-01-28 05:30:00+00:00,5259.146,5266.411,5251.134,5264.871,9447
2026-01-28 05:45:00+00:00,5264.914,5266.46,5257.393,5261.144,6172
2026-01-28 06:00:00+00:00,5261.187,5263.12,5252.381,5261.728,6333
2026-01-28 06:15:00+00:00,5261.692,5265.671,5252.097,5255.659,6561
2026-01-28 06:30:00+00:00,5255.789,5264.729,5255.143,5261.707,7334
2026-01-28 06:45:00+00:00,5261.794,5271.416,5257.234,5269.852,6004
2026-01-28 07:00:00+00:00,5269.896,5275.434,5263.0,5273.836,6872
2026-01-28 07:15:00+00:00,5273.802,5284.08,5272.851,5281.07,6567
2026-01-28 07:30:00+00:00,5281.114,5285.624,5272.09,5281.328,6655
2026-01-28 07:45:00+00:00,5281.441,5292.871,5278.089,5290.397,6412
2026-01-28 08:00:00+00:00,5290.355,5299.717,5286.449,5293.292,10124
2026-01-28 08:15:00+00:00,5293.316,5301.073,5289.031,5299.399,7824
2026-01-28 08:30:00+00:00,5299.431,5311.57,5289.822,5290.06,9857
2026-01-28 08:45:00+00:00,5290.036,5295.925,5280.758,5293.649,10613
2026-01-28 09:00:00+00:00,5293.67,5297.426,5280.342,5282.006,7588
2026-01-28 09:15:00+00:00,5282.031,5282.172,5268.476,5275.621,10083
2026-01-28 09:30:00+00:00,5275.659,5280.31,5262.838,5266.877,6957
2026-01-28 09:45:00+00:00,5266.93,5278.863,5266.894,5277.991,5366
2026-01-28 10:00:00+00:00,5278.039,5285.636,5272.704,5282.306,5591
2026-01-28 10:15:00+00:00,5282.326,5282.326,5275.888,5278.421,4324
2026-01-28 10:30:00+00:00,5278.49,5278.843,5269.345,5274.523,7341
2026-01-28 10:45:00+00:00,5274.56,5280.547,5269.938,5269.962,4581
2026-01-28 11:00:00+00:00,5269.973,5270.792,5238.593,5260.541,13716
2026-01-28 11:15:00+00:00,5260.485,5261.963,5246.563,5259.239,8897
2026-01-28 11:30:00+00:00,5259.265,5262.424,5252.041,5261.302,5275
2026-01-28 11:45:00+00:00,5261.335,5267.719,5259.732,5261.638,4940
2026-01-28 12:00:00+00:00,5261.7,5263.995,5251.651,5261.309,9761
2026-01-28 12:15:00+00:00,5261.262,5268.909,5258.211,5261.185,8374
2026-01-28 12:30:00+00:00,5261.303,5273.065,5261.303,5269.603,5698
2026-01-28 12:45:00+00:00,5269.517,5279.236,5265.466,5279.229,6168
2026-01-28 13:00:00+00:00,5279.181,5289.53,5268.697,5275.34,12652
2026-01-28 13:15:00+00:00,5275.314,5285.578,5273.39,5281.802,10803
2026-01-28 13:30:00+00:00,5281.755,5285.653,5258.688,5261.516,11538
2026-01-28 13:45:00+00:00,5261.562,5268.778,5257.077,5266.626,9874
2026-01-28 14:00:00+00:00,5266.654,5270.118,5248.426,5262.638,13206
2026-01-28 14:15:00+00:00,5262.665,5270.714,5259.239,5259.275,9879
2026-01-28 14:30:00+00:00,5259.164,5284.177,5250.358,5279.248,23712
2026-01-28 14:45:00+00:00,5279.357,5288.645,5270.072,5286.118,14569
2026-01-28 15:00:00+00:00,5286.172,5298.177,5235.274,5256.808,44996
2026-01-28 15:15:00+00:00,5256.846,5274.893,5244.901,5269.512,33188
2026-01-28 15:30:00+00:00,5269.546,5284.085,5266.438,5280.292,16561
2026-01-28 15:45:00+00:00,5280.399,5281.591,5266.953,5278.235,15544
2026-01-28 16:00:00+00:00,5278.276,5289.268,5274.448,5284.391,13746
2026-01-28 16:15:00+00:00,5284.348,5293.132,5282.059,5287.369,13847
2026-01-28 16:30:00+00:00,5287.412,5289.18,5276.052,5283.148,13156
2026-01-28 16:45:00+00:00,5283.186,5300.199,5281.736,5299.753,11600
2026-01-28 17:00:00+00:00,5299.79,5307.037,5292.805,5295.651,10300
2026-01-28 17:15:00+00:00,5295.598,5304.204,5288.837,5302.6,9389
2026-01-28 17:30:00+00:00,5302.638,5303.278,5283.043,5287.724,11750
2026-01-28 17:45:00+00:00,5287.693,5304.769,5284.769,5298.136,9097
2026-01-28 18:00:00+00:00,5298.233,5305.527,5292.613,5299.967,10488
2026-01-28 18:15:00+00:00,5299.934,5326.185,5298.859,5305.354,14928
2026-01-28 18:30:00+00:00,5305.387,5308.32,5268.44,5273.678,26949
2026-01-28 18:45:00+00:00,5273.653,5283.727,5271.423,5283.597,15582
2026-01-28 19:00:00+00:00,5283.487,5297.629,5269.346,5297.278,22383
2026-01-28 19:15:00+00:00,5297.321,5302.02,5282.749,5283.444,18818
2026-01-28 19:30:00+00:00,5283.477,5312.161,5281.066,5310.93,21098
2026-01-28 19:45:00+00:00,5310.889,5332.251,5304.759,5325.408,17067
2026-01-28 20:00:00+00:00,5325.304,5338.909,5322.753,5326.576,16379
2026-01-28 20:15:00+00:00,5326.604,5355.81,5320.898,5354.55,16182
2026-01-28 20:30:00+00:00,5354.587,5391.275,5353.089,5383.45,22044
2026-01-28 20:45:00+00:00,5383.516,5391.539,5367.404,5376.793,29484
2026-01-28 21:00:00+00:00,5376.828,5396.493,5376.828,5386.95,12707
2026-01-28 21:15:00+00:00,5386.907,5390.605,5380.05,5384.518,10968
2026-01-28 21:30:00+00:00,5384.547,5389.917,5380.697,5386.573,6804
2026-01-28 21:45:00+00:00,5386.478,5417.587,5383.074,5417.508,9086
2026-01-28 23:00:00+00:00,5448.139,5475.197,5432.519,5474.76,12657
2026-01-28 23:15:00+00:00,5474.79,5496.002,5472.08,5490.351,19753
2026-01-28 23:30:00+00:00,5490.468,5570.018,5489.354,5532.081,14467
2026-01-28 23:45:00+00:00,5532.305,5544.417,5484.144,5513.022,17000
2026-01-29 00:00:00+00:00,5512.989,5513.652,5450.333,5495.261,15356
2026-01-29 00:15:00+00:00,5495.399,5501.676,5463.632,5497.499,11540
2026-01-29 00:30:00+00:00,5497.464,5527.272,5492.856,5509.191,17906
2026-01-29 00:45:00+00:00,5509.154,5523.102,5500.758,5520.301,15940
2026-01-29 01:00:00+00:00,5520.343,5526.9,5445.471,5480.054,34034
2026-01-29 01:15:00+00:00,5480.108,5513.63,5480.108,5507.285,21127
2026-01-29 01:30:00+00:00,5507.26,5551.669,5507.26,5539.837,22987
2026-01-29 01:45:00+00:00,5539.885,5549.618,5527.0,5545.787,22344
2026-01-29 02:00:00+00:00,5545.74,5546.369,5504.563,5521.218,21913
2026-01-29 02:15:00+00:00,5521.267,5525.785,5510.175,5525.707,13811
2026-01-29 02:30:00+00:00,5525.769,5550.123,5518.519,5525.907,15881
2026-01-29 02:45:00+00:00,5525.856,5543.461,5522.106,5535.797,13311
2026-01-29 03:00:00+00:00,5535.846,5548.62,5508.482,5538.557,17679
2026-01-29 03:15:00+00:00,5538.609,5540.587,5521.891,5522.341,14213
2026-01-29 03:30:00+00:00,5522.294,5538.085,5520.29,5528.207,11880
2026-01-29 03:45:00+00:00,5528.193,5548.883,5527.144,5545.769,7938
2026-01-29 04:00:00+00:00,5545.731,5552.634,5534.117,5534.702,9202
2026-01-29 04:15:00+00:00,5534.729,5550.415,5533.588,5546.906,6916
2026-01-29 04:30:00+00:00,5546.899,5564.557,5545.18,5557.382,8838
2026-01-29 04:45:00+00:00,5557.346,5561.744,5551.238,5558.391,10489
2026-01-29 05:00:00+00:00,5558.328,5560.942,5550.073,5559.641,8699
2026-01-29 05:15:00+00:00,5559.617,5560.479,5516.135,5542.033,18376
2026-01-29 05:30:00+00:00,5542.071,5555.045,5540.977,5549.748,14173
2026-01-29 05:45:00+00:00,5549.751,5564.51,5548.571,5562.619,9150
2026-01-29 06:00:00+00:00,5562.647,5588.654,5562.602,5584.087,13415
2026-01-29 06:15:00+00:00,5584.061,5595.324,5574.216,5585.943,12763
2026-01-29 06:30:00+00:00,5585.89,5587.834,5577.718,5582.12,10857
2026-01-29 06:45:00+00:00,5582.075,5585.123,5554.747,5561.648,16636
2026-01-29 07:00:00+00:00,5561.609,5575.005,5560.655,5561.981,11360
2026-01-29 07:15:00+00:00,5561.953,5565.098,5536.963,5541.58,16220
2026-01-29 07:30:00+00:00,5541.61,5557.81,5541.61,5549.159,12038
2026-01-29 07:45:00+00:00,5549.163,5552.406,5543.934,5548.968,13172
2026-01-29 08:00:00+00:00,5548.933,5554.979,5522.942,5537.668,17917
2026-01-29 08:15:00+00:00,5537.71,5542.828,5523.312,5530.118,14104
2026-01-29 08:30:00+00:00,5530.085,5530.558,5475.774,5482.77,19921
2026-01-29 08:45:00+00:00,5482.818,5517.14,5474.018,5509.804,17953
2026-01-29 09:00:00+00:00,5509.76,5515.681,5498.018,5507.509,12615
2026-01-29 09:15:00+00:00,5507.464,5518.93,5500.253,5516.157,10371
2026-01-29 09:30:00+00:00,5516.134,5529.684,5512.317,5524.915,9323
2026-01-29 09:45:00+00:00,5524.925,5527.636,5511.378,5514.147,7643
2026-01-29 10:00:00+00:00,5514.115,5523.957,5501.854,5523.515,7792
2026-01-29 10:15:00+00:00,5523.428,5525.214,5505.486,5510.437,6513
2026-01-29 10:30:00+00:00,5510.308,5510.308,5497.29,5508.126,8488
2026-01-29 10:45:00+00:00,5508.085,5508.877,5482.215,5483.343,9529
2026-01-29 11:00:00+00:00,5483.39,5506.615,5470.728,5506.589,10228
2026-01-29 11:15:00+00:00,5506.616,5516.409,5505.062,5515.762,4927
2026-01-29 11:30:00+00:00,5515.713,5519.453,5508.507,5514.453,5105
2026-01-29 11:45:00+00:00,5514.427,5528.872,5514.427,5522.656,5638
2026-01-29 12:00:00+00:00,5522.629,5539.154,5518.484,5535.636,5377
2026-01-29 12:15:00+00:00,5535.765,5542.958,5528.413,5540.807,5035
2026-01-29 12:30:00+00:00,5540.833,5542.367,5526.207,5529.857,6486
2026-01-29 12:45:00+00:00,5529.905,5542.445,5527.117,5534.166,6619
2026-01-29 13:00:00+00:00,5534.284,5540.864,5513.881,5515.377,11110
2026-01-29 13:15:00+00:00,5515.406,5525.758,5508.01,5519.78,6840
2026-01-29 13:30:00+00:00,5519.52,5530.858,5500.261,5526.223,6796
2026-01-29 13:45:00+00:00,5526.289,5526.54,5506.142,5510.376,8961
2026-01-29 14:00:00+00:00,5510.403,5539.29,5510.403,5528.916,10505
2026-01-29 14:15:00+00:00,5528.956,5549.516,5517.092,5543.858,11664
2026-01-29 14:30:00+00:00,5543.833,5545.575,5501.297,5517.717,19909
2026-01-29 14:45:00+00:00,5517.676,5522.26,5491.126,5497.717,20185
2026-01-29 15:00:00+00:00,5497.256,5497.256,5366.942,5384.415,29312
2026-01-29 15:15:00+00:00,5384.628,5386.83,5094.978,5191.38,40129
2026-01-29 15:30:00+00:00,5191.405,5257.786,5105.18,5121.983,41675
2026-01-29 15:45:00+00:00,5121.755,5210.951,5117.021,5182.833,29823
2026-01-29 16:00:00+00:00,5182.783,5276.869,5171.927,5273.447,27416
2026-01-29 16:15:00+00:00,5273.749,5297.041,5235.856,5290.06,23739
2026-01-29 16:30:00+00:00,5289.872,5311.274,5245.246,5272.808,20814
2026-01-29 16:45:00+00:00,5272.857,5278.049,5228.582,5264.023,19937
2026-01-29 17:00:00+00:00,5264.077,5298.825,5264.077,5296.157,17543
2026-01-29 17:15:00+00:00,5296.456,5368.047,5294.803,5362.846,20612
2026-01-29 17:30:00+00:00,5362.768,5375.47,5338.985,5368.604,16379
2026-01-29 17:45:00+00:00,5368.679,5371.477,5314.758,5335.284,16270
2026-01-29 18:00:00+00:00,5335.335,5359.053,5330.68,5355.318,13334
2026-01-29 18:15:00+00:00,5355.402,5359.123,5307.915,5330.416,16995
2026-01-29 18:30:00+00:00,5330.328,5360.88,5322.387,5341.815,14061
2026-01-29 18:45:00+00:00,5341.749,5362.112,5336.677,5339.037,12210
2026-01-29 19:00:00+00:00,5339.098,5345.255,5304.227,5306.769,15793
2026-01-29 19:15:00+00:00,5306.743,5332.558,5305.247,5318.275,14358
2026-01-29 19:30:00+00:00,5318.324,5327.469,5290.22,5316.923,14210
2026-01-29 19:45:00+00:00,5317.041,5325.369,5299.46,5305.838,10863
2026-01-29 20:00:00+00:00,5305.702,5310.542,5282.814,5296.272,10705
2026-01-29 20:15:00+00:00,5296.156,5325.841,5290.171,5318.119,8171
2026-01-29 20:30:00+00:00,5318.287,5358.107,5310.137,5354.574,9563
2026-01-29 20:45:00+00:00,5354.643,5407.072,5353.712,5394.512,14068
2026-01-29 21:00:00+00:00,5394.432,5406.039,5383.023,5398.448,8325
2026-01-29 21:15:00+00:00,5398.482,5426.018,5388.853,5411.796,7943
2026-01-29 21:30:00+00:00,5411.772,5412.466,5378.964,5383.641,7167
2026-01-29 21:45:00+00:00,5383.489,5398.225,5374.608,5377.505,6501
2026-01-29 23:00:00+00:00,5400.815,5448.655,5394.868,5422.144,12647
2026-01-29 23:15:00+00:00,5422.113,5428.271,5388.252,5416.749,12350
2026-01-29 23:30:00+00:00,5416.712,5439.216,5406.841,5438.444,7172
2026-01-29 23:45:00+00:00,5438.416,5448.147,5428.749,5438.589,8108
2026-01-30 00:00:00+00:00,5438.551,5450.917,5431.74,5444.971,10557
2026-01-30 00:15:00+00:00,5445.051,5450.752,5418.943,5426.689,13955
2026-01-30 00:30:00+00:00,5426.732,5436.386,5405.502,5411.566,16927
2026-01-30 00:45:00+00:00,5411.525,5420.983,5389.899,5406.962,14839
2026-01-30 01:00:00+00:00,5407.098,5409.744,5301.552,5310.001,41888
2026-01-30 01:15:00+00:00,5310.05,5363.667,5306.355,5357.293,31049
2026-01-30 01:30:00+00:00,5357.255,5372.996,5344.972,5349.783,25776
2026-01-30 01:45:00+00:00,5349.686,5349.686,5291.364,5301.712,32302
2026-01-30 02:00:00+00:00,5301.612,5312.809,5195.527,5212.284,62393
2026-01-30 02:15:00+00:00,5212.324,5214.539,5112.046,5171.983,81917
2026-01-30 02:30:00+00:00,5171.955,5230.6,5139.608,5216.617,56548
2026-01-30 02:45:00+00:00,5216.576,5246.314,5202.069,5224.763,35899
2026-01-30 03:00:00+00:00,5224.736,5229.907,5167.041,5181.82,32731
2026-01-30 03:15:00+00:00,5181.692,5206.388,5172.54,5199.655,23665
2026-01-30 03:30:00+00:00,5199.679,5222.004,5153.005,5154.68,30335
2026-01-30 03:45:00+00:00,5154.573,5199.858,5150.709,5196.572,25556
2026-01-30 04:00:00+00:00,5196.523,5225.588,5193.79,5214.675,18922
2026-01-30 04:15:00+00:00,5214.664,5230.854,5198.704,5210.519,18044
2026-01-30 04:30:00+00:00,5210.46,5227.031,5202.465,5204.148,14026
2026-01-30 04:45:00+00:00,5204.102,5216.982,5200.183,5214.833,9938
2026-01-30 05:00:00+00:00,5214.689,5224.865,5203.619,5224.697,10950
2026-01-30 05:15:00+00:00,5224.719,5241.638,5223.531,5230.257,14441
2026-01-30 05:30:00+00:00,5230.205,5239.885,5213.209,5232.086,18586
2026-01-30 05:45:00+00:00,5231.986,5235.442,5180.103,5184.934,17155
2026-01-30 06:00:00+00:00,5184.829,5205.325,5174.725,5190.984,21118
2026-01-30 06:15:00+00:00,5191.018,5198.087,5156.735,5157.118,21951
2026-01-30 06:30:00+00:00,5157.225,5179.562,5152.656,5158.131,18816
2026-01-30 06:45:00+00:00,5158.104,5171.997,5145.544,5155.947,22035
2026-01-30 07:00:00+00:00,5155.884,5186.693,5124.007,5174.191,23910
2026-01-30 07:15:00+00:00,5174.217,5185.59,5165.487,5175.075,15979
2026-01-30 07:30:00+00:00,5175.016,5178.744,5117.625,5147.037,28543
2026-01-30 07:45:00+00:00,5147.071,5184.985,5142.905,5181.14,20267
2026-01-30 08:00:00+00:00,5181.197,5181.197,5140.693,5145.635,21765
2026-01-30 08:15:00+00:00,5145.724,5170.565,5133.02,5152.342,18949
2026-01-30 08:30:00+00:00,5152.41,5154.964,5055.99,5096.405,46105
2026-01-30 08:45:00+00:00,5096.327,5128.83,5091.394,5117.27,25497
2026-01-30 09:00:00+00:00,5117.261,5132.854,5014.394,5028.194,42155
2026-01-30 09:15:00+00:00,5028.263,5070.317,5020.845,5028.571,43065
2026-01-30 09:30:00+00:00,5028.524,5068.842,4976.667,4976.993,46478
2026-01-30 09:45:00+00:00,4976.827,5030.326,4940.267,5013.698,69637
2026-01-30 10:00:00+00:00,5013.618,5053.444,5001.002,5038.984,31833
2026-01-30 10:15:00+00:00,5039.047,5076.311,5032.072,5059.68,28585
2026-01-30 10:30:00+00:00,5059.718,5093.407,5054.714,5078.2,24215
2026-01-30 10:45:00+00:00,5078.154,5122.632,5076.448,5119.731,23548
2026-01-30 11:00:00+00:00,5119.702,5126.972,5090.097,5120.388,21244
2026-01-30 11:15:00+00:00,5120.428,5130.149,5105.527,5124.562,16546
2026-01-30 11:30:00+00:00,5124.605,5137.84,5118.186,5120.951,12883
2026-01-30 11:45:00+00:00,5120.993,5144.841,5089.722,5136.072,23998
2026-01-30 12:00:00+00:00,5136.076,5145.942,5121.306,5129.225,17805
2026-01-30 12:15:00+00:00,5129.193,5140.44,5109.704,5119.976,18351
2026-01-30 12:30:00+00:00,5119.847,5136.252,5103.231,5114.119,19237
2026-01-30 12:45:00+00:00,5114.147,5116.056,5055.443,5064.718,41809
2026-01-30 13:00:00+00:00,5064.645,5099.942,5054.221,5075.744,32772
2026-01-30 13:15:00+00:00,5075.835,5076.778,5014.126,5027.574,36780
2026-01-30 13:30:00+00:00,5027.304,5048.554,5011.277,5038.153,29773
2026-01-30 13:45:00+00:00,5038.117,5038.117,4991.925,5019.419,34629
2026-01-30 14:00:00+00:00,5019.451,5073.452,5017.418,5052.829,38544
2026-01-30 14:15:00+00:00,5052.905,5087.705,5040.889,5072.258,31433
2026-01-30 14:30:00+00:00,5072.224,5113.531,5056.384,5081.169,45947
2026-01-30 14:45:00+00:00,5081.15,5097.66,5014.364,5033.014,22871
2026-01-30 15:00:00+00:00,5033.129,5045.878,4980.398,5027.404,30041
2026-01-30 15:15:00+00:00,5027.487,5060.295,5027.196,5045.595,23248
2026-01-30 15:30:00+00:00,5045.617,5073.456,5040.043,5059.236,22930
2026-01-30 15:45:00+00:00,5059.208,5074.023,5038.498,5050.424,19105
2026-01-30 16:00:00+00:00,5050.472,5051.665,5016.233,5030.41,17506
2026-01-30 16:15:00+00:00,5030.356,5035.244,4987.421,4995.762,21720
2026-01-30 16:30:00+00:00,4995.699,5017.303,4959.155,5010.514,22347
2026-01-30 16:45:00+00:00,5010.544,5014.53,4942.048,4985.359,26536
2026-01-30 17:00:00+00:00,4985.286,4986.077,4899.439,4914.874,26739
2026-01-30 17:15:00+00:00,4914.996,4940.533,4899.316,4925.89,26619
2026-01-30 17:30:00+00:00,4925.919,4925.919,4838.812,4859.693,24960
2026-01-30 17:45:00+00:00,4859.793,4879.115,4801.12,4850.024,26385
2026-01-30 18:00:00+00:00,4849.911,4890.146,4786.753,4808.622,28495
2026-01-30 18:15:00+00:00,4808.567,4818.263,4693.496,4742.656,34549
2026-01-30 18:30:00+00:00,4742.628,4785.68,4682.526,4780.481,33279
2026-01-30 18:45:00+00:00,4780.372,4894.437,4773.552,4880.534,53531
2026-01-30 19:00:00+00:00,4880.57,4918.391,4871.868,4889.78,26032
2026-01-30 19:15:00+00:00,4889.834,4901.232,4840.093,4893.096,20931
2026-01-30 19:30:00+00:00,4893.187,4930.156,4881.149,4926.472,17181
2026-01-30 19:45:00+00:00,4926.427,4947.843,4907.965,4932.661,15176
2026-01-30 20:00:00+00:00,4932.701,4932.995,4879.005,4899.457,20142
2026-01-30 20:15:00+00:00,4899.574,4914.083,4880.424,4890.598,13228
2026-01-30 20:30:00+00:00,4890.469,4894.284,4843.98,4861.768,18247
2026-01-30 20:45:00+00:00,4861.801,4879.637,4809.015,4847.953,17988
2026-01-30 21:00:00+00:00,4847.569,4863.362,4831.728,4840.291,9792
2026-01-30 21:15:00+00:00,4840.209,4890.155,4836.533,4874.62,8269
2026-01-30 21:30:00+00:00,4874.582,4881.621,4850.152,4860.735,6796
2026-01-30 21:45:00+00:00,4860.772,4892.929,4857.021,4891.496,6886
2026-02-01 23:00:00+00:00,4793.519,4819.788,4712.969,4741.669,4355
2026-02-01 23:15:00+00:00,4741.699,4758.858,4697.912,4727.462,18696
2026-02-01 23:30:00+00:00,4727.377,4788.746,4715.245,4774.57,9154
2026-02-01 23:45:00+00:00,4774.613,4777.945,4725.733,4741.422,8844
2026-02-02 00:00:00+00:00,4741.538,4845.907,4740.112,4845.494,16060
2026-02-02 00:15:00+00:00,4845.422,4884.887,4827.193,4846.802,21247
2026-02-02 00:30:00+00:00,4846.848,4847.448,4795.207,4804.443,19571
2026-02-02 00:45:00+00:00,4804.286,4807.667,4760.057,4766.926,16340
2026-02-02 01:00:00+00:00,4766.854,4784.84,4585.336,4643.523,29449
2026-02-02 01:15:00+00:00,4643.484,4709.997,4642.645,4696.766,31559
2026-02-02 01:30:00+00:00,4696.851,4740.198,4667.547,4714.67,25331
2026-02-02 01:45:00+00:00,4714.758,4750.108,4704.595,4737.056,18847
2026-02-02 02:00:00+00:00,4736.934,4749.518,4698.54,4731.694,21949
2026-02-02 02:15:00+00:00,4731.591,4745.921,4714.927,4738.252,15336
2026-02-02 02:30:00+00:00,4738.292,4773.092,4735.637,4764.686,14007
2026-02-02 02:45:00+00:00,4764.599,4764.599,4698.051,4711.086,18428
2026-02-02 03:00:00+00:00,4711.023,4728.409,4690.762,4692.467,15846
2026-02-02 03:15:00+00:00,4692.391,4729.494,4659.291,4696.162,16234
2026-02-02 03:30:00+00:00,4696.289,4700.534,4630.285,4665.353,22271
2026-02-02 03:45:00+00:00,4665.247,4694.564,4639.443,4646.606,18225
2026-02-02 04:00:00+00:00,4646.505,4663.717,4603.508,4661.75,19615
2026-02-02 04:15:00+00:00,4661.88,4705.2,4660.546,4671.166,13874
2026-02-02 04:30:00+00:00,4671.291,4699.997,4657.676,4688.587,14220
2026-02-02 04:45:00+00:00,4688.626,4713.526,4672.427,4679.776,12988
2026-02-02 05:00:00+00:00,4679.705,4696.844,4649.475,4662.106,14385
2026-02-02 05:15:00+00:00,4662.081,4674.501,4649.381,4658.223,11547
2026-02-02 05:30:00+00:00,4658.347,4658.452,4573.177,4575.999,23919
2026-02-02 05:45:00+00:00,4576.022,4579.556,4498.097,4549.431,29806
2026-02-02 06:00:00+00:00,4549.465,4573.619,4521.047,4535.528,22204
2026-02-02 06:15:00+00:00,4535.57,4549.827,4433.473,4486.581,28389
2026-02-02 06:30:00+00:00,4486.672,4501.025,4402.065,4452.925,27825
2026-02-02 06:45:00+00:00,4452.989,4523.37,4430.42,4503.941,26379
2026-02-02 07:00:00+00:00,4504.387,4554.554,4484.761,4537.167,20210
2026-02-02 07:15:00+00:00,4537.13,4574.967,4523.75,4560.046,20906
2026-02-02 07:30:00+00:00,4560.092,4592.177,4524.835,4583.023,14760
2026-02-02 07:45:00+00:00,4582.996,4619.114,4582.063,4587.115,12260
2026-02-02 08:00:00+00:00,4587.054,4628.365,4561.465,4610.487,17268
2026-02-02 08:15:00+00:00,4610.504,4649.683,4601.046,4646.439,12676
2026-02-02 08:30:00+00:00,4646.5,4650.114,4607.554,4641.507,13919
2026-02-02 08:45:00+00:00,4641.556,4651.402,4627.024,4640.826,11518
2026-02-02 09:00:00+00:00,4640.737,4658.247,4603.449,4646.637,16276
2026-02-02 09:15:00+00:00,4646.55,4700.008,4626.174,4689.961,15007
2026-02-02 09:30:00+00:00,4690.009,4713.825,4679.455,4688.295,16871
2026-02-02 09:45:00+00:00,4688.197,4731.393,4684.703,4719.567,15736
2026-02-02 10:00:00+00:00,4719.534,4733.958,4703.461,4730.508,12821
2026-02-02 10:15:00+00:00,4730.465,4731.217,4670.626,4682.951,14173
2026-02-02 10:30:00+00:00,4682.833,4698.406,4661.588,4673.802,11323
2026-02-02 10:45:00+00:00,4673.767,4712.21,4657.254,4705.788,11298
2026-02-02 11:00:00+00:00,4705.763,4749.657,4703.605,4749.141,10118
2026-02-02 11:15:00+00:00,4749.171,4760.366,4740.218,4753.191,13338
2026-02-02 11:30:00+00:00,4753.225,4779.034,4747.74,4772.829,11237
2026-02-02 11:45:00+00:00,4773.138,4779.711,4757.202,4766.028,9919
2026-02-02 12:00:00+00:00,4765.857,4776.861,4743.117,4762.993,14534
2026-02-02 12:15:00+00:00,4762.803,4790.393,4759.853,4777.838,8471
2026-02-02 12:30:00+00:00,4777.94,4797.574,4770.298,4797.323,8639
2026-02-02 12:45:00+00:00,4797.48,4812.462,4773.479,4794.221,12592
2026-02-02 13:00:00+00:00,4794.157,4803.881,4720.698,4782.947,24864
2026-02-02 13:15:00+00:00,4783.007,4794.333,4728.338,4739.681,22045
2026-02-02 13:30:00+00:00,4739.577,4742.251,4669.435,4685.855,23166
2026-02-02 13:45:00+00:00,4685.911,4722.497,4683.995,4706.181,16717
2026-02-02 14:00:00+00:00,4706.269,4738.869,4699.77,4726.462,15771
2026-02-02 14:15:00+00:00,4726.49,4730.01,4680.093,4721.37,14200
2026-02-02 14:30:00+00:00,4721.402,4794.395,4709.539,4754.248,26180
2026-02-02 14:45:00+00:00,4754.216,4762.467,4700.191,4719.483,26687
2026-02-02 15:00:00+00:00,4719.174,4745.596,4690.369,4711.859,22026
2026-02-02 15:15:00+00:00,4711.77,4727.286,4673.503,4681.352,25130
2026-02-02 15:30:00+00:00,4681.293,4704.856,4648.386,4675.865,25247
2026-02-02 15:45:00+00:00,4675.869,4677.887,4617.128,4619.977,22165
2026-02-02 16:00:00+00:00,4620.053,4704.41,4596.499,4697.262,20600
2026-02-02 16:15:00+00:00,4697.351,4708.759,4662.634,4671.661,18070
2026-02-02 16:30:00+00:00,4671.805,4688.934,4645.134,4669.439,16481
2026-02-02 16:45:00+00:00,4669.291,4676.927,4649.635,4665.75,11913
2026-02-02 17:00:00+00:00,4665.905,4714.137,4659.914,4707.603,11572
2026-02-02 17:15:00+00:00,4707.681,4713.577,4660.276,4667.517,10235
2026-02-02 17:30:00+00:00,4667.59,4688.175,4656.421,4674.733,10134
2026-02-02 17:45:00+00:00,4674.647,4688.846,4663.198,4674.072,9762
2026-02-02 18:00:00+00:00,4674.143,4674.314,4632.576,4635.954,13266
2026-02-02 18:15:00+00:00,4636.042,4646.958,4618.276,4632.167,16472
2026-02-02 18:30:00+00:00,4632.347,4674.138,4632.347,4657.132,10053
2026-02-02 18:45:00+00:00,4657.093,4671.906,4644.319,4657.963,7809
2026-02-02 19:00:00+00:00,4657.931,4662.229,4636.939,4647.182,8570
2026-02-02 19:15:00+00:00,4647.104,4654.548,4631.413,4643.718,6398
2026-02-02 19:30:00+00:00,4643.677,4699.757,4636.956,4694.49,7988
2026-02-02 19:45:00+00:00,4694.563,4712.94,4676.718,4685.389,10463
2026-02-02 20:00:00+00:00,4685.485,4700.636,4668.723,4692.564,9111
2026-02-02 20:15:00+00:00,4692.659,4692.659,4651.232,4670.547,10689
2026-02-02 20:30:00+00:00,4670.626,4692.671,4656.813,4680.549,9240
2026-02-02 20:45:00+00:00,4680.544,4682.438,4647.337,4652.306,13346
2026-02-02 21:00:00+00:00,4652.401,4676.848,4643.759,4675.103,5936
2026-02-02 21:15:00+00:00,4675.233,4687.352,4659.929,4681.12,5369
2026-02-02 21:30:00+00:00,4681.206,4686.313,4667.923,4669.357,5310
2026-02-02 21:45:00+00:00,4669.48,4672.773,4648.298,4658.154,5787
2026-02-02 23:00:00+00:00,4685.104,4723.37,4681.962,4718.527,5045
2026-02-02 23:15:00+00:00,4718.374,4763.456,4715.87,4738.094,6606
2026-02-02 23:30:00+00:00,4738.172,4750.586,4716.921,4731.69,5892
2026-02-02 23:45:00+00:00,4731.829,4775.102,4729.874,4774.148,3863
2026-02-03 00:00:00+00:00,4774.235,4796.594,4766.243,4787.138,8147
2026-02-03 00:15:00+00:00,4787.155,4829.28,4787.155,4819.957,8991
2026-02-03 00:30:00+00:00,4819.873,4831.097,4813.312,4821.527,8088
2026-02-03 00:45:00+00:00,4821.453,4827.62,4773.931,4780.427,9655
2026-02-03 01:00:00+00:00,4780.29,4830.808,4766.461,4829.786,19363
2026-02-03 01:15:00+00:00,4829.681,4856.689,4823.316,4853.464,15567
2026-02-03 01:30:00+00:00,4853.584,4856.919,4830.347,4845.664,13919
2026-02-03 01:45:00+00:00,4845.733,4850.65,4820.342,4841.551,10993
2026-02-03 02:00:00+00:00,4841.616,4842.152,4789.798,4801.054,14946
2026-02-03 02:15:00+00:00,4801.178,4801.878,4760.475,4772.769,12940
2026-02-03 02:30:00+00:00,4772.722,4787.51,4755.543,4755.543,15558
2026-02-03 02:45:00+00:00,4755.265,4784.503,4745.492,4783.209,12293
2026-02-03 03:00:00+00:00,4783.136,4794.362,4762.271,4768.388,12204
2026-02-03 03:15:00+00:00,4768.306,4780.509,4751.924,4773.483,10111
2026-02-03 03:30:00+00:00,4773.384,4811.952,4770.527,4805.158,7932
2026-02-03 03:45:00+00:00,4805.078,4813.398,4786.735,4809.16,7875
2026-02-03 04:00:00+00:00,4809.275,4825.019,4807.849,4815.918,6277
2026-02-03 04:15:00+00:00,4815.725,4819.211,4800.641,4806.236,6966
2026-02-03 04:30:00+00:00,4806.181,4825.477,4805.621,4820.219,6400
2026-02-03 04:45:00+00:00,4820.192,4824.974,4808.143,4809.128,3419
2026-02-03 05:00:00+00:00,4809.228,4821.394,4809.131,4813.016,4507
2026-02-03 05:15:00+00:00,4812.825,4842.027,4812.012,4839.653,3779
2026-02-03 05:30:00+00:00,4839.561,4839.908,4816.916,4820.992,10300
2026-02-03 05:45:00+00:00,4820.755,4830.386,4813.589,4825.097,7126
2026-02-03 06:00:00+00:00,4825.18,4849.21,4816.573,4843.319,7253
2026-02-03 06:15:00+00:00,4843.244,4875.178,4841.745,4871.543,8740
2026-02-03 06:30:00+00:00,4871.438,4893.581,4868.481,4891.262,9599
2026-02-03 06:45:00+00:00,4891.34,4894.325,4864.833,4881.163,12278
2026-02-03 07:00:00+00:00,4881.243,4893.303,4871.842,4893.303,6059
2026-02-03 07:15:00+00:00,4893.159,4901.841,4879.699,4900.149,5814
2026-02-03 07:30:00+00:00,4900.115,4933.737,4898.513,4921.607,6859
2026-02-03 07:45:00+00:00,4921.521,4927.523,4912.827,4917.091,5408
2026-02-03 08:00:00+00:00,4917.171,4932.489,4898.587,4928.264,6936
2026-02-03 08:15:00+00:00,4928.226,4942.018,4927.507,4936.445,6383
2026-02-03 08:30:00+00:00,4936.369,4949.853,4930.48,4935.752,5292
2026-02-03 08:45:00+00:00,4935.8,4938.712,4911.064,4912.498,5373
2026-02-03 09:00:00+00:00,4912.459,4924.033,4907.775,4916.181,6488
2026-02-03 09:15:00+00:00,4916.305,4916.305,4890.257,4891.321,7038
2026-02-03 09:30:00+00:00,4891.393,4922.428,4884.617,4921.346,5180
2026-02-03 09:45:00+00:00,4921.348,4926.136,4914.657,4916.119,3912
2026-02-03 10:00:00+00:00,4916.098,4929.864,4913.637,4922.923,3699
2026-02-03 10:15:00+00:00,4922.999,4923.078,4913.69,4914.264,3751
2026-02-03 10:30:00+00:00,4914.387,4923.745,4913.854,4919.911,4105
2026-02-03 10:45:00+00:00,4919.815,4923.992,4901.896,4902.434,3769
2026-02-03 11:00:00+00:00,4902.506,4912.435,4889.731,4906.621,4740
2026-02-03 11:15:00+00:00,4906.628,4909.936,4883.513,4901.186,5285
2026-02-03 11:30:00+00:00,4901.27,4919.318,4898.24,4909.654,3297
2026-02-03 11:45:00+00:00,4909.628,4917.526,4898.994,4916.915,4485
2026-02-03 12:00:00+00:00,4916.793,4936.13,4910.215,4925.009,6307
2026-02-03 12:15:00+00:00,4925.105,4926.112,4892.211,4902.631,5851
2026-02-03 12:30:00+00:00,4902.617,4919.482,4899.919,4911.998,5225
2026-02-03 12:45:00+00:00,4911.958,4918.534,4906.903,4913.763,4021
2026-02-03 13:00:00+00:00,4913.841,4930.681,4902.328,4928.679,10446
2026-02-03 13:15:00+00:00,4928.604,4939.171,4916.821,4934.062,10015
2026-02-03 13:30:00+00:00,4934.186,4941.996,4928.327,4941.454,8420
2026-02-03 13:45:00+00:00,4941.679,4950.959,4920.694,4932.652,7998
2026-02-03 14:00:00+00:00,4932.874,4936.395,4917.614,4924.151,9217
2026-02-03 14:15:00+00:00,4924.072,4925.276,4896.335,4924.868,8677
2026-02-03 14:30:00+00:00,4924.947,4928.957,4893.569,4918.131,15098
2026-02-03 14:45:00+00:00,4918.033,4930.11,4909.919,4917.282,12626
2026-02-03 15:00:00+00:00,4916.908,4948.309,4904.576,4936.023,11534
2026-02-03 15:15:00+00:00,4936.123,4943.07,4908.036,4925.101,11711
2026-02-03 15:30:00+00:00,4925.117,4929.023,4907.724,4923.692,10758
2026-02-03 15:45:00+00:00,4923.746,4935.776,4918.521,4935.431,6844
2026-02-03 16:00:00+00:00,4935.346,4945.915,4929.95,4944.061,6284
2026-02-03 16:15:00+00:00,4944.133,4980.677,4941.315,4972.991,9024
2026-02-03 16:30:00+00:00,4973.052,4993.644,4964.113,4980.764,9178
2026-02-03 16:45:00+00:00,4981.004,4983.293,4951.94,4955.65,10685
2026-02-03 17:00:00+00:00,4955.536,4962.517,4923.305,4943.929,15587
2026-02-03 17:15:00+00:00,4944.039,4969.69,4936.844,4948.552,11772
2026-02-03 17:30:00+00:00,4948.755,4964.951,4913.498,4921.611,12658
2026-02-03 17:45:00+00:00,4921.498,4948.351,4907.347,4929.189,12737
2026-02-03 18:00:00+00:00,4929.116,4954.089,4926.352,4943.32,10215
2026-02-03 18:15:00+00:00,4943.405,4948.529,4904.692,4908.654,11808
2026-02-03 18:30:00+00:00,4908.735,4918.234,4884.973,4906.182,14426
2026-02-03 18:45:00+00:00,4906.101,4915.185,4891.348,4908.462,8534
2026-02-03 19:00:00+00:00,4908.54,4917.831,4880.34,4915.909,9385
2026-02-03 19:15:00+00:00,4916.002,4933.664,4914.511,4930.37,9818
2026-02-03 19:30:00+00:00,4930.286,4948.958,4922.026,4940.589,8074
2026-02-03 19:45:00+00:00,4940.507,4942.328,4916.024,4927.265,9113
2026-02-03 20:00:00+00:00,4927.176,4927.337,4902.293,4920.903,7531
2026-02-03 20:15:00+00:00,4921.131,4942.145,4911.975,4939.112,5437
2026-02-03 20:30:00+00:00,4939.188,4956.846,4937.631,4951.593,5492
2026-02-03 20:45:00+00:00,4951.697,4956.788,4932.542,4944.594,8264
2026-02-03 21:00:00+00:00,4944.555,4964.278,4938.046,4958.136,4242
2026-02-03 21:15:00+00:00,4958.105,4958.685,4942.673,4951.123,2109
2026-02-03 21:30:00+00:00,4951.001,4958.411,4935.284,4940.186,2606
2026-02-03 21:45:00+00:00,4940.245,4947.134,4933.586,4946.436,2101
2026-02-03 23:00:00+00:00,4958.639,4972.098,4909.57,4932.481,5082
2026-02-03 23:15:00+00:00,4932.486,4944.727,4920.54,4923.932,4343
2026-02-03 23:30:00+00:00,4923.844,4950.08,4920.929,4948.593,3526
2026-02-03 23:45:00+00:00,4948.779,4955.081,4939.658,4947.171,3434
2026-02-04 00:00:00+00:00,4947.389,4987.827,4945.691,4986.806,6272
2026-02-04 00:15:00+00:00,4986.883,4999.762,4978.372,4981.588,8200
2026-02-04 00:30:00+00:00,4981.633,4994.148,4968.734,4986.735,8310
2026-02-04 00:45:00+00:00,4986.834,5016.197,4986.672,5015.604,5768
2026-02-04 01:00:00+00:00,5015.609,5053.282,4984.947,5051.109,15676
2026-02-04 01:15:00+00:00,5050.979,5053.383,5031.321,5037.47,9442
2026-02-04 01:30:00+00:00,5037.205,5039.401,5010.811,5032.182,8741
2026-02-04 01:45:00+00:00,5032.193,5050.197,5028.111,5046.408,5073
2026-02-04 02:00:00+00:00,5046.724,5065.48,5046.724,5059.902,4574
2026-02-04 02:15:00+00:00,5059.747,5064.85,5052.802,5057.991,4124
2026-02-04 02:30:00+00:00,5057.834,5061.947,5039.019,5060.631,5272
2026-02-04 02:45:00+00:00,5060.698,5061.052,5035.601,5040.484,5541
2026-02-04 03:00:00+00:00,5040.372,5056.425,5036.306,5049.531,5521
2026-02-04 03:15:00+00:00,5049.449,5054.661,5039.107,5052.228,4810
2026-02-04 03:30:00+00:00,5052.071,5072.27,5051.388,5062.74,3698
2026-02-04 03:45:00+00:00,5062.728,5073.532,5061.361,5069.922,2334
2026-02-04 04:00:00+00:00,5070.008,5073.905,5062.562,5072.802,2215
2026-02-04 04:15:00+00:00,5072.728,5074.057,5056.19,5061.921,3061
2026-02-04 04:30:00+00:00,5061.963,5072.838,5060.572,5071.928,1842
2026-02-04 04:45:00+00:00,5071.812,5081.271,5071.221,5080.471,1818
2026-02-04 05:00:00+00:00,5080.457,5083.717,5076.653,5082.847,2682
2026-02-04 05:15:00+00:00,5083.008,5085.462,5078.579,5080.114,1768
2026-02-04 05:30:00+00:00,5080.12,5086.656,5069.21,5081.276,5047
2026-02-04 05:45:00+00:00,5081.349,5090.265,5077.079,5079.597,3780
2026-02-04 06:00:00+00:00,5079.675,5082.919,5055.926,5059.384,5354
2026-02-04 06:15:00+00:00,5059.464,5068.279,5051.114,5054.657,4805
2026-02-04 06:30:00+00:00,5054.62,5070.874,5053.751,5070.597,4795
2026-02-04 06:45:00+00:00,5070.388,5079.726,5067.491,5076.568,3933
2026-02-04 07:00:00+00:00,5076.493,5082.345,5063.04,5063.312,3494
2026-02-04 07:15:00+00:00,5063.319,5089.337,5062.156,5089.233,3026
2026-02-04 07:30:00+00:00,5089.273,5090.72,5066.774,5080.587,3443
2026-02-04 07:45:00+00:00,5080.5,5091.39,5080.162,5084.614,2438
2026-02-04 08:00:00+00:00,5084.618,5091.872,5074.869,5077.57,3099
2026-02-04 08:15:00+00:00,5077.339,5087.638,5076.684,5084.267,2436
2026-02-04 08:30:00+00:00,5084.188,5085.163,5068.572,5079.229,4456
2026-02-04 08:45:00+00:00,5079.187,5085.102,5071.486,5083.416,2755
2026-02-04 09:00:00+00:00,5083.549,5086.898,5067.853,5069.165,4438
2026-02-04 09:15:00+00:00,5069.322,5069.322,5053.473,5056.92,4442
2026-02-04 09:30:00+00:00,5057.013,5065.985,5042.768,5057.49,4515
2026-02-04 09:45:00+00:00,5057.305,5064.446,5047.417,5060.105,3610
2026-02-04 10:00:00+00:00,5060.2,5064.24,5047.816,5053.885,3544
2026-02-04 10:15:00+00:00,5053.812,5056.61,5041.431,5043.286,3003
2026-02-04 10:30:00+00:00,5043.333,5061.733,5043.333,5059.93,3750
2026-02-04 10:45:00+00:00,5059.937,5061.114,5045.495,5048.614,2956
2026-02-04 11:00:00+00:00,5048.705,5053.589,5042.043,5042.42,2495
2026-02-04 11:15:00+00:00,5042.346,5044.229,5013.426,5023.68,6237
2026-02-04 11:30:00+00:00,5023.911,5039.994,5021.865,5032.28,3329
2026-02-04 11:45:00+00:00,5032.514,5050.421,5030.225,5047.674,2664
2026-02-04 12:00:00+00:00,5047.564,5055.175,5037.48,5045.238,3793
2026-02-04 12:15:00+00:00,5045.323,5050.175,5039.595,5047.347,2261
2026-02-04 12:30:00+00:00,5047.358,5063.384,5047.215,5055.954,3089
2026-02-04 12:45:00+00:00,5056.033,5057.983,5035.999,5040.855,2976
2026-02-04 13:00:00+00:00,5041.178,5046.102,5023.08,5029.964,9245
2026-02-04 13:15:00+00:00,5030.085,5054.434,5029.899,5048.778,5329
2026-02-04 13:30:00+00:00,5048.923,5058.98,5033.134,5036.797,5323
2026-02-04 13:45:00+00:00,5036.923,5063.544,5035.321,5053.93,5130
2026-02-04 14:00:00+00:00,5054.014,5059.073,5034.256,5047.674,5725
2026-02-04 14:15:00+00:00,5047.789,5051.303,5028.788,5031.114,7077
2026-02-04 14:30:00+00:00,5031.195,5037.878,4966.735,4995.938,28092
2026-02-04 14:45:00+00:00,4996.186,5017.816,4970.904,4986.382,17766
2026-02-04 15:00:00+00:00,4986.164,5007.715,4972.636,4990.172,13636
2026-02-04 15:15:00+00:00,4990.543,4993.535,4950.362,4958.044,15951
2026-02-04 15:30:00+00:00,4958.007,4962.182,4887.435,4944.208,22612
2026-02-04 15:45:00+00:00,4944.286,4950.135,4909.897,4920.546,14417
2026-02-04 16:00:00+00:00,4920.428,4940.019,4895.078,4931.91,16191
2026-02-04 16:15:00+00:00,4932.057,4936.191,4890.221,4924.203,12704
2026-02-04 16:30:00+00:00,4924.29,4934.574,4895.055,4896.784,10531
2026-02-04 16:45:00+00:00,4896.874,4910.397,4852.022,4904.518,19900
2026-02-04 17:00:00+00:00,4904.436,4922.826,4892.596,4921.291,10609
2026-02-04 17:15:00+00:00,4921.374,4925.681,4888.1,4917.17,11702
2026-02-04 17:30:00+00:00,4917.372,4930.777,4903.155,4907.717,12732
2026-02-04 17:45:00+00:00,4907.8,4910.28,4895.768,4898.171,8262
2026-02-04 18:00:00+00:00,4898.14,4920.943,4872.867,4910.368,9538
2026-02-04 18:15:00+00:00,4910.38,4935.179,4895.726,4926.684,10696
2026-02-04 18:30:00+00:00,4926.602,4928.611,4903.759,4919.953,5563
2026-02-04 18:45:00+00:00,4920.111,4932.279,4910.591,4927.37,4436
2026-02-04 19:00:00+00:00,4927.487,4946.988,4914.523,4946.925,6552
2026-02-04 19:15:00+00:00,4946.768,4950.491,4920.611,4933.886,5523
2026-02-04 19:30:00+00:00,4933.814,4945.098,4928.343,4942.325,3536
2026-02-04 19:45:00+00:00,4942.198,4958.02,4931.317,4941.839,5554
2026-02-04 20:00:00+00:00,4941.701,4945.814,4921.276,4933.534,4582
2026-02-04 20:15:00+00:00,4933.466,4936.909,4919.15,4922.69,4054
2026-02-04 20:30:00+00:00,4922.803,4951.436,4914.17,4942.566,4784
2026-02-04 20:45:00+00:00,4942.568,4951.916,4934.293,4938.664,4721
2026-02-04 21:00:00+00:00,4938.57,4953.477,4937.662,4953.477,2073
2026-02-04 21:15:00+00:00,4953.367,4959.433,4949.491,4958.627,1551
2026-02-04 21:30:00+00:00,4958.612,4970.184,4952.336,4961.866,2200
2026-02-04 21:45:00+00:00,4961.747,4970.662,4958.79,4965.131,1485
2026-02-04 23:00:00+00:00,4969.573,5009.577,4968.927,5008.977,1954
2026-02-04 23:15:00+00:00,5009.084,5021.201,5001.097,5019.988,2775
2026-02-04 23:30:00+00:00,5019.909,5023.416,5009.888,5022.249,2878
2026-02-04 23:45:00+00:00,5022.412,5023.781,5007.82,5012.195,2801
2026-02-05 00:00:00+00:00,5012.269,5018.191,4996.72,4998.159,5453
2026-02-05 00:15:00+00:00,4998.238,5019.587,4997.509,5015.692,4171
2026-02-05 00:30:00+00:00,5015.766,5018.472,5009.348,5018.472,2134
2026-02-05 00:45:00+00:00,5018.497,5020.391,5003.994,5006.725,3301
2026-02-05 01:00:00+00:00,5006.867,5011.989,4967.085,4967.379,12182
2026-02-05 01:15:00+00:00,4967.448,4973.203,4936.06,4952.017,16899
2026-02-05 01:30:00+00:00,4952.119,4984.998,4952.119,4979.976,10659
2026-02-05 01:45:00+00:00,4979.958,4986.574,4957.426,4958.921,7951
2026-02-05 02:00:00+00:00,4959.011,4962.127,4900.813,4914.902,15910
2026-02-05 02:15:00+00:00,4915.021,4942.361,4894.835,4937.07,17294
2026-02-05 02:30:00+00:00,4936.915,4940.556,4895.399,4896.448,17029
2026-02-05 02:45:00+00:00,4896.778,4899.397,4804.601,4811.912,29465
2026-02-05 03:00:00+00:00,4812.012,4858.309,4788.583,4846.948,20402
2026-02-05 03:15:00+00:00,4846.773,4888.273,4833.093,4858.95,13992
2026-02-05 03:30:00+00:00,4859.033,4879.075,4838.988,4867.099,12775
2026-02-05 03:45:00+00:00,4867.097,4885.795,4852.494,4880.507,9359
2026-02-05 04:00:00+00:00,4880.431,4885.137,4863.441,4874.873,7305
2026-02-05 04:15:00+00:00,4874.948,4891.234,4870.924,4886.812,5890
2026-02-05 04:30:00+00:00,4887.01,4888.212,4869.848,4886.419,5129
2026-02-05 04:45:00+00:00,4886.502,4888.191,4863.285,4863.565,5255
2026-02-05 05:00:00+00:00,4863.752,4876.098,4848.937,4852.735,5709
2026-02-05 05:15:00+00:00,4852.741,4870.59,4840.073,4868.733,5233
2026-02-05 05:30:00+00:00,4868.644,4887.339,4826.205,4885.649,13408
2026-02-05 05:45:00+00:00,4885.736,4906.693,4885.731,4896.168,9668
2026-02-05 06:00:00+00:00,4896.232,4920.745,4877.609,4910.256,7692
2026-02-05 06:15:00+00:00,4910.201,4930.412,4901.427,4929.537,7687
2026-02-05 06:30:00+00:00,4929.465,4930.427,4909.642,4929.477,6491
2026-02-05 06:45:00+00:00,4929.461,4934.181,4898.67,4920.37,9010
2026-02-05 07:00:00+00:00,4920.229,4931.392,4915.922,4922.426,5310
2026-02-05 07:15:00+00:00,4922.354,4940.846,4911.123,4932.529,6927
2026-02-05 07:30:00+00:00,4932.528,4933.443,4895.729,4910.232,6949
2026-02-05 07:45:00+00:00,4910.237,4919.992,4907.198,4915.076,5311
2026-02-05 08:00:00+00:00,4915.205,4942.098,4912.659,4940.925,6330
2026-02-05 08:15:00+00:00,4940.558,4943.52,4919.504,4921.286,8049
2026-02-05 08:30:00+00:00,4921.204,4929.394,4917.333,4922.611,5406
2026-02-05 08:45:00+00:00,4922.615,4923.332,4901.175,4912.169,4940
2026-02-05 09:00:00+00:00,4911.999,4914.271,4862.541,4862.961,13720
2026-02-05 09:15:00+00:00,4862.872,4886.436,4853.732,4873.404,9602
2026-02-05 09:30:00+00:00,4873.622,4891.477,4873.222,4890.019,5394
2026-02-05 09:45:00+00:00,4889.994,4894.038,4849.272,4855.11,7353
2026-02-05 10:00:00+00:00,4854.969,4874.47,4852.072,4874.386,6516
2026-02-05 10:15:00+00:00,4874.305,4878.133,4847.359,4861.66,9208
2026-02-05 10:30:00+00:00,4861.962,4879.508,4851.578,4876.388,5481
2026-02-05 10:45:00+00:00,4876.295,4886.933,4868.211,4877.057,3647
2026-02-05 11:00:00+00:00,4877.062,4888.981,4876.687,4887.114,3350
2026-02-05 11:15:00+00:00,4887.317,4894.49,4879.191,4892.038,3307
2026-02-05 11:30:00+00:00,4892.126,4893.25,4870.002,4871.965,4378
2026-02-05 11:45:00+00:00,4871.861,4885.979,4864.49,4868.287,3971
2026-02-05 12:00:00+00:00,4868.302,4877.993,4834.199,4840.208,8485
2026-02-05 12:15:00+00:00,4840.112,4848.595,4810.728,4848.042,10060
2026-02-05 12:30:00+00:00,4847.914,4870.873,4840.131,4847.684,10283
2026-02-05 12:45:00+00:00,4847.946,4868.079,4838.303,4853.965,11104
2026-02-05 13:00:00+00:00,4854.086,4854.952,4802.005,4826.112,24833
2026-02-05 13:15:00+00:00,4826.034,4865.518,4825.108,4850.711,10189
2026-02-05 13:30:00+00:00,4850.796,4868.172,4822.728,4825.236,10392
2026-02-05 13:45:00+00:00,4825.085,4846.687,4819.885,4835.441,9170
2026-02-05 14:00:00+00:00,4835.332,4850.158,4811.609,4814.536,12748
2026-02-05 14:15:00+00:00,4814.613,4838.177,4809.928,4835.085,12888
2026-02-05 14:30:00+00:00,4835.258,4865.657,4805.773,4859.418,22731
2026-02-05 14:45:00+00:00,4859.522,4869.998,4839.195,4846.449,18318
2026-02-05 15:00:00+00:00,4845.868,4865.605,4821.748,4828.478,16008
2026-02-05 15:15:00+00:00,4828.403,4845.488,4813.361,4819.71,15915
2026-02-05 15:30:00+00:00,4819.532,4838.234,4809.889,4811.67,15781
2026-02-05 15:45:00+00:00,4811.739,4825.129,4800.54,4817.668,13540
2026-02-05 16:00:00+00:00,4817.565,4841.508,4812.292,4820.749,13641
2026-02-05 16:15:00+00:00,4820.677,4857.181,4818.624,4849.709,11975
2026-02-05 16:30:00+00:00,4849.563,4880.397,4844.84,4878.798,10608
2026-02-05 16:45:00+00:00,4878.746,4906.912,4864.54,4888.861,13668
2026-02-05 17:00:00+00:00,4888.647,4890.784,4865.633,4875.594,9281
2026-02-05 17:15:00+00:00,4875.64,4880.466,4859.154,4867.11,8911
2026-02-05 17:30:00+00:00,4866.978,4878.252,4859.395,4870.599,6833
2026-02-05 17:45:00+00:00,4870.678,4884.889,4863.925,4869.308,6887
2026-02-05 18:00:00+00:00,4869.234,4875.397,4854.882,4861.282,7139
2026-02-05 18:15:00+00:00,4861.279,4875.133,4851.269,4869.174,10975
2026-02-05 18:30:00+00:00,4869.247,4873.056,4854.189,4870.535,5702
2026-02-05 18:45:00+00:00,4870.562,4873.31,4851.112,4858.207,3959
2026-02-05 19:00:00+00:00,4858.123,4865.294,4841.92,4851.202,5679
2026-02-05 19:15:00+00:00,4851.181,4859.588,4846.55,4851.29,4356
2026-02-05 19:30:00+00:00,4851.377,4853.81,4828.246,4837.365,7160
2026-02-05 19:45:00+00:00,4837.375,4843.709,4823.399,4829.26,4919
2026-02-05 20:00:00+00:00,4829.338,4843.095,4813.354,4833.102,5617
2026-02-05 20:15:00+00:00,4833.359,4835.784,4810.35,4825.215,5533
2026-02-05 20:30:00+00:00,4825.626,4831.957,4806.754,4812.769,5591
2026-02-05 20:45:00+00:00,4812.672,4817.063,4792.795,4811.333,8025
2026-02-05 21:00:00+00:00,4811.212,4826.078,4804.533,4810.136,3859
2026-02-05 21:15:00+00:00,4810.213,4813.618,4795.28,4802.286,3853
2026-02-05 21:30:00+00:00,4802.439,4804.465,4759.147,4764.647,7244
2026-02-05 21:45:00+00:00,4764.626,4781.091,4759.671,4776.808,4131
2026-02-05 23:00:00+00:00,4761.196,4781.944,4759.434,4768.284,2730
2026-02-05 23:15:00+00:00,4768.382,4773.135,4749.17,4752.363,3910
2026-02-05 23:30:00+00:00,4752.247,4756.807,4732.887,4742.145,4377
2026-02-05 23:45:00+00:00,4742.089,4743.299,4703.348,4703.69,6289
2026-02-06 00:00:00+00:00,4703.682,4707.244,4679.314,4682.43,9401
2026-02-06 00:15:00+00:00,4682.361,4730.054,4655.098,4724.003,16879
2026-02-06 00:30:00+00:00,4724.14,4760.474,4708.008,4758.12,13434
2026-02-06 00:45:00+00:00,4758.214,4764.497,4739.242,4762.782,11626
2026-02-06 01:00:00+00:00,4762.707,4763.223,4693.794,4747.306,24337
2026-02-06 01:15:00+00:00,4747.361,4762.774,4704.722,4711.836,17124
2026-02-06 01:30:00+00:00,4712.096,4747.091,4705.723,4741.71,12887
2026-02-06 01:45:00+00:00,4741.79,4784.945,4736.412,4774.104,9637
2026-02-06 02:00:00+00:00,4774.215,4796.696,4760.437,4787.377,9595
2026-02-06 02:15:00+00:00,4787.495,4821.431,4782.552,4820.383,6542
2026-02-06 02:30:00+00:00,4820.297,4846.533,4809.418,4825.687,13173
2026-02-06 02:45:00+00:00,4825.763,4832.038,4809.491,4816.58,7563
2026-02-06 03:00:00+00:00,4816.503,4839.136,4808.985,4814.272,6562
2026-02-06 03:15:00+00:00,4814.351,4827.713,4801.844,4811.661,6418
2026-02-06 03:30:00+00:00,4811.703,4824.967,4800.918,4805.555,4692
2026-02-06 03:45:00+00:00,4805.593,4827.432,4805.312,4824.288,3687
2026-02-06 04:00:00+00:00,4824.155,4827.665,4815.301,4819.303,3421
2026-02-06 04:15:00+00:00,4819.352,4827.685,4807.122,4826.443,2862
2026-02-06 04:30:00+00:00,4826.485,4831.771,4819.839,4822.304,2988
2026-02-06 04:45:00+00:00,4822.325,4824.331,4810.451,4813.801,2360
2026-02-06 05:00:00+00:00,4813.763,4825.79,4807.665,4823.89,3033
2026-02-06 05:15:00+00:00,4823.884,4852.496,4819.11,4852.168,3469
2026-02-06 05:30:00+00:00,4852.093,4871.39,4837.272,4865.864,7718
2026-02-06 05:45:00+00:00,4865.798,4897.866,4862.253,4897.571,6517
2026-02-06 06:00:00+00:00,4897.494,4903.182,4865.729,4866.932,7515
2026-02-06 06:15:00+00:00,4866.828,4872.695,4848.522,4853.764,6300
2026-02-06 06:30:00+00:00,4853.694,4866.587,4836.499,4846.494,7163
2026-02-06 06:45:00+00:00,4846.529,4856.173,4825.186,4846.492,5355
2026-02-06 07:00:00+00:00,4846.411,4854.658,4838.298,4849.34,3934
2026-02-06 07:15:00+00:00,4849.346,4861.71,4842.405,4858.781,3544
2026-02-06 07:30:00+00:00,4858.859,4859.695,4847.476,4856.801,3179
2026-02-06 07:45:00+00:00,4856.859,4857.047,4840.166,4841.062,3640
2026-02-06 08:00:00+00:00,4840.986,4853.991,4829.537,4851.442,7261
2026-02-06 08:15:00+00:00,4851.418,4874.454,4848.002,4867.394,5843
2026-02-06 08:30:00+00:00,4867.393,4882.48,4855.173,4860.326,5567
2026-02-06 08:45:00+00:00,4860.152,4864.818,4852.734,4862.158,4451
2026-02-06 09:00:00+00:00,4862.042,4871.74,4839.44,4840.503,6793
2026-02-06 09:15:00+00:00,4840.342,4867.003,4838.064,4863.439,4297
2026-02-06 09:30:00+00:00,4863.364,4872.712,4857.915,4858.226,3217
2026-02-06 09:45:00+00:00,4858.205,4871.006,4855.881,4866.547,3477
2026-02-06 10:00:00+00:00,4866.793,4877.771,4865.782,4872.047,2384
2026-02-06 10:15:00+00:00,4872.12,4876.305,4851.462,4855.121,3196
2026-02-06 10:30:00+00:00,4855.023,4878.025,4853.064,4875.328,2678
2026-02-06 10:45:00+00:00,4875.16,4879.962,4867.333,4878.469,2329
2026-02-06 11:00:00+00:00,4878.364,4887.759,4863.905,4884.47,3539
2026-02-06 11:15:00+00:00,4884.575,4894.083,4878.763,4890.752,3381
2026-02-06 11:30:00+00:00,4890.827,4893.52,4880.138,4886.953,2644
2026-02-06 11:45:00+00:00,4886.976,4895.912,4882.999,4887.1,2703
2026-02-06 12:00:00+00:00,4887.192,4903.427,4883.287,4895.624,4155
2026-02-06 12:15:00+00:00,4895.638,4896.542,4871.067,4877.379,3422
2026-02-06 12:30:00+00:00,4877.645,4895.811,4876.951,4894.088,3045
2026-02-06 12:45:00+00:00,4894.177,4903.279,4894.0,4900.342,3113
2026-02-06 13:00:00+00:00,4900.301,4926.9,4897.171,4909.567,10530
2026-02-06 13:15:00+00:00,4909.674,4928.49,4904.911,4909.082,6268
2026-02-06 13:30:00+00:00,4909.026,4938.379,4909.026,4932.066,5122
2026-02-06 13:45:00+00:00,4932.296,4934.639,4921.746,4928.985,4613
2026-02-06 14:00:00+00:00,4928.952,4933.076,4909.81,4922.034,6215
2026-02-06 14:15:00+00:00,4922.105,4926.559,4894.524,4905.156,6042
2026-02-06 14:30:00+00:00,4904.997,4947.547,4897.23,4932.426,10314
2026-02-06 14:45:00+00:00,4932.699,4950.143,4927.417,4947.965,7033
2026-02-06 15:00:00+00:00,4948.352,4964.74,4939.092,4948.06,7403
2026-02-06 15:15:00+00:00,4948.138,4959.959,4935.793,4955.543,7049
2026-02-06 15:30:00+00:00,4955.616,4960.703,4939.059,4942.709,6416
2026-02-06 15:45:00+00:00,4942.857,4950.935,4928.37,4943.413,5665
2026-02-06 16:00:00+00:00,4943.54,4950.361,4937.057,4940.916,4861
2026-02-06 16:15:00+00:00,4940.843,4946.015,4921.865,4938.26,4518
2026-02-06 16:30:00+00:00,4938.454,4948.167,4929.852,4939.937,5136
2026-02-06 16:45:00+00:00,4939.849,4953.619,4936.446,4951.586,4338
2026-02-06 17:00:00+00:00,4951.664,4960.922,4948.827,4957.754,3351
2026-02-06 17:15:00+00:00,4957.843,4959.452,4952.678,4954.822,2406
2026-02-06 17:30:00+00:00,4954.895,4968.577,4948.251,4954.259,4110
2026-02-06 17:45:00+00:00,4954.333,4963.979,4953.53,4960.488,3026
2026-02-06 18:00:00+00:00,4960.35,4971.378,4958.979,4965.825,3102
2026-02-06 18:15:00+00:00,4965.904,4966.317,4943.701,4956.049,4479
2026-02-06 18:30:00+00:00,4956.103,4965.648,4951.631,4964.47,1865
2026-02-06 18:45:00+00:00,4964.425,4968.285,4960.774,4962.564,1648
2026-02-06 19:00:00+00:00,4962.485,4963.252,4953.876,4958.571,1604
2026-02-06 19:15:00+00:00,4958.397,4961.977,4956.889,4957.603,1601
2026-02-06 19:30:00+00:00,4957.605,4958.702,4948.724,4952.04,1810
2026-02-06 19:45:00+00:00,4951.975,4962.802,4951.524,4957.112,1905
2026-02-06 20:00:00+00:00,4956.961,4959.13,4951.125,4953.191,2202
2026-02-06 20:15:00+00:00,4953.118,4957.28,4946.367,4954.83,2121
2026-02-06 20:30:00+00:00,4954.907,4955.027,4936.583,4944.138,3065
2026-02-06 20:45:00+00:00,4944.146,4954.316,4940.337,4953.347,2904
2026-02-06 21:00:00+00:00,4953.42,4958.473,4946.409,4949.849,1624
2026-02-06 21:15:00+00:00,4949.734,4955.095,4947.557,4954.062,1243
2026-02-06 21:30:00+00:00,4954.083,4964.46,4953.911,4960.75,1538
2026-02-06 21:45:00+00:00,4960.626,4968.309,4958.002,4968.204,1574
2026-02-08 23:00:00+00:00,4967.733,4990.71,4964.615,4979.559,2620
2026-02-08 23:15:00+00:00,4979.647,5026.395,4976.661,5024.179,3699
2026-02-08 23:30:00+00:00,5024.217,5043.625,5019.652,5040.737,4775
2026-02-08 23:45:00+00:00,5040.735,5046.912,5033.391,5035.956,2880
2026-02-09 00:00:00+00:00,5036.031,5045.042,5025.015,5029.94,5370
2026-02-09 00:15:00+00:00,5030.038,5041.501,5022.223,5034.291,6026
2026-02-09 00:30:00+00:00,5034.501,5037.535,5016.195,5027.835,3607
2026-02-09 00:45:00+00:00,5027.858,5028.188,5011.735,5019.86,3713
2026-02-09 01:00:00+00:00,5019.955,5042.185,5005.561,5018.749,8930
2026-02-09 01:15:00+00:00,5018.881,5032.158,5010.229,5016.668,5924
2026-02-09 01:30:00+00:00,5016.982,5022.548,4975.814,5009.389,7039
2026-02-09 01:45:00+00:00,5009.457,5012.291,4980.375,4982.657,5482
2026-02-09 02:00:00+00:00,4982.734,5000.504,4969.116,4997.274,5996
2026-02-09 02:15:00+00:00,4997.23,5001.717,4989.495,5001.175,2635
2026-02-09 02:30:00+00:00,5001.093,5006.474,4989.799,4995.694,3915
2026-02-09 02:45:00+00:00,4995.769,5017.559,4986.33,5007.391,4438
2026-02-09 03:00:00+00:00,5007.089,5021.793,5005.609,5020.267,3278
2026-02-09 03:15:00+00:00,5020.354,5026.627,5011.557,5025.057,3262
2026-02-09 03:30:00+00:00,5024.938,5031.363,5018.97,5024.964,2562
2026-02-09 03:45:00+00:00,5024.885,5027.724,5012.368,5016.186,2153
2026-02-09 04:00:00+00:00,5016.471,5024.023,5012.334,5012.602,1957
2026-02-09 04:15:00+00:00,5012.527,5025.055,5008.626,5017.611,2422
2026-02-09 04:30:00+00:00,5017.593,5023.13,5014.81,5018.832,1914
2026-02-09 04:45:00+00:00,5018.876,5020.142,5007.295,5012.041,2173
2026-02-09 05:00:00+00:00,5011.964,5019.868,5011.152,5015.261,1992
2026-02-09 05:15:00+00:00,5015.304,5031.816,5015.304,5030.319,1983
2026-02-09 05:30:00+00:00,5030.474,5041.726,5025.963,5034.624,4639
2026-02-09 05:45:00+00:00,5034.704,5038.204,5023.465,5036.853,3275
2026-02-09 06:00:00+00:00,5036.745,5045.76,5031.453,5034.213,3840
2026-02-09 06:15:00+00:00,5034.139,5037.424,5013.77,5025.258,4056
2026-02-09 06:30:00+00:00,5025.411,5036.032,5020.946,5035.161,4093
2026-02-09 06:45:00+00:00,5035.187,5039.689,5026.704,5031.074,3429
2026-02-09 07:00:00+00:00,5031.152,5031.152,5008.257,5013.189,3445
2026-02-09 07:15:00+00:00,5013.27,5015.03,4997.144,5008.702,4880
2026-02-09 07:30:00+00:00,5008.764,5015.527,5007.076,5012.839,2811
2026-02-09 07:45:00+00:00,5012.849,5013.038,5000.537,5006.39,2698
2026-02-09 08:00:00+00:00,5006.315,5021.117,5002.898,5019.872,3076
2026-02-09 08:15:00+00:00,5019.957,5031.699,5019.903,5025.646,3099
2026-02-09 08:30:00+00:00,5025.574,5032.619,5021.797,5029.694,2178
2026-02-09 08:45:00+00:00,5029.45,5035.723,5024.278,5027.372,1917
2026-02-09 09:00:00+00:00,5027.455,5040.785,5023.053,5025.618,2599
2026-02-09 09:15:00+00:00,5025.856,5027.484,5016.297,5024.184,2096
2026-02-09 09:30:00+00:00,5024.219,5027.354,5011.587,5014.68,2363
2026-02-09 09:45:00+00:00,5014.602,5015.527,5002.781,5007.832,3778
2026-02-09 10:00:00+00:00,5007.972,5013.636,4996.619,5010.18,3919
2026-02-09 10:15:00+00:00,5010.228,5015.039,4985.694,4991.083,3759
2026-02-09 10:30:00+00:00,4991.2,4999.252,4982.082,4986.947,4785
2026-02-09 10:45:00+00:00,4986.998,4998.926,4983.285,4991.015,4036
2026-02-09 11:00:00+00:00,4991.035,4999.08,4988.441,4992.871,3892
2026-02-09 11:15:00+00:00,4992.81,5006.67,4990.803,5005.899,2678
2026-02-09 11:30:00+00:00,5005.879,5012.919,5001.316,5008.553,3075
2026-02-09 11:45:00+00:00,5008.562,5017.969,5007.374,5010.646,2886
2026-02-09 12:00:00+00:00,5010.953,5017.508,5007.308,5016.288,3595
2026-02-09 12:15:00+00:00,5016.382,5017.666,5010.438,5013.751,2156
2026-02-09 12:30:00+00:00,5014.133,5021.794,5009.647,5015.398,2407
2026-02-09 12:45:00+00:00,5015.396,5018.905,5007.466,5013.417,3271
2026-02-09 13:00:00+00:00,5013.197,5024.679,5007.861,5022.071,6054
2026-02-09 13:15:00+00:00,5022.154,5024.198,5003.229,5004.665,5441
2026-02-09 13:30:00+00:00,5004.591,5014.902,4994.995,4998.608,4889
2026-02-09 13:45:00+00:00,4998.686,5010.649,4996.166,5007.182,3760
2026-02-09 14:00:00+00:00,5007.069,5017.473,5002.262,5015.155,4267
2026-02-09 14:15:00+00:00,5015.25,5023.97,5009.786,5020.984,3508
2026-02-09 14:30:00+00:00,5020.827,5037.306,5013.659,5036.57,8112
2026-02-09 14:45:00+00:00,5036.699,5040.616,5030.813,5038.022,5389
2026-02-09 15:00:00+00:00,5037.899,5042.333,5028.721,5030.383,4568
2026-02-09 15:15:00+00:00,5030.465,5035.6,5023.712,5033.12,4707
2026-02-09 15:30:00+00:00,5033.173,5056.345,5033.173,5055.798,4500
2026-02-09 15:45:00+00:00,5055.871,5060.207,5052.506,5058.777,2943
2026-02-09 16:00:00+00:00,5058.963,5068.7,5056.34,5063.711,3098
2026-02-09 16:15:00+00:00,5063.632,5079.81,5063.632,5072.029,2880
2026-02-09 16:30:00+00:00,5072.107,5078.719,5066.877,5078.121,3387
2026-02-09 16:45:00+00:00,5078.08,5080.748,5071.167,5073.502,2531
2026-02-09 17:00:00+00:00,5073.584,5075.45,5060.576,5063.54,2740
2026-02-09 17:15:00+00:00,5063.396,5071.96,5063.396,5068.052,1773
2026-02-09 17:30:00+00:00,5068.348,5070.642,5061.151,5062.741,2000
2026-02-09 17:45:00+00:00,5062.829,5064.079,5040.953,5046.406,4000
2026-02-09 18:00:00+00:00,5046.308,5059.03,5046.156,5058.18,2463
2026-02-09 18:15:00+00:00,5058.107,5059.504,5043.88,5054.296,4067
2026-02-09 18:30:00+00:00,5054.404,5059.358,5048.158,5056.093,2209
2026-02-09 18:45:00+00:00,5056.361,5064.101,5051.421,5062.904,1853
2026-02-09 19:00:00+00:00,5062.826,5069.253,5062.345,5066.428,1772
2026-02-09 19:15:00+00:00,5066.247,5074.508,5064.246,5074.242,1423
2026-02-09 19:30:00+00:00,5074.323,5079.975,5072.829,5075.715,1706
2026-02-09 19:45:00+00:00,5075.887,5077.862,5072.895,5074.561,1579
2026-02-09 20:00:00+00:00,5074.731,5080.596,5073.245,5079.263,1564
2026-02-09 20:15:00+00:00,5079.186,5081.521,5075.488,5080.305,1767
2026-02-09 20:30:00+00:00,5080.157,5086.709,5072.105,5077.902,2146
2026-02-09 20:45:00+00:00,5077.605,5082.696,5073.414,5079.73,2433
2026-02-09 21:00:00+00:00,5079.804,5083.098,5061.465,5063.402,1868
2026-02-09 21:15:00+00:00,5063.311,5066.427,5047.849,5055.016,2246
2026-02-09 21:30:00+00:00,5055.056,5064.643,5053.85,5061.715,2195
2026-02-09 21:45:00+00:00,5061.714,5066.29,5058.882,5060.096,1282
2026-02-09 23:00:00+00:00,5072.023,5075.124,4987.234,5013.193,5384
2026-02-09 23:15:00+00:00,5013.282,5028.536,5001.788,5023.507,5676
2026-02-09 23:30:00+00:00,5023.534,5039.931,5013.471,5039.709,3426
2026-02-09 23:45:00+00:00,5039.735,5041.256,5029.95,5031.915,2129
2026-02-10 00:00:00+00:00,5031.841,5048.25,5031.532,5035.149,3997
2026-02-10 00:15:00+00:00,5035.013,5044.508,5031.725,5034.042,2769
2026-02-10 00:30:00+00:00,5034.126,5040.388,5015.577,5023.985,4561
2026-02-10 00:45:00+00:00,5023.917,5025.322,5008.545,5018.614,4638
2026-02-10 01:00:00+00:00,5018.533,5034.531,5012.057,5031.225,7422
2026-02-10 01:15:00+00:00,5031.306,5037.927,5013.94,5017.361,4749
2026-02-10 01:30:00+00:00,5017.276,5033.089,5014.994,5028.794,5582
2026-02-10 01:45:00+00:00,5028.886,5036.051,5024.525,5032.649,5274
2026-02-10 02:00:00+00:00,5032.601,5045.936,5031.517,5042.227,4437
2026-02-10 02:15:00+00:00,5042.314,5056.289,5040.247,5047.559,3661
2026-02-10 02:30:00+00:00,5047.634,5052.97,5042.248,5050.482,3313
2026-02-10 02:45:00+00:00,5050.602,5052.716,5034.829,5038.44,3479
2026-02-10 03:00:00+00:00,5038.319,5038.319,5025.278,5026.933,3353
2026-02-10 03:15:00+00:00,5026.932,5028.482,5016.352,5022.049,3709
2026-02-10 03:30:00+00:00,5021.966,5031.816,5020.003,5024.67,2681
2026-02-10 03:45:00+00:00,5024.593,5030.149,5016.165,5030.118,2436
2026-02-10 04:00:00+00:00,5029.821,5031.14,5017.822,5023.713,2551
2026-02-10 04:15:00+00:00,5023.774,5030.02,5022.787,5027.49,1670
2026-02-10 04:30:00+00:00,5027.521,5029.808,5022.141,5026.687,1793
2026-02-10 04:45:00+00:00,5026.509,5033.966,5024.778,5031.691,1850
2026-02-10 05:00:00+00:00,5031.489,5035.331,5027.517,5029.902,1552
2026-02-10 05:15:00+00:00,5029.895,5030.138,5011.204,5019.043,2659
2026-02-10 05:30:00+00:00,5019.117,5032.585,5012.661,5032.585,3545
2026-02-10 05:45:00+00:00,5032.682,5040.596,5030.9,5039.253,2558
2026-02-10 06:00:00+00:00,5039.176,5045.573,5035.124,5037.102,2544
2026-02-10 06:15:00+00:00,5036.803,5037.804,5030.79,5031.95,3097
2026-02-10 06:30:00+00:00,5031.849,5039.195,5027.002,5028.739,2823
2026-02-10 06:45:00+00:00,5028.662,5036.217,5019.011,5024.375,4260
2026-02-10 07:00:00+00:00,5024.72,5034.277,5018.4,5029.01,2918
2026-02-10 07:15:00+00:00,5028.832,5032.047,5019.292,5025.108,2407
2026-02-10 07:30:00+00:00,5025.35,5034.975,5024.771,5028.951,2093
2026-02-10 07:45:00+00:00,5028.968,5036.081,5026.699,5033.934,5209
2026-02-10 08:00:00+00:00,5033.829,5041.079,5029.079,5033.197,3330
2026-02-10 08:15:00+00:00,5033.126,5041.257,5032.385,5035.613,2677
2026-02-10 08:30:00+00:00,5035.579,5048.856,5034.17,5048.544,2079
2026-02-10 08:45:00+00:00,5048.538,5054.905,5038.825,5041.69,2862
2026-02-10 09:00:00+00:00,5041.611,5063.09,5040.606,5051.757,2670
2026-02-10 09:15:00+00:00,5051.846,5055.709,5045.336,5052.32,2339
2026-02-10 09:30:00+00:00,5052.283,5053.316,5045.405,5048.633,2360
2026-02-10 09:45:00+00:00,5048.725,5050.058,5042.144,5046.755,2702
2026-02-10 10:00:00+00:00,5046.976,5052.591,5040.605,5041.281,2191
2026-02-10 10:15:00+00:00,5041.278,5050.648,5036.873,5047.622,2410
2026-02-10 10:30:00+00:00,5047.729,5058.099,5045.897,5054.066,2696
2026-02-10 10:45:00+00:00,5054.046,5056.587,5043.814,5047.061,1847
2026-02-10 11:00:00+00:00,5046.985,5052.881,5044.351,5050.536,1729
2026-02-10 11:15:00+00:00,5050.565,5051.74,5045.136,5047.917,1771
2026-02-10 11:30:00+00:00,5047.772,5054.118,5045.473,5047.461,1548
2026-02-10 11:45:00+00:00,5047.461,5057.373,5045.156,5055.936,1658
2026-02-10 12:00:00+00:00,5056.077,5057.06,5041.211,5044.076,2457
2026-02-10 12:15:00+00:00,5043.999,5051.29,5042.281,5046.244,2044
2026-02-10 12:30:00+00:00,5046.404,5047.861,5023.502,5029.592,2423
2026-02-10 12:45:00+00:00,5029.476,5034.134,5019.349,5032.103,4871
2026-02-10 13:00:00+00:00,5032.321,5042.325,5026.275,5042.204,4087
2026-02-10 13:15:00+00:00,5042.166,5046.079,5033.523,5037.713,2631
2026-02-10 13:30:00+00:00,5037.764,5058.765,5037.764,5052.788,3953
2026-02-10 13:45:00+00:00,5052.909,5057.252,5049.384,5051.109,2673
2026-02-10 14:00:00+00:00,5051.148,5058.419,5046.747,5055.804,2709
2026-02-10 14:15:00+00:00,5056.001,5074.551,5056.001,5070.29,4460
2026-02-10 14:30:00+00:00,5070.212,5078.586,5053.475,5055.811,7628
2026-02-10 14:45:00+00:00,5055.911,5056.288,5020.566,5039.722,8025
2026-02-10 15:00:00+00:00,5039.639,5043.785,5028.535,5042.215,5748
2026-02-10 15:15:00+00:00,5042.316,5047.928,5032.475,5032.475,4240
2026-02-10 15:30:00+00:00,5032.076,5037.521,4998.788,5013.947,8917
2026-02-10 15:45:00+00:00,5013.876,5029.682,5012.005,5019.698,5620
2026-02-10 16:00:00+00:00,5019.781,5022.833,5006.594,5020.79,4692
2026-02-10 16:15:00+00:00,5020.862,5024.304,5005.433,5010.249,5280
2026-02-10 16:30:00+00:00,5010.163,5023.757,5008.375,5021.726,3781
2026-02-10 16:45:00+00:00,5021.802,5026.48,5015.947,5023.712,3513
2026-02-10 17:00:00+00:00,5023.609,5027.292,5020.679,5024.366,2304
2026-02-10 17:15:00+00:00,5024.461,5039.119,5024.278,5036.591,2295
2026-02-10 17:30:00+00:00,5036.836,5039.343,5032.021,5037.546,1947
2026-02-10 17:45:00+00:00,5037.825,5040.07,5025.134,5026.332,2054
2026-02-10 18:00:00+00:00,5026.256,5027.874,5013.739,5016.577,2752
2026-02-10 18:15:00+00:00,5016.372,5018.723,5004.525,5008.373,4252
2026-02-10 18:30:00+00:00,5008.298,5016.378,5004.817,5015.512,3196
2026-02-10 18:45:00+00:00,5015.343,5017.205,5006.858,5013.244,2092
2026-02-10 19:00:00+00:00,5013.162,5013.886,5008.826,5012.515,1801
2026-02-10 19:15:00+00:00,5012.589,5021.66,5012.355,5020.959,1688
2026-02-10 19:30:00+00:00,5021.03,5030.116,5021.03,5024.571,2337
2026-02-10 19:45:00+00:00,5024.57,5030.07,5024.57,5028.074,1611
2026-02-10 20:00:00+00:00,5028.027,5029.853,5020.207,5025.974,1790
2026-02-10 20:15:00+00:00,5025.961,5033.911,5023.36,5028.172,1773
2026-02-10 20:30:00+00:00,5028.089,5036.457,5027.196,5036.262,1538
2026-02-10 20:45:00+00:00,5036.181,5045.499,5027.658,5030.345,3215
2026-02-10 21:00:00+00:00,5030.271,5032.591,5025.492,5029.369,1332
2026-02-10 21:15:00+00:00,5029.365,5030.391,5023.018,5026.203,9112
2026-02-10 21:30:00+00:00,5026.518,5028.619,5022.791,5024.296,6368
2026-02-10 21:45:00+00:00,5024.246,5027.433,5020.267,5023.056,1008
2026-02-10 23:00:00+00:00,5027.302,5037.049,5027.302,5033.682,1543
2026-02-10 23:15:00+00:00,5034.131,5054.468,5033.639,5046.791,2647
2026-02-10 23:30:00+00:00,5046.761,5048.331,5038.671,5042.627,1450
2026-02-10 23:45:00+00:00,5042.631,5047.375,5038.761,5041.562,991
2026-02-11 00:00:00+00:00,5041.628,5044.334,5030.919,5034.203,2400
2026-02-11 00:15:00+00:00,5034.208,5040.83,5028.139,5040.1,2722
2026-02-11 00:30:00+00:00,5040.019,5049.46,5039.361,5041.549,2045
2026-02-11 00:45:00+00:00,5041.568,5042.553,5034.316,5037.821,2312
2026-02-11 01:00:00+00:00,5037.921,5047.546,5030.225,5041.361,4400
2026-02-11 01:15:00+00:00,5041.431,5045.346,5035.091,5037.819,2410
2026-02-11 01:30:00+00:00,5037.829,5045.878,5032.716,5044.178,2227
2026-02-11 01:45:00+00:00,5044.16,5052.835,5041.175,5052.344,2699
2026-02-11 02:00:00+00:00,5052.441,5056.645,5034.678,5037.218,3120
2026-02-11 02:15:00+00:00,5037.164,5046.694,5032.483,5042.218,2025
2026-02-11 02:30:00+00:00,5042.095,5053.923,5040.901,5053.87,2121
2026-02-11 02:45:00+00:00,5053.89,5057.824,5050.812,5055.471,2310
2026-02-11 03:00:00+00:00,5055.606,5056.374,5049.013,5049.324,1976
2026-02-11 03:15:00+00:00,5049.321,5059.147,5045.114,5057.264,2088
2026-02-11 03:30:00+00:00,5057.131,5060.879,5053.689,5058.271,1709
2026-02-11 03:45:00+00:00,5058.471,5061.015,5053.327,5054.486,1335
2026-02-11 04:00:00+00:00,5054.485,5058.233,5053.02,5057.339,1219
2026-02-11 04:15:00+00:00,5057.297,5059.544,5056.402,5058.105,1139
2026-02-11 04:30:00+00:00,5058.101,5059.236,5051.781,5052.353,1122
2026-02-11 04:45:00+00:00,5052.278,5055.991,5045.726,5046.379,1627
2026-02-11 05:00:00+00:00,5046.41,5050.137,5043.393,5048.254,1590
2026-02-11 05:15:00+00:00,5048.245,5053.723,5045.706,5053.12,1381
2026-02-11 05:30:00+00:00,5053.113,5064.035,5052.457,5062.456,2303
2026-02-11 05:45:00+00:00,5062.481,5062.839,5046.304,5052.539,2597
2026-02-11 06:00:00+00:00,5052.841,5057.285,5049.448,5054.48,2025
2026-02-11 06:15:00+00:00,5054.609,5061.611,5053.416,5056.645,1947
2026-02-11 06:30:00+00:00,5056.517,5060.343,5053.205,5054.019,2080
2026-02-11 06:45:00+00:00,5053.926,5064.547,5052.073,5064.232,2986
2026-02-11 07:00:00+00:00,5064.08,5069.151,5057.551,5059.148,3453
2026-02-11 07:15:00+00:00,5059.071,5066.056,5052.699,5059.791,3437
2026-02-11 07:30:00+00:00,5059.946,5062.122,5052.923,5054.811,2835
2026-02-11 07:45:00+00:00,5054.593,5056.371,5048.75,5055.474,1875
2026-02-11 08:00:00+00:00,5055.442,5060.23,5051.955,5051.989,2023
2026-02-11 08:15:00+00:00,5052.043,5055.624,5050.75,5051.714,1802
2026-02-11 08:30:00+00:00,5051.666,5053.652,5045.608,5052.576,2176
2026-02-11 08:45:00+00:00,5052.713,5054.982,5050.701,5053.485,1500
2026-02-11 09:00:00+00:00,5053.512,5055.803,5046.944,5051.798,1758
2026-02-11 09:15:00+00:00,5051.774,5055.079,5050.148,5054.451,1432
2026-02-11 09:30:00+00:00,5054.305,5065.566,5053.482,5064.217,2304
2026-02-11 09:45:00+00:00,5064.302,5071.986,5060.041,5062.665,2388
2026-02-11 10:00:00+00:00,5062.918,5069.953,5062.509,5068.809,1611
2026-02-11 10:15:00+00:00,5068.885,5076.618,5068.305,5071.09,2238
2026-02-11 10:30:00+00:00,5071.004,5101.694,5068.439,5099.593,4320
2026-02-11 10:45:00+00:00,5099.699,5101.401,5091.449,5093.385,5553
2026-02-11 11:00:00+00:00,5092.978,5095.767,5082.407,5089.525,2552
2026-02-11 11:15:00+00:00,5089.88,5107.899,5089.864,5107.3,2485
2026-02-11 11:30:00+00:00,5107.247,5110.55,5100.968,5108.82,2506
2026-02-11 11:45:00+00:00,5108.952,5116.816,5108.302,5111.602,2545
2026-02-11 12:00:00+00:00,5111.679,5119.191,5098.606,5106.03,3190
2026-02-11 12:15:00+00:00,5106.03,5107.018,5086.3,5095.211,3170
2026-02-11 12:30:00+00:00,5095.286,5098.754,5050.077,5068.446,6610
2026-02-11 12:45:00+00:00,5068.315,5083.657,5065.424,5083.491,4412
2026-02-11 13:00:00+00:00,5083.35,5087.936,5073.012,5082.332,4380
2026-02-11 13:15:00+00:00,5082.192,5090.024,5064.048,5083.235,5690
2026-02-11 13:30:00+00:00,5083.584,5084.78,5018.785,5060.432,14519
2026-02-11 13:45:00+00:00,5060.286,5073.009,5054.583,5065.797,8106
2026-02-11 14:00:00+00:00,5065.703,5077.185,5061.768,5074.101,4547
2026-02-11 14:15:00+00:00,5074.177,5082.774,5066.898,5071.248,4134
2026-02-11 14:30:00+00:00,5070.956,5076.35,5035.669,5042.796,11328
2026-02-11 14:45:00+00:00,5042.637,5065.12,5040.074,5059.281,7006
2026-02-11 15:00:00+00:00,5059.515,5081.892,5053.662,5067.508,7307
2026-02-11 15:15:00+00:00,5067.432,5074.455,5043.398,5049.151,8440
2026-02-11 15:30:00+00:00,5049.077,5057.359,5039.086,5048.555,6747
2026-02-11 15:45:00+00:00,5048.632,5063.181,5044.661,5060.311,6228
2026-02-11 16:00:00+00:00,5060.174,5064.464,5051.536,5056.38,5119
2026-02-11 16:15:00+00:00,5056.258,5062.314,5042.689,5061.063,4897
2026-02-11 16:30:00+00:00,5060.95,5078.302,5056.03,5073.94,4039
2026-02-11 16:45:00+00:00,5074.022,5076.798,5071.308,5075.121,2538
2026-02-11 17:00:00+00:00,5075.044,5085.253,5068.032,5084.815,2901
2026-02-11 17:15:00+00:00,5084.889,5091.472,5080.623,5087.396,2995
2026-02-11 17:30:00+00:00,5087.398,5098.956,5081.257,5095.939,2802
2026-02-11 17:45:00+00:00,5096.016,5097.349,5087.914,5091.53,2648
2026-02-11 18:00:00+00:00,5091.67,5092.931,5066.496,5072.916,3210
2026-02-11 18:15:00+00:00,5073.049,5079.355,5068.38,5073.769,3732
2026-02-11 18:30:00+00:00,5073.653,5085.213,5070.851,5083.251,2856
2026-02-11 18:45:00+00:00,5083.357,5087.139,5079.867,5082.178,2416
2026-02-11 19:00:00+00:00,5082.299,5092.726,5082.042,5089.217,2488
2026-02-11 19:15:00+00:00,5089.291,5094.159,5087.515,5091.509,1884
2026-02-11 19:30:00+00:00,5091.437,5092.167,5080.996,5085.896,2050
2026-02-11 19:45:00+00:00,5085.752,5088.351,5076.519,5082.143,2428
2026-02-11 20:00:00+00:00,5082.036,5088.222,5079.766,5088.145,1863
2026-02-11 20:15:00+00:00,5088.131,5089.218,5083.444,5085.024,1644
2026-02-11 20:30:00+00:00,5085.034,5087.345,5078.13,5086.485,1753
2026-02-11 20:45:00+00:00,5086.793,5090.346,5084.635,5086.81,1958
2026-02-11 21:00:00+00:00,5086.882,5089.13,5084.271,5088.405,1250
2026-02-11 21:15:00+00:00,5088.384,5092.73,5078.051,5082.236,1410
2026-02-11 21:30:00+00:00,5082.316,5084.293,5069.79,5080.402,2099
2026-02-11 21:45:00+00:00,5080.328,5084.239,5076.849,5082.469,1447
2026-02-11 23:00:00+00:00,5099.351,5100.174,5052.904,5063.647,2514
2026-02-11 23:15:00+00:00,5063.647,5070.805,5058.647,5068.998,2519
2026-02-11 23:30:00+00:00,5069.008,5069.825,5060.021,5063.398,1898
2026-02-11 23:45:00+00:00,5063.436,5070.762,5059.531,5061.409,1863
2026-02-12 00:00:00+00:00,5061.317,5067.585,5049.835,5056.976,4468
2026-02-12 00:15:00+00:00,5056.58,5066.427,5053.691,5060.678,3564
2026-02-12 00:30:00+00:00,5060.517,5065.987,5055.975,5059.157,2512
2026-02-12 00:45:00+00:00,5059.083,5065.493,5058.766,5063.23,2713
2026-02-12 01:00:00+00:00,5062.932,5063.062,5045.006,5049.756,5624
2026-02-12 01:15:00+00:00,5049.645,5061.341,5046.574,5058.572,2829
2026-02-12 01:30:00+00:00,5058.496,5064.011,5055.679,5060.887,2590
2026-02-12 01:45:00+00:00,5060.966,5063.715,5053.025,5063.529,3077
2026-02-12 02:00:00+00:00,5063.737,5072.822,5063.61,5068.165,2792
2026-02-12 02:15:00+00:00,5068.264,5072.72,5062.0,5066.303,2324
2026-02-12 02:30:00+00:00,5066.472,5069.679,5056.798,5058.153,2535
2026-02-12 02:45:00+00:00,5058.133,5066.899,5055.054,5065.842,2316
2026-02-12 03:00:00+00:00,5065.905,5074.653,5062.715,5068.718,2136
2026-02-12 03:15:00+00:00,5068.744,5070.695,5054.908,5060.127,2343
2026-02-12 03:30:00+00:00,5060.108,5066.924,5058.877,5065.539,1666
2026-02-12 03:45:00+00:00,5065.318,5065.595,5055.014,5056.951,1644
2026-02-12 04:00:00+00:00,5056.978,5058.948,5052.287,5055.116,1316
2026-02-12 04:15:00+00:00,5055.023,5057.29,5050.832,5056.324,1461
2026-02-12 04:30:00+00:00,5056.24,5060.013,5053.938,5057.898,1144
2026-02-12 04:45:00+00:00,5057.858,5069.972,5054.639,5069.306,1614
2026-02-12 05:00:00+00:00,5069.223,5078.22,5065.557,5074.903,2148
2026-02-12 05:15:00+00:00,5074.855,5077.77,5070.629,5071.847,1502
2026-02-12 05:30:00+00:00,5071.85,5072.379,5064.566,5071.735,2493
2026-02-12 05:45:00+00:00,5071.814,5076.096,5067.443,5075.463,2046
2026-02-12 06:00:00+00:00,5075.538,5076.322,5062.314,5068.93,2302
2026-02-12 06:15:00+00:00,5068.934,5070.284,5055.28,5055.581,2404
2026-02-12 06:30:00+00:00,5055.598,5057.885,5046.954,5057.621,3153
2026-02-12 06:45:00+00:00,5057.698,5061.665,5053.538,5059.677,2354
2026-02-12 07:00:00+00:00,5059.769,5066.478,5051.921,5063.214,1884
2026-02-12 07:15:00+00:00,5062.97,5064.643,5056.767,5062.267,1857
2026-02-12 07:30:00+00:00,5062.117,5063.921,5057.988,5058.506,1566
2026-02-12 07:45:00+00:00,5058.267,5065.691,5056.779,5063.645,1559
2026-02-12 08:00:00+00:00,5063.947,5073.515,5063.53,5068.153,2017
2026-02-12 08:15:00+00:00,5068.123,5069.731,5060.837,5060.891,1832
2026-02-12 08:30:00+00:00,5060.816,5063.334,5052.256,5062.916,1881
2026-02-12 08:45:00+00:00,5063.055,5072.077,5060.305,5068.34,1903
2026-02-12 09:00:00+00:00,5068.259,5076.046,5066.021,5074.035,2178
2026-02-12 09:15:00+00:00,5074.082,5077.755,5070.904,5071.457,1421
2026-02-12 09:30:00+00:00,5071.299,5074.087,5068.675,5072.91,1425
2026-02-12 09:45:00+00:00,5073.004,5080.941,5070.878,5073.301,1627
2026-02-12 10:00:00+00:00,5073.293,5076.888,5063.588,5066.124,2179
2026-02-12 10:15:00+00:00,5066.026,5066.257,5061.15,5061.47,1519
2026-02-12 10:30:00+00:00,5061.396,5066.209,5061.209,5062.456,1686
2026-02-12 10:45:00+00:00,5062.515,5062.872,5056.056,5062.034,1841
2026-02-12 11:00:00+00:00,5062.044,5065.573,5059.427,5061.13,1356
2026-02-12 11:15:00+00:00,5061.158,5065.586,5060.911,5062.537,1325
2026-02-12 11:30:00+00:00,5062.742,5065.325,5061.458,5063.861,1187
2026-02-12 11:45:00+00:00,5063.892,5068.461,5061.453,5064.072,1432
2026-02-12 12:00:00+00:00,5064.006,5066.619,5056.561,5062.3,1856
2026-02-12 12:15:00+00:00,5062.208,5064.22,5060.2,5062.36,1390
2026-02-12 12:30:00+00:00,5062.353,5068.562,5054.664,5057.824,1739
2026-02-12 12:45:00+00:00,5057.744,5058.629,5048.814,5052.594,2508
2026-02-12 13:00:00+00:00,5052.666,5065.985,5051.292,5065.47,2909
2026-02-12 13:15:00+00:00,5065.448,5074.184,5062.279,5062.862,2538
2026-02-12 13:30:00+00:00,5062.881,5077.24,5060.785,5075.305,2519
2026-02-12 13:45:00+00:00,5075.379,5083.751,5074.554,5075.331,2172
2026-02-12 14:00:00+00:00,5075.242,5077.654,5061.412,5065.416,3849
2026-02-12 14:15:00+00:00,5065.495,5068.471,5055.067,5060.001,4133
2026-02-12 14:30:00+00:00,5060.079,5071.527,5053.604,5056.232,6248
2026-02-12 14:45:00+00:00,5056.156,5061.263,5039.018,5044.513,6032
2026-02-12 15:00:00+00:00,5044.268,5065.714,5039.632,5064.931,4385
2026-02-12 15:15:00+00:00,5064.852,5069.83,5062.56,5065.892,2497
2026-02-12 15:30:00+00:00,5065.83,5072.404,5065.332,5070.753,3039
2026-02-12 15:45:00+00:00,5070.708,5074.622,5060.125,5060.611,2864
2026-02-12 16:00:00+00:00,5060.516,5068.045,4947.724,4950.606,17164
2026-02-12 16:15:00+00:00,4951.165,4965.939,4878.401,4897.639,44470
2026-02-12 16:30:00+00:00,4897.719,4969.274,4894.324,4953.346,27329
2026-02-12 16:45:00+00:00,4953.113,4962.213,4930.632,4954.436,19308
2026-02-12 17:00:00+00:00,4954.679,4967.209,4939.493,4959.399,13181
2026-02-12 17:15:00+00:00,4959.31,4983.129,4955.017,4965.594,10687
2026-02-12 17:30:00+00:00,4965.446,4974.97,4957.562,4969.526,8534
2026-02-12 17:45:00+00:00,4969.46,4971.219,4939.38,4941.083,7827
2026-02-12 18:00:00+00:00,4941.003,4949.857,4921.206,4934.326,11039
2026-02-12 18:15:00+00:00,4934.364,4935.318,4906.313,4928.554,10647
2026-02-12 18:30:00+00:00,4928.639,4946.817,4925.846,4940.571,7778
2026-02-12 18:45:00+00:00,4940.489,4952.098,4933.338,4935.803,6207
2026-02-12 19:00:00+00:00,4935.791,4941.831,4927.935,4933.531,6112
2026-02-12 19:15:00+00:00,4933.605,4944.174,4929.518,4931.643,5182
2026-02-12 19:30:00+00:00,4931.403,4950.51,4931.403,4946.76,4326
2026-02-12 19:45:00+00:00,4946.559,4958.218,4943.361,4945.686,3824
2026-02-12 20:00:00+00:00,4945.604,4948.413,4933.597,4940.811,3804
2026-02-12 20:15:00+00:00,4940.877,4940.929,4921.674,4922.824,3695
2026-02-12 20:30:00+00:00,4922.754,4928.018,4910.946,4920.873,4719
2026-02-12 20:45:00+00:00,4920.993,4923.451,4911.848,4915.002,6144
2026-02-12 21:00:00+00:00,4914.906,4923.014,4911.445,4916.779,2465
2026-02-12 21:15:00+00:00,4916.709,4924.392,4913.018,4920.458,1947
2026-02-12 21:30:00+00:00,4920.533,4926.501,4917.738,4918.343,1704
2026-02-12 21:45:00+00:00,4918.321,4927.175,4915.941,4922.31,1506
2026-02-12 23:00:00+00:00,4893.07,4910.929,4887.596,4910.464,3286
2026-02-12 23:15:00+00:00,4910.583,4928.483,4910.583,4920.214,2578
2026-02-12 23:30:00+00:00,4920.197,4926.184,4906.653,4914.035,2795
2026-02-12 23:45:00+00:00,4914.063,4920.142,4906.08,4920.142,2157
2026-02-13 00:00:00+00:00,4920.057,4948.424,4913.678,4941.822,4820
2026-02-13 00:15:00+00:00,4941.809,4947.364,4934.634,4936.47,3707
2026-02-13 00:30:00+00:00,4936.55,4945.853,4933.023,4940.659,3759
2026-02-13 00:45:00+00:00,4940.677,4944.695,4926.912,4928.091,3546
2026-02-13 01:00:00+00:00,4927.949,4967.581,4927.092,4965.39,7468
2026-02-13 01:15:00+00:00,4965.307,4979.417,4962.461,4969.677,4310
2026-02-13 01:30:00+00:00,4969.895,4982.396,4964.483,4979.616,4398
2026-02-13 01:45:00+00:00,4979.881,4988.828,4975.158,4980.553,4151
2026-02-13 02:00:00+00:00,4980.607,4984.846,4972.643,4978.468,3048
2026-02-13 02:15:00+00:00,4978.177,4985.955,4976.041,4985.779,1922
2026-02-13 02:30:00+00:00,4985.86,4989.332,4973.553,4984.351,3173
2026-02-13 02:45:00+00:00,4984.272,4991.766,4972.142,4988.536,3602
2026-02-13 03:00:00+00:00,4988.432,4989.223,4980.831,4983.88,2648
2026-02-13 03:15:00+00:00,4983.797,4984.35,4973.86,4977.86,2209
2026-02-13 03:30:00+00:00,4977.935,4983.558,4975.065,4977.206,1605
2026-02-13 03:45:00+00:00,4977.223,4984.595,4976.355,4981.499,1439
2026-02-13 04:00:00+00:00,4981.466,4987.461,4975.65,4985.784,1924
2026-02-13 04:15:00+00:00,4985.881,4997.191,4985.027,4985.318,1909
2026-02-13 04:30:00+00:00,4985.167,4986.367,4975.29,4976.95,1416
2026-02-13 04:45:00+00:00,4976.745,4978.392,4972.815,4976.761,1439
2026-02-13 05:00:00+00:00,4976.646,4982.052,4974.872,4978.403,1531
2026-02-13 05:15:00+00:00,4978.186,4986.488,4964.989,4979.801,2701
2026-02-13 05:30:00+00:00,4979.698,4980.306,4959.096,4964.306,3811
2026-02-13 05:45:00+00:00,4964.314,4966.057,4945.059,4946.451,3571
2026-02-13 06:00:00+00:00,4946.579,4961.841,4946.224,4958.163,3095
2026-02-13 06:15:00+00:00,4958.155,4961.235,4949.799,4953.379,2853
2026-02-13 06:30:00+00:00,4953.305,4962.215,4950.837,4955.12,2712
2026-02-13 06:45:00+00:00,4955.236,4968.755,4951.061,4967.148,3327
2026-02-13 07:00:00+00:00,4966.926,4967.967,4951.108,4960.285,3409
2026-02-13 07:15:00+00:00,4960.336,4976.424,4959.183,4968.415,3101
2026-02-13 07:30:00+00:00,4968.346,4982.525,4966.166,4970.676,2733
2026-02-13 07:45:00+00:00,4970.713,4981.912,4968.852,4974.851,2568
2026-02-13 08:00:00+00:00,4974.926,4989.635,4972.244,4979.619,3687
2026-02-13 08:15:00+00:00,4979.692,4985.929,4977.137,4982.486,2378
2026-02-13 08:30:00+00:00,4982.532,4985.665,4978.608,4983.315,2407
2026-02-13 08:45:00+00:00,4983.392,4986.865,4970.578,4982.452,2542
2026-02-13 09:00:00+00:00,4982.534,4982.641,4976.712,4977.554,2321
2026-02-13 09:15:00+00:00,4977.556,4981.556,4964.122,4964.751,2351
2026-02-13 09:30:00+00:00,4965.123,4973.97,4961.545,4971.057,2108
2026-02-13 09:45:00+00:00,4970.877,4976.444,4969.047,4970.387,2152
2026-02-13 10:00:00+00:00,4970.282,4977.69,4967.194,4972.361,2269
2026-02-13 10:15:00+00:00,4972.52,4980.677,4966.036,4977.425,1989
2026-02-13 10:30:00+00:00,4977.5,4978.531,4967.613,4969.357,1671
2026-02-13 10:45:00+00:00,4969.367,4970.475,4946.931,4950.297,2712
2026-02-13 11:00:00+00:00,4950.174,4953.51,4940.958,4951.312,4281
2026-02-13 11:15:00+00:00,4951.334,4952.631,4933.5,4944.927,2993
2026-02-13 11:30:00+00:00,4945.17,4948.672,4935.197,4944.146,2636
2026-02-13 11:45:00+00:00,4944.21,4955.592,4939.403,4954.047,2374
2026-02-13 12:00:00+00:00,4954.034,4964.355,4951.836,4963.682,3100
2026-02-13 12:15:00+00:00,4963.608,4973.136,4962.479,4967.311,2199
2026-02-13 12:30:00+00:00,4967.087,4973.826,4963.71,4966.115,1943
2026-02-13 12:45:00+00:00,4966.237,4974.127,4964.435,4969.424,2296
2026-02-13 13:00:00+00:00,4969.517,4976.218,4965.575,4967.284,2488
2026-02-13 13:15:00+00:00,4967.356,4970.739,4957.506,4967.548,3621
2026-02-13 13:30:00+00:00,4967.52,5001.784,4967.355,4984.149,6737
2026-02-13 13:45:00+00:00,4984.233,4992.895,4972.384,4986.857,4224
2026-02-13 14:00:00+00:00,4986.998,5000.499,4984.811,4997.793,3905
2026-02-13 14:15:00+00:00,4997.857,5007.794,4994.943,5002.646,4219
2026-02-13 14:30:00+00:00,5002.52,5011.246,4963.934,4991.465,12449
2026-02-13 14:45:00+00:00,4991.389,5007.195,4989.15,4995.834,11829
2026-02-13 15:00:00+00:00,4995.918,5011.284,4992.444,5003.03,9984
2026-02-13 15:15:00+00:00,5003.106,5012.006,4994.784,5009.984,7671
2026-02-13 15:30:00+00:00,5009.689,5020.674,5004.397,5006.832,6132
2026-02-13 15:45:00+00:00,5006.911,5010.346,4973.76,4977.022,7157
2026-02-13 16:00:00+00:00,4977.129,4997.513,4975.115,4997.44,6126
2026-02-13 16:15:00+00:00,4997.359,5034.243,4995.961,5027.905,6123
2026-02-13 16:30:00+00:00,5027.657,5028.37,5013.158,5016.949,4463
2026-02-13 16:45:00+00:00,5016.88,5018.988,5005.982,5007.942,2645
2026-02-13 17:00:00+00:00,5008.013,5022.31,5008.013,5015.446,2905
2026-02-13 17:15:00+00:00,5015.522,5019.488,5005.795,5017.475,2807
2026-02-13 17:30:00+00:00,5017.764,5029.129,5016.094,5022.247,2746
2026-02-13 17:45:00+00:00,5022.329,5024.128,5016.128,5021.122,2524
2026-02-13 18:00:00+00:00,5020.818,5029.651,5015.285,5028.983,2605
2026-02-13 18:15:00+00:00,5028.908,5030.632,5020.316,5022.446,3173
2026-02-13 18:30:00+00:00,5022.37,5031.287,5020.265,5029.856,2302
2026-02-13 18:45:00+00:00,5029.816,5035.707,5026.649,5031.229,2208
2026-02-13 19:00:00+00:00,5031.302,5046.075,5030.287,5039.648,2746
2026-02-13 19:15:00+00:00,5039.567,5045.007,5036.631,5041.581,2316
2026-02-13 19:30:00+00:00,5041.509,5042.821,5032.874,5034.277,2554
2026-02-13 19:45:00+00:00,5034.419,5038.127,5023.521,5023.59,2387
2026-02-13 20:00:00+00:00,5023.753,5034.08,5023.385,5029.175,2655
2026-02-13 20:15:00+00:00,5029.098,5033.408,5026.79,5029.066,2291
2026-02-13 20:30:00+00:00,5028.768,5034.11,5024.523,5030.367,2446
2026-02-13 20:45:00+00:00,5030.606,5034.79,5021.291,5032.491,3074
2026-02-13 21:00:00+00:00,5032.415,5036.093,5029.436,5033.141,1526
2026-02-13 21:15:00+00:00,5032.943,5034.156,5030.785,5032.812,1023
2026-02-13 21:30:00+00:00,5032.743,5039.125,5030.998,5038.997,1063
2026-02-13 21:45:00+00:00,5038.947,5046.131,5037.19,5042.635,5354
2026-02-15 23:00:00+00:00,5026.79,5029.492,5010.097,5022.681,3513
2026-02-15 23:15:00+00:00,5022.665,5032.195,5021.411,5029.329,2949
2026-02-15 23:30:00+00:00,5029.464,5031.415,5017.158,5018.916,1823
2026-02-15 23:45:00+00:00,5018.915,5021.378,5013.403,5019.875,1777
2026-02-16 00:00:00+00:00,5019.8,5021.434,4999.643,5017.528,4190
2026-02-16 00:15:00+00:00,5017.453,5021.319,5008.483,5012.192,2223
2026-02-16 00:30:00+00:00,5012.515,5014.898,5008.69,5014.043,1983
2026-02-16 00:45:00+00:00,5014.043,5022.965,5010.391,5015.499,2023
2026-02-16 01:00:00+00:00,5015.346,5023.662,5006.751,5023.09,2590
2026-02-16 01:15:00+00:00,5023.018,5031.163,5022.677,5028.899,2224
2026-02-16 01:30:00+00:00,5029.15,5031.109,5026.469,5030.201,1744
2026-02-16 01:45:00+00:00,5030.128,5030.752,5025.635,5029.098,1415
2026-02-16 02:00:00+00:00,5029.124,5031.437,5020.467,5022.012,2041
2026-02-16 02:15:00+00:00,5022.143,5026.03,5018.815,5019.711,1526
2026-02-16 02:30:00+00:00,5019.704,5021.92,5001.982,5002.596,2717
2026-02-16 02:45:00+00:00,5002.633,5003.429,4992.086,4994.658,2932
2026-02-16 03:00:00+00:00,4994.574,4999.845,4987.965,4997.306,2498
2026-02-16 03:15:00+00:00,4997.567,4998.418,4993.274,4994.774,1671
2026-02-16 03:30:00+00:00,4994.865,4996.807,4988.335,4990.999,1899
2026-02-16 03:45:00+00:00,4991.014,4993.805,4975.127,4987.739,3250
2026-02-16 04:00:00+00:00,4987.693,4992.205,4972.734,4976.558,2959
2026-02-16 04:15:00+00:00,4976.855,4980.256,4972.821,4976.607,1797
2026-02-16 04:30:00+00:00,4976.534,4978.404,4973.476,4976.036,1678
2026-02-16 04:45:00+00:00,4976.131,4980.167,4974.006,4977.871,1565
2026-02-16 05:00:00+00:00,4977.721,4985.731,4964.461,4983.567,2945
2026-02-16 05:15:00+00:00,4983.595,4988.422,4983.09,4986.447,1532
2026-02-16 05:30:00+00:00,4986.448,4990.238,4982.907,4986.139,1364
2026-02-16 05:45:00+00:00,4985.859,4990.88,4984.733,4990.658,1486
2026-02-16 06:00:00+00:00,4990.532,4992.791,4987.518,4990.258,1328
2026-02-16 06:15:00+00:00,4990.123,4994.923,4984.731,4993.267,1599
2026-02-16 06:30:00+00:00,4993.038,5003.201,4990.484,5002.267,1817
2026-02-16 06:45:00+00:00,5002.192,5002.687,4994.113,4994.986,1573
2026-02-16 07:00:00+00:00,4994.932,4997.742,4988.875,4996.287,1866
2026-02-16 07:15:00+00:00,4996.39,4999.541,4993.913,4997.971,1264
2026-02-16 07:30:00+00:00,4997.971,5006.108,4997.0,5001.543,1700
2026-02-16 07:45:00+00:00,5001.467,5009.96,5000.999,5007.22,2103
2026-02-16 08:00:00+00:00,5007.293,5013.47,4996.279,4998.063,2514
2026-02-16 08:15:00+00:00,4997.991,5006.449,4995.73,5006.029,2044
2026-02-16 08:30:00+00:00,5006.026,5008.68,5004.926,5006.187,1531
2026-02-16 08:45:00+00:00,5006.187,5010.283,5003.43,5007.911,1328
2026-02-16 09:00:00+00:00,5007.985,5015.543,5007.689,5011.252,1485
2026-02-16 09:15:00+00:00,5011.076,5016.217,5011.076,5013.479,1384
2026-02-16 09:30:00+00:00,5013.483,5014.846,5009.923,5010.641,1196
2026-02-16 09:45:00+00:00,5010.642,5017.238,5008.327,5013.608,1444
2026-02-16 10:00:00+00:00,5013.536,5017.14,5006.473,5007.836,1299
2026-02-16 10:15:00+00:00,5007.498,5012.042,5004.5,5005.24,1584
2026-02-16 10:30:00+00:00,5004.786,5009.696,5000.092,5008.266,2036
2026-02-16 10:45:00+00:00,5008.259,5010.955,5005.346,5006.124,1289
2026-02-16 11:00:00+00:00,5006.077,5007.052,4998.695,5001.061,1492
2026-02-16 11:15:00+00:00,5001.029,5005.396,4999.887,5004.433,1307
2026-02-16 11:30:00+00:00,5004.685,5006.942,5002.869,5006.525,1068
2026-02-16 11:45:00+00:00,5006.451,5008.017,5002.094,5004.255,1178
2026-02-16 12:00:00+00:00,5004.234,5004.987,4997.561,4997.847,1436
2026-02-16 12:15:00+00:00,4997.847,4999.457,4992.714,4996.258,1516
2026-02-16 12:30:00+00:00,4996.472,5008.114,4995.222,5004.881,1908
2026-02-16 12:45:00+00:00,5005.061,5005.963,4999.003,5001.848,1381
2026-02-16 13:00:00+00:00,5001.91,5003.541,4997.965,4998.135,1229
2026-02-16 13:15:00+00:00,4998.137,5001.813,4993.078,4994.27,1742
2026-02-16 13:30:00+00:00,4994.356,4998.621,4992.769,4995.11,1708
2026-02-16 13:45:00+00:00,4995.234,4998.314,4989.547,4997.464,1785
2026-02-16 14:00:00+00:00,4997.224,4998.247,4994.289,4995.383,1485
2026-02-16 14:15:00+00:00,4995.385,4999.491,4990.273,4992.192,1869
2026-02-16 14:30:00+00:00,4992.329,4994.34,4983.015,4988.612,2271
2026-02-16 14:45:00+00:00,4988.534,4989.067,4981.66,4988.199,2078
2026-02-16 15:00:00+00:00,4987.996,4988.385,4968.843,4976.601,3933
2026-02-16 15:15:00+00:00,4976.563,4981.528,4975.575,4980.228,1758
2026-02-16 15:30:00+00:00,4980.224,4980.921,4974.768,4980.496,1826
2026-02-16 15:45:00+00:00,4980.569,4983.14,4976.768,4979.754,1519
2026-02-16 16:00:00+00:00,4979.664,4980.191,4972.93,4979.447,1833
2026-02-16 16:15:00+00:00,4979.39,4987.54,4975.468,4986.156,1828
2026-02-16 16:30:00+00:00,4986.083,4990.312,4985.74,4988.726,1706
2026-02-16 16:45:00+00:00,4988.726,4988.996,4985.027,4988.154,1087
2026-02-16 17:00:00+00:00,4988.087,4994.356,4987.873,4991.278,1120
2026-02-16 17:15:00+00:00,4991.155,4995.096,4990.696,4994.507,1121
2026-02-16 17:30:00+00:00,4994.426,4995.852,4991.366,4992.966,1181
2026-02-16 17:45:00+00:00,4992.892,4993.223,4989.894,4991.449,1023
2026-02-16 18:00:00+00:00,4991.537,4994.137,4988.288,4993.542,1449
2026-02-16 18:15:00+00:00,4993.539,4997.441,4992.531,4994.344,1153
2026-02-16 18:30:00+00:00,4994.315,4995.376,4991.242,4995.227,1714
2026-02-16 18:45:00+00:00,4995.255,4997.767,4994.355,4994.714,1450
2026-02-16 19:00:00+00:00,4994.638,4996.112,4990.653,4991.041,1345
2026-02-16 19:15:00+00:00,4991.208,4995.151,4990.515,4993.856,2196
2026-02-16 23:00:00+00:00,4998.125,4999.587,4986.505,4991.292,1307
2026-02-16 23:15:00+00:00,4990.986,5000.839,4985.313,4994.357,1688
2026-02-16 23:30:00+00:00,4994.361,4995.631,4987.023,4989.645,1168
2026-02-16 23:45:00+00:00,4989.917,4993.993,4988.918,4990.001,916
2026-02-17 00:00:00+00:00,4989.835,4991.598,4974.816,4979.284,2946
2026-02-17 00:15:00+00:00,4979.548,4981.776,4971.009,4973.29,2013
2026-02-17 00:30:00+00:00,4973.615,4978.972,4968.439,4970.48,2294
2026-02-17 00:45:00+00:00,4970.448,4970.448,4931.413,4935.718,5192
2026-02-17 01:00:00+00:00,4935.81,4951.172,4922.718,4949.973,6343
2026-02-17 01:15:00+00:00,4950.475,4957.785,4944.398,4956.533,2846
2026-02-17 01:30:00+00:00,4956.769,4963.9,4954.634,4963.167,2104
2026-02-17 01:45:00+00:00,4963.261,4963.679,4955.625,4957.95,1971
2026-02-17 02:00:00+00:00,4957.87,4965.768,4954.31,4964.988,2262
2026-02-17 02:15:00+00:00,4965.26,4971.442,4963.253,4965.347,1585
2026-02-17 02:30:00+00:00,4965.539,4966.909,4959.355,4961.275,1554
2026-02-17 02:45:00+00:00,4960.943,4967.325,4960.394,4967.034,1246
2026-02-17 03:00:00+00:00,4966.954,4970.081,4959.055,4961.438,1836
2026-02-17 03:15:00+00:00,4961.459,4961.693,4953.915,4955.422,2021
2026-02-17 03:30:00+00:00,4955.496,4960.383,4949.975,4953.758,1990
2026-02-17 03:45:00+00:00,4953.833,4960.24,4952.814,4956.782,1423
2026-02-17 04:00:00+00:00,4956.839,4956.839,4946.79,4952.026,1526
2026-02-17 04:15:00+00:00,4952.182,4960.294,4950.688,4959.497,1296
2026-02-17 04:30:00+00:00,4959.492,4960.362,4950.534,4952.424,1449
2026-02-17 04:45:00+00:00,4952.427,4953.912,4949.337,4952.81,1177
2026-02-17 05:00:00+00:00,4952.736,4954.127,4927.519,4928.316,2536
2026-02-17 05:15:00+00:00,4928.231,4928.539,4888.334,4900.683,8787
2026-02-17 05:30:00+00:00,4900.61,4902.316,4858.578,4879.841,9695
2026-02-17 05:45:00+00:00,4879.76,4897.792,4873.637,4888.628,4664
2026-02-17 06:00:00+00:00,4888.668,4894.727,4887.755,4891.384,3148
2026-02-17 06:15:00+00:00,4891.353,4901.446,4886.522,4894.699,2660
2026-02-17 06:30:00+00:00,4894.937,4914.191,4891.453,4909.043,2802
2026-02-17 06:45:00+00:00,4908.794,4913.855,4899.48,4910.383,2079
2026-02-17 07:00:00+00:00,4910.462,4913.852,4904.091,4906.636,2075
2026-02-17 07:15:00+00:00,4906.802,4916.957,4905.588,4908.033,2255
2026-02-17 07:30:00+00:00,4908.185,4921.34,4903.811,4917.55,2455
2026-02-17 07:45:00+00:00,4917.478,4922.029,4914.664,4917.017,1982
2026-02-17 08:00:00+00:00,4916.936,4930.276,4915.942,4927.536,3514
2026-02-17 08:15:00+00:00,4927.472,4929.135,4919.386,4920.178,1992
2026-02-17 08:30:00+00:00,4920.246,4925.469,4916.544,4917.884,2122
2026-02-17 08:45:00+00:00,4918.152,4925.508,4917.897,4920.715,2046
2026-02-17 09:00:00+00:00,4920.869,4929.238,4919.619,4921.691,2477
2026-02-17 09:15:00+00:00,4921.75,4924.2,4918.178,4919.016,1858
2026-02-17 09:30:00+00:00,4918.999,4924.278,4916.489,4920.736,1962
2026-02-17 09:45:00+00:00,4920.779,4932.591,4912.708,4926.056,2688
2026-02-17 10:00:00+00:00,4925.895,4939.2,4923.735,4936.326,1997
2026-02-17 10:15:00+00:00,4936.416,4937.499,4927.975,4927.975,1691
2026-02-17 10:30:00+00:00,4928.136,4928.216,4919.739,4921.848,2308
2026-02-17 10:45:00+00:00,4921.768,4922.987,4907.584,4913.151,2799
2026-02-17 11:00:00+00:00,4913.255,4926.765,4913.171,4925.973,2036
2026-02-17 11:15:00+00:00,4925.99,4930.979,4924.576,4927.633,1798
2026-02-17 11:30:00+00:00,4927.849,4930.158,4922.323,4927.782,1668
2026-02-17 11:45:00+00:00,4927.877,4930.979,4921.246,4929.144,1874
2026-02-17 12:00:00+00:00,4929.066,4938.817,4928.197,4933.78,2854
2026-02-17 12:15:00+00:00,4933.905,4944.408,4933.905,4942.773,2550
2026-02-17 12:30:00+00:00,4942.631,4943.843,4933.394,4937.161,2153
2026-02-17 12:45:00+00:00,4937.234,4937.745,4928.921,4932.288,1988
2026-02-17 13:00:00+00:00,4932.191,4933.215,4918.455,4922.078,2938
2026-02-17 13:15:00+00:00,4922.41,4922.971,4911.101,4919.858,3969
2026-02-17 13:30:00+00:00,4919.759,4922.445,4907.935,4921.334,3788
2026-02-17 13:45:00+00:00,4921.408,4924.292,4869.604,4870.52,7816
2026-02-17 14:00:00+00:00,4870.703,4899.949,4841.051,4896.186,12389
2026-02-17 14:15:00+00:00,4896.105,4904.692,4889.257,4898.054,4237
2026-02-17 14:30:00+00:00,4897.982,4907.2,4867.18,4870.243,14642
2026-02-17 14:45:00+00:00,4870.133,4880.605,4855.975,4864.208,12490
2026-02-17 15:00:00+00:00,4864.118,4872.78,4848.75,4857.439,11227
2026-02-17 15:15:00+00:00,4857.574,4877.663,4853.801,4861.646,8680
2026-02-17 15:30:00+00:00,4861.724,4872.901,4852.776,4868.349,7902
2026-02-17 15:45:00+00:00,4868.267,4882.499,4861.743,4878.269,6591
2026-02-17 16:00:00+00:00,4878.353,4893.467,4876.559,4883.648,6170
2026-02-17 16:15:00+00:00,4883.72,4891.6,4880.781,4883.772,5442
2026-02-17 16:30:00+00:00,4883.7,4887.658,4873.68,4877.511,5212
2026-02-17 16:45:00+00:00,4877.424,4883.232,4868.493,4869.218,4474
2026-02-17 17:00:00+00:00,4869.474,4871.321,4849.847,4855.274,5217
2026-02-17 17:15:00+00:00,4855.204,4865.356,4854.964,4864.855,3784
2026-02-17 17:30:00+00:00,4864.928,4868.565,4859.166,4859.857,3723
2026-02-17 17:45:00+00:00,4860.097,4867.928,4853.768,4865.261,4647
2026-02-17 18:00:00+00:00,4865.336,4871.889,4862.411,4867.206,3816
2026-02-17 18:15:00+00:00,4867.207,4890.43,4866.794,4887.098,5406
2026-02-17 18:30:00+00:00,4887.12,4895.702,4879.955,4889.572,3743
2026-02-17 18:45:00+00:00,4889.502,4910.724,4885.144,4899.033,4220
2026-02-17 19:00:00+00:00,4899.109,4901.155,4892.564,4893.692,3599
2026-02-17 19:15:00+00:00,4893.612,4897.932,4881.587,4883.786,3547
2026-02-17 19:30:00+00:00,4883.68,4888.13,4876.479,4884.615,3110
2026-02-17 19:45:00+00:00,4884.452,4885.696,4880.126,4880.471,2316
2026-02-17 20:00:00+00:00,4880.396,4882.427,4874.061,4879.643,2794
2026-02-17 20:15:00+00:00,4879.696,4880.257,4873.245,4877.909,2317
2026-02-17 20:30:00+00:00,4877.826,4883.297,4874.052,4878.593,2954
2026-02-17 20:45:00+00:00,4878.671,4884.275,4876.404,4878.107,3896
2026-02-17 21:00:00+00:00,4878.037,4884.471,4874.872,4881.095,1623
2026-02-17 21:15:00+00:00,4881.159,4887.047,4877.862,4880.411,1531
2026-02-17 21:30:00+00:00,4880.677,4881.799,4878.531,4879.59,833
2026-02-17 21:45:00+00:00,4879.718,4880.001,4876.66,4878.075,955
2026-02-17 23:00:00+00:00,4863.066,4883.369,4859.957,4882.666,1702
2026-02-17 23:15:00+00:00,4882.589,4884.638,4867.985,4877.354,2094
2026-02-17 23:30:00+00:00,4877.287,4883.532,4866.168,4876.065,1903
2026-02-17 23:45:00+00:00,4875.987,4876.665,4853.898,4859.541,2365
2026-02-18 00:00:00+00:00,4859.227,4869.601,4858.398,4864.116,3186
2026-02-18 00:15:00+00:00,4864.109,4872.024,4858.461,4870.152,2554
2026-02-18 00:30:00+00:00,4870.161,4881.738,4867.867,4878.076,2225
2026-02-18 00:45:00+00:00,4878.106,4883.079,4872.097,4874.937,2281
2026-02-18 01:00:00+00:00,4874.852,4891.133,4874.515,4886.495,2935
2026-02-18 01:15:00+00:00,4886.836,4891.427,4881.251,4886.989,1792
2026-02-18 01:30:00+00:00,4886.967,4892.923,4883.729,4886.001,1666
2026-02-18 01:45:00+00:00,4885.945,4892.369,4882.693,4889.837,1645
2026-02-18 02:00:00+00:00,4889.736,4901.266,4886.601,4898.548,2189
2026-02-18 02:15:00+00:00,4898.545,4904.155,4895.269,4901.086,1806
2026-02-18 02:30:00+00:00,4901.066,4906.521,4900.745,4904.735,1222
2026-02-18 02:45:00+00:00,4904.733,4907.201,4903.025,4905.316,946
2026-02-18 03:00:00+00:00,4905.112,4916.226,4904.264,4912.545,1801
2026-02-18 03:15:00+00:00,4912.726,4919.886,4912.546,4919.162,1241
2026-02-18 03:30:00+00:00,4919.235,4920.739,4916.648,4918.626,1271
2026-02-18 03:45:00+00:00,4918.621,4922.005,4917.672,4920.891,1213
2026-02-18 04:00:00+00:00,4920.962,4931.101,4918.467,4928.717,1914
2026-02-18 04:15:00+00:00,4928.719,4933.648,4924.682,4932.96,1298
2026-02-18 04:30:00+00:00,4933.005,4936.962,4931.502,4933.35,1401
2026-02-18 04:45:00+00:00,4933.296,4940.33,4932.344,4933.924,1425
2026-02-18 05:00:00+00:00,4933.999,4938.51,4929.826,4933.119,1527
2026-02-18 05:15:00+00:00,4933.092,4939.181,4931.619,4935.55,1152
2026-02-18 05:30:00+00:00,4935.381,4939.815,4934.495,4934.945,1161
2026-02-18 05:45:00+00:00,4934.945,4938.809,4933.207,4933.437,1025
2026-02-18 06:00:00+00:00,4933.53,4934.276,4925.835,4926.612,1870
2026-02-18 06:15:00+00:00,4926.615,4932.593,4924.876,4930.65,1275
2026-02-18 06:30:00+00:00,4930.624,4932.661,4926.758,4931.093,1457
2026-02-18 06:45:00+00:00,4931.103,4936.086,4930.602,4930.727,1217
2026-02-18 07:00:00+00:00,4930.645,4942.381,4930.061,4938.2,1462
2026-02-18 07:15:00+00:00,4938.207,4941.934,4932.405,4938.973,1532
2026-02-18 07:30:00+00:00,4938.957,4940.328,4933.713,4934.099,1249
2026-02-18 07:45:00+00:00,4934.042,4935.364,4929.218,4930.336,1118
2026-02-18 08:00:00+00:00,4930.414,4932.455,4926.739,4929.232,1600
2026-02-18 08:15:00+00:00,4929.484,4929.485,4922.472,4926.052,1513
2026-02-18 08:30:00+00:00,4926.122,4926.861,4919.419,4921.291,1718
2026-02-18 08:45:00+00:00,4921.366,4922.778,4916.548,4917.209,1651
2026-02-18 09:00:00+00:00,4917.073,4920.651,4913.054,4916.881,2172
2026-02-18 09:15:00+00:00,4916.851,4923.04,4913.285,4921.424,1672
2026-02-18 09:30:00+00:00,4921.471,4923.013,4916.146,4920.502,1314
2026-02-18 09:45:00+00:00,4920.504,4922.057,4916.326,4917.443,1330
2026-02-18 10:00:00+00:00,4917.448,4924.46,4916.747,4920.258,1980
2026-02-18 10:15:00+00:00,4920.033,4924.342,4918.058,4921.553,2146
2026-02-18 10:30:00+00:00,4921.292,4921.292,4909.379,4912.043,2457
2026-02-18 10:45:00+00:00,4911.973,4916.86,4910.136,4914.534,1190
2026-02-18 11:00:00+00:00,4914.527,4916.324,4912.544,4915.814,1162
2026-02-18 11:15:00+00:00,4915.646,4917.585,4914.662,4915.262,1431
2026-02-18 11:30:00+00:00,4915.241,4916.512,4910.684,4911.148,1279
2026-02-18 11:45:00+00:00,4911.464,4915.913,4906.246,4912.905,1561
2026-02-18 12:00:00+00:00,4912.892,4926.168,4911.903,4921.829,2532
2026-02-18 12:15:00+00:00,4921.581,4929.303,4921.053,4921.39,2117
2026-02-18 12:30:00+00:00,4921.23,4931.34,4917.933,4929.058,1738
2026-02-18 12:45:00+00:00,4929.129,4947.27,4928.309,4943.157,2164
2026-02-18 13:00:00+00:00,4943.234,4958.788,4943.057,4957.565,3306
2026-02-18 13:15:00+00:00,4957.637,4959.556,4952.636,4956.209,2553
2026-02-18 13:30:00+00:00,4956.606,4969.126,4952.191,4955.915,3517
2026-02-18 13:45:00+00:00,4955.994,4956.846,4948.838,4954.553,2493
2026-02-18 14:00:00+00:00,4954.397,4961.373,4952.223,4958.609,2384
2026-02-18 14:15:00+00:00,4958.461,4963.658,4955.509,4960.869,2128
2026-02-18 14:30:00+00:00,4960.941,4986.254,4955.655,4981.614,7793
2026-02-18 14:45:00+00:00,4981.793,4994.497,4980.269,4991.618,5677
2026-02-18 15:00:00+00:00,4991.788,5008.182,4991.647,5003.904,5108
2026-02-18 15:15:00+00:00,5003.987,5009.016,5000.251,5004.894,3405
2026-02-18 15:30:00+00:00,5004.82,5005.166,4997.251,5000.414,3329
2026-02-18 15:45:00+00:00,5000.169,5000.341,4994.889,4997.847,2391
2026-02-18 16:00:00+00:00,4998.104,5003.052,4996.83,4999.402,2206
2026-02-18 16:15:00+00:00,4999.331,5000.094,4991.396,4996.876,2630
2026-02-18 16:30:00+00:00,4996.889,5006.719,4994.677,5005.436,2789
2026-02-18 16:45:00+00:00,5005.669,5010.992,4999.747,5000.607,2568
2026-02-18 17:00:00+00:00,5000.696,5001.665,4996.123,4999.148,2355
2026-02-18 17:15:00+00:00,4998.971,5000.725,4997.443,4999.278,1675
2026-02-18 17:30:00+00:00,4999.268,5000.063,4993.323,4997.497,2001
2026-02-18 17:45:00+00:00,4997.748,5000.851,4997.026,4998.988,1501
2026-02-18 18:00:00+00:00,4998.957,5003.154,4997.826,4998.111,1791
2026-02-18 18:15:00+00:00,4997.859,4999.142,4986.697,4988.255,2584
2026-02-18 18:30:00+00:00,4988.336,4993.172,4980.548,4983.39,3318
2026-02-18 18:45:00+00:00,4983.216,4988.007,4982.314,4987.398,2554
2026-02-18 19:00:00+00:00,4987.223,4994.616,4984.393,4991.92,2871
2026-02-18 19:15:00+00:00,4991.929,4995.513,4973.04,4978.68,3581
2026-02-18 19:30:00+00:00,4978.772,4984.295,4972.837,4982.617,3744
2026-02-18 19:45:00+00:00,4982.337,4984.531,4978.341,4980.677,2587
2026-02-18 20:00:00+00:00,4980.6,4984.557,4975.558,4978.761,2297
2026-02-18 20:15:00+00:00,4978.437,4981.035,4976.551,4977.704,2099
2026-02-18 20:30:00+00:00,4977.633,4987.531,4976.528,4985.261,1949
2026-02-18 20:45:00+00:00,4985.494,4986.452,4979.421,4984.795,2724
2026-02-18 21:00:00+00:00,4984.696,4986.543,4980.405,4980.981,1033
2026-02-18 21:15:00+00:00,4981.003,4984.331,4980.382,4981.62,704
2026-02-18 21:30:00+00:00,4981.695,4982.145,4978.566,4979.867,779
2026-02-18 21:45:00+00:00,4980.035,4980.671,4975.74,4976.302,807
2026-02-18 23:00:00+00:00,4974.301,4981.219,4961.014,4976.515,2255
2026-02-18 23:15:00+00:00,4976.443,4984.122,4971.761,4982.236,1671
2026-02-18 23:30:00+00:00,4982.236,4988.801,4979.707,4981.54,1484
2026-02-18 23:45:00+00:00,4981.682,4982.821,4968.216,4976.165,1523
2026-02-19 00:00:00+00:00,4975.968,4976.164,4961.025,4967.975,2694
2026-02-19 00:15:00+00:00,4968.01,4971.989,4964.174,4967.223,1841
2026-02-19 00:30:00+00:00,4967.688,4973.396,4964.96,4965.355,1939
2026-02-19 00:45:00+00:00,4965.283,4966.182,4960.438,4961.399,1568
2026-02-19 01:00:00+00:00,4961.051,4968.495,4960.523,4965.933,1968
2026-02-19 01:15:00+00:00,4965.754,4967.274,4961.27,4963.999,1366
2026-02-19 01:30:00+00:00,4964.29,4970.564,4961.767,4970.416,1624
2026-02-19 01:45:00+00:00,4970.317,4975.466,4969.39,4972.917,1481
2026-02-19 02:00:00+00:00,4973.137,4977.286,4971.09,4974.349,1581
2026-02-19 02:15:00+00:00,4974.107,4974.735,4965.7,4972.67,1685
2026-02-19 02:30:00+00:00,4972.644,4973.379,4968.559,4971.448,1244
2026-02-19 02:45:00+00:00,4971.44,4973.318,4967.543,4968.338,1122
2026-02-19 03:00:00+00:00,4968.261,4971.054,4966.409,4969.66,1260
2026-02-19 03:15:00+00:00,4969.723,4971.874,4966.969,4969.728,1093
2026-02-19 03:30:00+00:00,4969.803,4979.053,4969.803,4977.026,1704
2026-02-19 03:45:00+00:00,4976.914,4983.589,4976.914,4981.841,1417
2026-02-19 04:00:00+00:00,4981.759,4984.991,4978.729,4981.83,1149
2026-02-19 04:15:00+00:00,4981.823,4983.287,4977.996,4980.07,961
2026-02-19 04:30:00+00:00,4980.059,4985.45,4979.541,4980.728,1094
2026-02-19 04:45:00+00:00,4980.742,4985.198,4976.954,4984.199,1235
2026-02-19 05:00:00+00:00,4984.195,4993.39,4984.195,4990.337,1330
2026-02-19 05:15:00+00:00,4990.327,4990.585,4987.413,4989.319,1019
2026-02-19 05:30:00+00:00,4989.066,4996.362,4988.919,4995.959,1067
2026-02-19 05:45:00+00:00,4995.94,4998.516,4995.514,4997.082,1251
2026-02-19 06:00:00+00:00,4996.876,5000.054,4996.718,4999.024,1063
2026-02-19 06:15:00+00:00,4999.024,5002.321,4997.374,5001.273,1138
2026-02-19 06:30:00+00:00,5001.2,5010.673,5000.902,5008.968,1345
2026-02-19 06:45:00+00:00,5009.296,5020.202,5009.118,5018.298,2108
2026-02-19 07:00:00+00:00,5018.376,5021.782,5017.188,5017.998,1806
2026-02-19 07:15:00+00:00,5017.826,5020.047,5014.911,5017.678,1349
2026-02-19 07:30:00+00:00,5017.903,5020.311,5014.693,5015.486,1141
2026-02-19 07:45:00+00:00,5015.479,5017.164,5008.726,5010.381,1582
2026-02-19 08:00:00+00:00,5010.308,5012.148,5006.1,5011.497,1944
2026-02-19 08:15:00+00:00,5011.54,5014.804,5009.132,5014.714,1522
2026-02-19 08:30:00+00:00,5014.659,5019.99,5010.323,5019.78,1301
2026-02-19 08:45:00+00:00,5019.772,5022.086,5013.639,5017.038,1688
2026-02-19 09:00:00+00:00,5016.989,5020.08,5015.699,5019.276,1346
2026-02-19 09:15:00+00:00,5019.227,5020.461,4999.784,5000.744,2496
2026-02-19 09:30:00+00:00,5000.732,5005.78,4992.786,5003.434,2395
2026-02-19 09:45:00+00:00,5003.355,5005.279,4995.521,4995.832,1440
2026-02-19 10:00:00+00:00,4995.758,4996.214,4983.333,4989.187,2958
2026-02-19 10:15:00+00:00,4989.407,4991.654,4985.028,4986.766,1631
2026-02-19 10:30:00+00:00,4986.618,4995.03,4981.511,4988.6,2216
2026-02-19 10:45:00+00:00,4988.725,4993.501,4987.842,4993.372,1272
2026-02-19 11:00:00+00:00,4993.111,4996.358,4989.351,4992.783,1368
2026-02-19 11:15:00+00:00,4992.854,4994.213,4977.984,4984.804,2534
2026-02-19 11:30:00+00:00,4984.883,4987.155,4981.659,4982.687,1631
2026-02-19 11:45:00+00:00,4982.676,4986.186,4978.055,4984.714,2001
2026-02-19 12:00:00+00:00,4984.638,4990.188,4980.547,4988.249,2095
2026-02-19 12:15:00+00:00,4988.312,4992.149,4984.549,4991.934,1339
2026-02-19 12:30:00+00:00,4992.007,4992.81,4983.277,4986.434,1997
2026-02-19 12:45:00+00:00,4986.462,4987.481,4980.745,4984.703,1426
2026-02-19 13:00:00+00:00,4984.786,4986.222,4974.37,4983.965,2439
2026-02-19 13:15:00+00:00,4983.91,4987.726,4979.689,4984.635,2430
2026-02-19 13:30:00+00:00,4984.415,4997.286,4971.705,4993.71,3090
2026-02-19 13:45:00+00:00,4993.805,4998.466,4991.425,4997.145,2001
2026-02-19 14:00:00+00:00,4997.161,4997.166,4971.981,4972.852,3835
2026-02-19 14:15:00+00:00,4972.774,4982.252,4971.972,4978.12,2300
2026-02-19 14:30:00+00:00,4978.047,4995.272,4963.25,4992.517,8141
2026-02-19 14:45:00+00:00,4992.485,5010.329,4987.505,5005.607,5031
2026-02-19 15:00:00+00:00,5005.682,5009.926,4999.101,4999.698,5448
2026-02-19 15:15:00+00:00,4999.621,5016.273,4995.884,5015.939,6219
2026-02-19 15:30:00+00:00,5016.162,5022.38,5012.009,5015.127,4069
2026-02-19 15:45:00+00:00,5015.455,5016.097,5006.487,5013.714,3929
2026-02-19 16:00:00+00:00,5013.798,5014.348,5000.607,5005.451,3685
2026-02-19 16:15:00+00:00,5005.462,5006.25,4991.415,4998.322,3571
2026-02-19 16:30:00+00:00,4998.398,5008.957,4998.08,5006.37,2868
2026-02-19 16:45:00+00:00,5006.013,5006.974,4990.114,4995.368,2800
2026-02-19 17:00:00+00:00,4995.193,4999.69,4991.859,4996.775,2300
2026-02-19 17:15:00+00:00,4996.699,5001.697,4992.566,4993.865,2268
2026-02-19 17:30:00+00:00,4994.15,4996.192,4986.234,4993.569,2557
2026-02-19 17:45:00+00:00,4993.479,4994.589,4982.758,4984.944,2620
2026-02-19 18:00:00+00:00,4985.022,4988.534,4979.411,4988.055,2639
2026-02-19 18:15:00+00:00,4988.076,4989.324,4975.907,4978.204,2511
2026-02-19 18:30:00+00:00,4978.182,4982.943,4975.182,4975.798,2105
2026-02-19 18:45:00+00:00,4975.794,4984.389,4975.615,4981.827,1809
2026-02-19 19:00:00+00:00,4981.902,4989.765,4980.708,4986.997,1663
2026-02-19 19:15:00+00:00,4986.907,4990.445,4986.07,4989.085,1536
2026-02-19 19:30:00+00:00,4989.0,4989.944,4978.375,4984.979,1947
2026-02-19 19:45:00+00:00,4984.676,4988.819,4982.15,4987.838,1496
2026-02-19 20:00:00+00:00,4987.861,4992.182,4987.861,4990.939,1469
2026-02-19 20:15:00+00:00,4990.956,4997.136,4989.094,4995.773,1450
2026-02-19 20:30:00+00:00,4995.694,5000.544,4995.079,4999.368,1405
2026-02-19 20:45:00+00:00,4999.368,5003.413,4998.819,5001.59,1560
2026-02-19 21:00:00+00:00,5001.677,5004.209,4997.872,5000.128,1108
2026-02-19 21:15:00+00:00,5000.132,5001.36,4992.183,4994.151,1193
2026-02-19 21:30:00+00:00,4994.088,4999.017,4993.437,4998.766,806
2026-02-19 21:45:00+00:00,4998.774,5000.136,4993.008,4996.391,1040
2026-02-19 23:00:00+00:00,4997.078,5007.947,4995.763,4998.623,1674
2026-02-19 23:15:00+00:00,4998.735,5003.026,4993.21,4997.213,1347
2026-02-19 23:30:00+00:00,4997.162,5001.545,4995.086,4996.279,1086
2026-02-19 23:45:00+00:00,4996.299,5000.807,4985.635,4987.641,1536
2026-02-20 00:00:00+00:00,4987.609,4996.551,4985.487,4993.487,1946
2026-02-20 00:15:00+00:00,4993.686,4996.232,4988.03,4990.793,1305
2026-02-20 00:30:00+00:00,4990.865,4996.208,4987.115,4994.036,1328
2026-02-20 00:45:00+00:00,4994.111,5006.956,4993.928,5006.322,1610
2026-02-20 01:00:00+00:00,5006.343,5014.708,5005.725,5013.535,2527
2026-02-20 01:15:00+00:00,5013.535,5013.535,4995.943,4999.77,2369
2026-02-20 01:30:00+00:00,4999.753,5003.944,4994.987,4997.616,1791
2026-02-20 01:45:00+00:00,4997.84,5000.461,4995.325,4997.035,1407
2026-02-20 02:00:00+00:00,4997.055,5007.486,4992.515,4996.963,2138
2026-02-20 02:15:00+00:00,4996.934,4999.115,4992.754,4997.557,1612
2026-02-20 02:30:00+00:00,4997.572,5003.571,4997.572,4999.67,1301
2026-02-20 02:45:00+00:00,4999.897,4999.934,4992.832,4996.336,1553
2026-02-20 03:00:00+00:00,4996.308,4997.351,4989.617,4994.441,1460
2026-02-20 03:15:00+00:00,4994.441,4998.396,4992.188,4992.188,939
2026-02-20 03:30:00+00:00,4992.2,4999.185,4981.584,4987.395,2063
2026-02-20 03:45:00+00:00,4987.475,4995.953,4985.983,4988.106,1752
2026-02-20 04:00:00+00:00,4988.202,4993.079,4986.533,4992.463,1160
2026-02-20 04:15:00+00:00,4992.55,4994.611,4990.258,4994.219,825
2026-02-20 04:30:00+00:00,4994.295,5003.386,4993.408,4998.967,1269
2026-02-20 04:45:00+00:00,4998.891,5000.108,4996.231,4999.838,1028
2026-02-20 05:00:00+00:00,4999.954,5006.197,4999.643,5001.33,1351
2026-02-20 05:15:00+00:00,5001.32,5002.469,4998.613,5001.484,1060
2026-02-20 05:30:00+00:00,5001.497,5004.797,4997.862,4999.308,1373
2026-02-20 05:45:00+00:00,4999.503,5011.874,4998.183,5011.874,1529
2026-02-20 06:00:00+00:00,5011.753,5019.966,5011.753,5016.646,1862
2026-02-20 06:15:00+00:00,5016.573,5029.769,5016.268,5022.266,2128
2026-02-20 06:30:00+00:00,5022.168,5028.024,5020.593,5026.909,1534
2026-02-20 06:45:00+00:00,5026.769,5030.129,5020.354,5020.776,1593
2026-02-20 07:00:00+00:00,5020.66,5028.289,5015.853,5022.8,1852
2026-02-20 07:15:00+00:00,5022.797,5023.642,5009.579,5015.192,2017
2026-02-20 07:30:00+00:00,5015.265,5018.055,5012.56,5016.083,1735
2026-02-20 07:45:00+00:00,5016.346,5016.452,5006.023,5006.545,1646
2026-02-20 08:00:00+00:00,5006.624,5016.444,5004.955,5012.262,2404
2026-02-20 08:15:00+00:00,5012.172,5019.728,5011.276,5018.145,1608
2026-02-20 08:30:00+00:00,5018.258,5027.218,5017.547,5022.293,1623
2026-02-20 08:45:00+00:00,5022.365,5030.959,5022.365,5028.74,1510
2026-02-20 09:00:00+00:00,5028.758,5040.927,5027.996,5039.064,2338
2026-02-20 09:15:00+00:00,5039.091,5042.524,5033.466,5034.153,1923
2026-02-20 09:30:00+00:00,5034.227,5036.002,5029.744,5032.284,1642
2026-02-20 09:45:00+00:00,5032.271,5034.632,5027.446,5027.446,1432
2026-02-20 10:00:00+00:00,5027.745,5028.825,5019.358,5025.836,1805
2026-02-20 10:15:00+00:00,5026.09,5030.915,5023.194,5026.357,1697
2026-02-20 10:30:00+00:00,5026.66,5038.479,5026.604,5033.998,1690
2026-02-20 10:45:00+00:00,5033.944,5037.098,5025.873,5034.667,1753
2026-02-20 11:00:00+00:00,5034.784,5034.903,5030.835,5031.373,1200
2026-02-20 11:15:00+00:00,5031.467,5032.418,5026.023,5028.707,1441
2026-02-20 11:30:00+00:00,5028.768,5033.5,5022.421,5027.028,1793
2026-02-20 11:45:00+00:00,5027.084,5028.671,5015.499,5017.41,2786
2026-02-20 12:00:00+00:00,5017.483,5023.868,5013.487,5022.472,2429
2026-02-20 12:15:00+00:00,5022.547,5023.406,5011.669,5012.18,1860
2026-02-20 12:30:00+00:00,5012.26,5025.494,5007.171,5025.046,2528
2026-02-20 12:45:00+00:00,5024.971,5026.631,5021.533,5025.202,1380
2026-02-20 13:00:00+00:00,5025.054,5028.837,5023.551,5025.598,1414
2026-02-20 13:15:00+00:00,5025.619,5031.985,5025.061,5028.915,1697
2026-02-20 13:30:00+00:00,5028.832,5031.926,5018.168,5031.164,3189
2026-02-20 13:45:00+00:00,5030.834,5048.742,5030.834,5043.709,3327
2026-02-20 14:00:00+00:00,5043.637,5047.196,5037.091,5043.14,3087
2026-02-20 14:15:00+00:00,5042.813,5044.914,5038.836,5041.665,2073
2026-02-20 14:30:00+00:00,5041.585,5055.332,5037.589,5052.851,7954
2026-02-20 14:45:00+00:00,5053.328,5060.424,5048.606,5054.182,4881
2026-02-20 15:00:00+00:00,5053.93,5064.047,4988.802,5022.56,26544
2026-02-20 15:15:00+00:00,5022.683,5044.99,5011.175,5025.469,15878
2026-02-20 15:30:00+00:00,5025.544,5046.562,5016.86,5045.007,13569
2026-02-20 15:45:00+00:00,5044.92,5052.656,5036.531,5042.512,7059
2026-02-20 16:00:00+00:00,5042.437,5055.653,5038.558,5054.012,5944
2026-02-20 16:15:00+00:00,5054.22,5056.765,5044.531,5053.598,6435
2026-02-20 16:30:00+00:00,5053.67,5069.01,5052.626,5063.077,5247
2026-02-20 16:45:00+00:00,5063.157,5067.468,5060.423,5066.481,3447
2026-02-20 17:00:00+00:00,5066.562,5073.523,5064.225,5066.861,4165
2026-02-20 17:15:00+00:00,5066.935,5068.381,5054.673,5064.152,5166
2026-02-20 17:30:00+00:00,5064.226,5070.192,5061.834,5068.523,3797
2026-02-20 17:45:00+00:00,5068.217,5076.418,5067.496,5073.012,3986
2026-02-20 18:00:00+00:00,5072.934,5073.5,5066.448,5069.708,3081
2026-02-20 18:15:00+00:00,5069.849,5070.827,5053.866,5058.576,5272
2026-02-20 18:30:00+00:00,5058.492,5075.133,5057.287,5066.901,6789
2026-02-20 18:45:00+00:00,5066.826,5073.806,5066.744,5071.087,3580
2026-02-20 19:00:00+00:00,5071.16,5074.999,5068.9,5071.678,2048
2026-02-20 19:15:00+00:00,5071.738,5075.421,5068.309,5069.691,1827
2026-02-20 19:30:00+00:00,5069.704,5073.867,5069.704,5073.455,1453
2026-02-20 19:45:00+00:00,5073.508,5079.95,5072.249,5079.312,1652
2026-02-20 20:00:00+00:00,5079.538,5081.411,5076.719,5079.508,1970
2026-02-20 20:15:00+00:00,5079.525,5086.421,5078.355,5084.738,1821
2026-02-20 20:30:00+00:00,5084.965,5087.488,5082.459,5084.631,2126
2026-02-20 20:45:00+00:00,5084.828,5098.203,5083.505,5096.815,3056
2026-02-20 21:00:00+00:00,5097.025,5099.126,5091.826,5093.054,1636
2026-02-20 21:15:00+00:00,5093.432,5098.636,5091.895,5097.835,1395
2026-02-20 21:30:00+00:00,5097.911,5100.3,5097.424,5099.487,1252
2026-02-20 21:45:00+00:00,5099.487,5108.206,5098.768,5105.788,2358
2026-02-22 23:00:00+00:00,5111.774,5146.674,5108.698,5146.243,3811
2026-02-22 23:15:00+00:00,5146.47,5151.551,5140.304,5145.834,2379
2026-02-22 23:30:00+00:00,5146.156,5158.763,5144.228,5158.674,2521
2026-02-22 23:45:00+00:00,5158.571,5171.925,5153.731,5165.43,2328
2026-02-23 00:00:00+00:00,5165.423,5166.792,5132.244,5138.184,7471
2026-02-23 00:15:00+00:00,5138.288,5153.587,5129.453,5153.436,4475
2026-02-23 00:30:00+00:00,5153.134,5160.848,5139.189,5140.721,3968
2026-02-23 00:45:00+00:00,5140.727,5146.396,5135.102,5144.268,2803
2026-02-23 01:00:00+00:00,5144.268,5158.205,5140.033,5147.595,4277
2026-02-23 01:15:00+00:00,5147.294,5159.311,5146.209,5158.982,2842
2026-02-23 01:30:00+00:00,5158.907,5166.594,5155.233,5165.858,2575
2026-02-23 01:45:00+00:00,5166.274,5167.795,5155.955,5157.675,2805
2026-02-23 02:00:00+00:00,5157.576,5167.113,5156.639,5160.687,2645
2026-02-23 02:15:00+00:00,5160.634,5167.433,5157.451,5161.331,2404
2026-02-23 02:30:00+00:00,5161.273,5176.648,5160.859,5174.615,2232
2026-02-23 02:45:00+00:00,5174.161,5176.641,5163.498,5173.716,2039
2026-02-23 03:00:00+00:00,5173.765,5175.793,5151.31,5158.068,2795
2026-02-23 03:15:00+00:00,5157.985,5164.541,5153.528,5164.017,2162
2026-02-23 03:30:00+00:00,5164.031,5170.845,5164.031,5168.82,1764
2026-02-23 03:45:00+00:00,5168.356,5171.376,5166.365,5166.872,1500
2026-02-23 04:00:00+00:00,5166.856,5168.459,5155.485,5162.107,2306
2026-02-23 04:15:00+00:00,5162.48,5164.724,5158.904,5159.971,1430
2026-02-23 04:30:00+00:00,5160.333,5163.663,5155.843,5159.634,1633
2026-02-23 04:45:00+00:00,5159.648,5161.744,5158.064,5160.697,1210
2026-02-23 05:00:00+00:00,5160.74,5161.804,5152.309,5158.544,1971
2026-02-23 05:15:00+00:00,5158.566,5159.546,5152.859,5157.571,1444
2026-02-23 05:30:00+00:00,5157.566,5158.034,5153.506,5156.879,1205
2026-02-23 05:45:00+00:00,5156.904,5159.672,5155.873,5158.161,1226
2026-02-23 06:00:00+00:00,5158.181,5161.039,5157.137,5159.611,1413
2026-02-23 06:15:00+00:00,5159.376,5161.745,5152.052,5152.634,1273
2026-02-23 06:30:00+00:00,5152.71,5156.924,5147.3,5148.402,2531
2026-02-23 06:45:00+00:00,5148.443,5153.362,5144.817,5145.796,2168
2026-02-23 07:00:00+00:00,5145.796,5154.191,5137.712,5147.14,3285
2026-02-23 07:15:00+00:00,5147.216,5149.472,5125.376,5136.268,3366
2026-02-23 07:30:00+00:00,5136.39,5137.198,5125.0,5136.614,3070
2026-02-23 07:45:00+00:00,5136.539,5139.4,5134.777,5136.784,2143
2026-02-23 08:00:00+00:00,5136.337,5139.568,5130.972,5138.078,2401
2026-02-23 08:15:00+00:00,5138.075,5139.483,5122.252,5125.358,2766
2026-02-23 08:30:00+00:00,5125.26,5132.537,5122.079,5128.214,2376
2026-02-23 08:45:00+00:00,5128.074,5141.776,5127.572,5140.002,1844
2026-02-23 09:00:00+00:00,5140.166,5146.891,5139.142,5145.729,2140
2026-02-23 09:15:00+00:00,5145.803,5149.4,5144.678,5149.016,1498
2026-02-23 09:30:00+00:00,5149.096,5150.039,5142.832,5146.416,1635
2026-02-23 09:45:00+00:00,5146.393,5149.491,5144.359,5149.491,1200
2026-02-23 10:00:00+00:00,5149.811,5153.014,5146.365,5149.359,1774
2026-02-23 10:15:00+00:00,5149.367,5156.672,5149.152,5156.152,2060
2026-02-23 10:30:00+00:00,5155.682,5157.405,5144.987,5151.951,2438
2026-02-23 10:45:00+00:00,5152.046,5163.443,5151.687,5162.58,1809
2026-02-23 11:00:00+00:00,5162.661,5163.504,5153.058,5153.493,1799
2026-02-23 11:15:00+00:00,5153.574,5154.54,5146.409,5150.738,2085
2026-02-23 11:30:00+00:00,5150.814,5153.881,5147.846,5151.226,1486
2026-02-23 11:45:00+00:00,5150.849,5154.624,5149.474,5149.902,1424
2026-02-23 12:00:00+00:00,5149.811,5154.63,5147.021,5149.545,2271
2026-02-23 12:15:00+00:00,5149.623,5152.219,5145.54,5149.907,1628
2026-02-23 12:30:00+00:00,5149.986,5164.545,5149.465,5164.049,1899
2026-02-23 12:45:00+00:00,5164.133,5165.52,5159.472,5163.933,1715
2026-02-23 13:00:00+00:00,5163.833,5165.525,5152.933,5155.114,2402
2026-02-23 13:15:00+00:00,5154.66,5156.764,5143.479,5149.406,2551
2026-02-23 13:30:00+00:00,5150.022,5154.105,5147.53,5152.645,1947
2026-02-23 13:45:00+00:00,5152.568,5153.448,5145.526,5146.35,2278
2026-02-23 14:00:00+00:00,5146.347,5157.261,5141.198,5157.098,2398
2026-02-23 14:15:00+00:00,5156.796,5165.557,5155.994,5165.181,2309
2026-02-23 14:30:00+00:00,5165.107,5190.901,5164.803,5190.483,5136
2026-02-23 14:45:00+00:00,5190.559,5200.471,5187.553,5192.231,5562
2026-02-23 15:00:00+00:00,5192.148,5199.087,5180.781,5198.808,4957
2026-02-23 15:15:00+00:00,5198.908,5203.764,5191.053,5197.48,5633
2026-02-23 15:30:00+00:00,5197.557,5202.843,5186.092,5201.435,4378
2026-02-23 15:45:00+00:00,5201.516,5205.155,5190.244,5196.309,4831
2026-02-23 16:00:00+00:00,5196.192,5204.204,5175.329,5202.458,6366
2026-02-23 16:15:00+00:00,5202.249,5219.227,5201.08,5214.784,4363
2026-02-23 16:30:00+00:00,5214.702,5215.533,5206.617,5209.7,4754
2026-02-23 16:45:00+00:00,5209.775,5217.926,5206.332,5210.133,3896
2026-02-23 17:00:00+00:00,5210.221,5213.276,5199.408,5203.907,4451
2026-02-23 17:15:00+00:00,5203.438,5212.571,5202.411,5210.421,3242
2026-02-23 17:30:00+00:00,5210.501,5210.912,5190.897,5199.821,4183
2026-02-23 17:45:00+00:00,5199.731,5208.063,5196.514,5207.751,2969
2026-02-23 18:00:00+00:00,5208.203,5215.87,5207.003,5212.615,2472
2026-02-23 18:15:00+00:00,5212.302,5213.279,5201.261,5206.004,4014
2026-02-23 18:30:00+00:00,5205.89,5213.379,5205.345,5206.948,2486
2026-02-23 18:45:00+00:00,5206.87,5212.091,5205.979,5209.751,1796
2026-02-23 19:00:00+00:00,5209.671,5211.943,5206.317,5211.42,1737
2026-02-23 19:15:00+00:00,5211.082,5215.069,5206.824,5208.937,2082
2026-02-23 19:30:00+00:00,5209.428,5217.4,5207.837,5217.086,2363
2026-02-23 19:45:00+00:00,5217.081,5218.283,5214.43,5215.561,2248
2026-02-23 20:00:00+00:00,5215.63,5224.444,5214.734,5223.115,2373
2026-02-23 20:15:00+00:00,5222.881,5226.132,5221.746,5225.284,1673
2026-02-23 20:30:00+00:00,5224.906,5229.98,5224.365,5227.736,1753
2026-02-23 20:45:00+00:00,5227.583,5238.102,5224.793,5236.033,2713
2026-02-23 21:00:00+00:00,5235.952,5237.509,5229.66,5230.831,1568
2026-02-23 21:15:00+00:00,5231.176,5232.208,5228.748,5230.113,1257
2026-02-23 21:30:00+00:00,5230.033,5233.108,5226.54,5228.805,1167
2026-02-23 21:45:00+00:00,5228.803,5231.323,5226.983,5227.956,1148
2026-02-23 23:00:00+00:00,5226.126,5249.58,5226.126,5244.113,2633
2026-02-23 23:15:00+00:00,5244.253,5249.49,5233.895,5236.62,1856
2026-02-23 23:30:00+00:00,5236.531,5247.238,5236.531,5242.272,1591
2026-02-23 23:45:00+00:00,5242.112,5242.721,5234.741,5235.99,1436
2026-02-24 00:00:00+00:00,5235.896,5235.896,5217.481,5229.616,4653
2026-02-24 00:15:00+00:00,5229.728,5237.837,5224.912,5226.876,2626
2026-02-24 00:30:00+00:00,5226.955,5232.739,5224.716,5230.017,2654
2026-02-24 00:45:00+00:00,5229.94,5232.372,5221.203,5224.036,2996
2026-02-24 01:00:00+00:00,5223.961,5224.273,5183.812,5185.59,15960
2026-02-24 01:15:00+00:00,5185.669,5188.997,5144.677,5164.892,13339
2026-02-24 01:30:00+00:00,5165.35,5176.252,5161.081,5173.961,6308
2026-02-24 01:45:00+00:00,5174.259,5179.491,5163.925,5177.101,4281
2026-02-24 02:00:00+00:00,5177.181,5181.897,5166.478,5172.297,3677
2026-02-24 02:15:00+00:00,5172.598,5174.836,5165.5,5173.256,2147
2026-02-24 02:30:00+00:00,5173.019,5188.087,5172.315,5183.345,3039
2026-02-24 02:45:00+00:00,5183.678,5190.605,5183.31,5189.667,2206
2026-02-24 03:00:00+00:00,5189.585,5191.79,5185.416,5188.772,1945
2026-02-24 03:15:00+00:00,5188.814,5189.645,5181.816,5182.625,1773
2026-02-24 03:30:00+00:00,5182.68,5188.288,5176.247,5179.242,1717
2026-02-24 03:45:00+00:00,5179.5,5179.995,5171.024,5172.029,1886
2026-02-24 04:00:00+00:00,5171.955,5172.027,5160.971,5168.57,2462
2026-02-24 04:15:00+00:00,5168.646,5174.789,5168.418,5171.638,1444
2026-02-24 04:30:00+00:00,5171.706,5173.079,5164.487,5164.645,1564
2026-02-24 04:45:00+00:00,5164.72,5170.69,5163.127,5168.379,1380
2026-02-24 05:00:00+00:00,5168.392,5174.403,5164.3,5172.178,1635
2026-02-24 05:15:00+00:00,5171.767,5175.13,5166.796,5167.626,1492
2026-02-24 05:30:00+00:00,5167.712,5174.443,5164.665,5172.902,3140
2026-02-24 05:45:00+00:00,5172.782,5185.686,5172.271,5182.308,2014
2026-02-24 06:00:00+00:00,5182.513,5184.976,5177.079,5182.506,2143
2026-02-24 06:15:00+00:00,5182.507,5183.531,5166.7,5169.106,2101
2026-02-24 06:30:00+00:00,5169.197,5173.682,5156.038,5169.263,3243
2026-02-24 06:45:00+00:00,5169.185,5175.373,5167.806,5173.394,1768
2026-02-24 07:00:00+00:00,5173.311,5173.813,5164.023,5171.132,2940
2026-02-24 07:15:00+00:00,5171.138,5183.206,5169.189,5183.116,2849
2026-02-24 07:30:00+00:00,5183.031,5183.837,5174.402,5179.887,2442
2026-02-24 07:45:00+00:00,5179.618,5183.095,5175.045,5179.307,1612
2026-02-24 08:00:00+00:00,5179.377,5179.626,5169.36,5171.255,2926
2026-02-24 08:15:00+00:00,5170.887,5175.0,5165.0,5170.55,2357
2026-02-24 08:30:00+00:00,5170.443,5181.913,5169.579,5174.86,2018
2026-02-24 08:45:00+00:00,5174.784,5176.871,5169.177,5173.553,1863
2026-02-24 09:00:00+00:00,5173.44,5180.556,5171.646,5172.654,2057
2026-02-24 09:15:00+00:00,5172.646,5174.828,5167.747,5168.763,1739
2026-02-24 09:30:00+00:00,5168.51,5173.638,5166.599,5169.983,1685
2026-02-24 09:45:00+00:00,5169.911,5173.027,5167.385,5171.316,1302
2026-02-24 10:00:00+00:00,5171.286,5175.922,5170.878,5174.322,1468
2026-02-24 10:15:00+00:00,5174.248,5181.364,5172.16,5176.071,1438
2026-02-24 10:30:00+00:00,5176.069,5176.801,5163.191,5170.063,2789
2026-02-24 10:45:00+00:00,5170.367,5174.33,5168.911,5172.514,1448
2026-02-24 11:00:00+00:00,5172.509,5177.046,5172.066,5175.96,1355
2026-02-24 11:15:00+00:00,5176.423,5176.761,5170.793,5174.508,1254
2026-02-24 11:30:00+00:00,5174.862,5177.959,5173.002,5177.703,1264
2026-02-24 11:45:00+00:00,5177.751,5178.59,5172.097,5172.892,1504
2026-02-24 12:00:00+00:00,5172.811,5173.599,5164.764,5167.761,2050
2026-02-24 12:15:00+00:00,5167.636,5168.557,5146.555,5161.364,3872
2026-02-24 12:30:00+00:00,5161.806,5164.42,5153.802,5157.949,2991
2026-02-24 12:45:00+00:00,5157.875,5158.886,5144.594,5150.618,3048
2026-02-24 13:00:00+00:00,5150.206,5161.273,5150.206,5159.095,4346
2026-02-24 13:15:00+00:00,5158.8,5159.284,5151.977,5156.119,2882
2026-02-24 13:30:00+00:00,5156.418,5158.789,5133.107,5145.623,4812
2026-02-24 13:45:00+00:00,5145.525,5146.341,5110.622,5115.139,7784
2026-02-24 14:00:00+00:00,5115.058,5127.52,5093.302,5104.909,9023
2026-02-24 14:15:00+00:00,5104.786,5119.338,5100.444,5115.239,6193
2026-02-24 14:30:00+00:00,5115.165,5139.126,5109.596,5137.188,9632
2026-02-24 14:45:00+00:00,5136.884,5139.153,5126.695,5128.263,6408
2026-02-24 15:00:00+00:00,5128.578,5137.9,5118.074,5136.797,5031
2026-02-24 15:15:00+00:00,5136.875,5146.171,5134.596,5138.439,4477
2026-02-24 15:30:00+00:00,5138.354,5149.935,5134.033,5149.689,4008
2026-02-24 15:45:00+00:00,5149.9,5155.306,5145.205,5150.197,3125
2026-02-24 16:00:00+00:00,5150.15,5152.377,5141.013,5147.232,2949
2026-02-24 16:15:00+00:00,5147.146,5150.807,5141.274,5143.493,2739
2026-02-24 16:30:00+00:00,5143.827,5151.003,5134.75,5145.432,3726
2026-02-24 16:45:00+00:00,5145.466,5145.895,5130.83,5141.629,3863
2026-02-24 17:00:00+00:00,5141.781,5158.031,5141.436,5156.146,2422
2026-02-24 17:15:00+00:00,5156.231,5163.504,5154.811,5158.561,2381
2026-02-24 17:30:00+00:00,5158.793,5161.27,5156.565,5160.406,1930
2026-02-24 17:45:00+00:00,5160.672,5163.867,5157.508,5163.79,1624
2026-02-24 18:00:00+00:00,5163.588,5170.051,5163.588,5164.43,2107
2026-02-24 18:15:00+00:00,5164.505,5165.552,5155.413,5158.413,2796
2026-02-24 18:30:00+00:00,5158.499,5161.497,5153.205,5158.949,2332
2026-02-24 18:45:00+00:00,5159.191,5162.831,5155.706,5160.283,1885
2026-02-24 19:00:00+00:00,5160.11,5160.644,5149.44,5156.056,2533
2026-02-24 19:15:00+00:00,5156.041,5157.519,5146.151,5151.316,2497
2026-02-24 19:30:00+00:00,5151.649,5156.691,5148.857,5152.398,1661
2026-02-24 19:45:00+00:00,5152.397,5155.412,5151.51,5154.12,1438
2026-02-24 20:00:00+00:00,5154.204,5155.939,5146.667,5149.105,1757
2026-02-24 20:15:00+00:00,5149.394,5170.253,5148.159,5168.246,1925
2026-02-24 20:30:00+00:00,5168.574,5173.233,5165.517,5171.891,1899
2026-02-24 20:45:00+00:00,5172.262,5172.369,5158.042,5163.898,2638
2026-02-24 21:00:00+00:00,5163.976,5165.659,5156.159,5160.919,1392
2026-02-24 21:15:00+00:00,5160.918,5162.363,5153.526,5155.518,1095
2026-02-24 21:30:00+00:00,5155.517,5155.981,5145.771,5150.556,1432
2026-02-24 21:45:00+00:00,5150.536,5150.536,5140.017,5143.877,1409
2026-02-24 23:00:00+00:00,5135.26,5138.294,5127.575,5135.242,1657
2026-02-24 23:15:00+00:00,5135.853,5137.647,5128.225,5130.921,1268
2026-02-24 23:30:00+00:00,5130.681,5149.376,5129.03,5146.784,1838
2026-02-24 23:45:00+00:00,5146.768,5152.299,5145.376,5146.596,1240
2026-02-25 00:00:00+00:00,5146.594,5149.653,5136.288,5140.577,1791
2026-02-25 00:15:00+00:00,5140.591,5146.361,5137.626,5140.57,1590
2026-02-25 00:30:00+00:00,5140.648,5155.431,5140.47,5147.525,2582
2026-02-25 00:45:00+00:00,5147.601,5156.484,5141.686,5152.271,2437
2026-02-25 01:00:00+00:00,5152.368,5176.384,5144.049,5174.672,6136
2026-02-25 01:15:00+00:00,5174.573,5188.802,5173.656,5185.176,3697
2026-02-25 01:30:00+00:00,5185.092,5190.004,5178.615,5180.508,2526
2026-02-25 01:45:00+00:00,5180.055,5186.079,5174.741,5176.533,2089
2026-02-25 02:00:00+00:00,5176.917,5189.221,5176.393,5188.432,2444
2026-02-25 02:15:00+00:00,5188.338,5194.025,5184.973,5189.458,1972
2026-02-25 02:30:00+00:00,5189.753,5190.602,5182.691,5185.787,2545
2026-02-25 02:45:00+00:00,5186.189,5186.828,5166.458,5180.409,3243
2026-02-25 03:00:00+00:00,5180.414,5190.148,5180.414,5186.049,2430
2026-02-25 03:15:00+00:00,5185.97,5187.655,5179.315,5186.198,1942
2026-02-25 03:30:00+00:00,5186.273,5188.518,5179.479,5183.688,1996
2026-02-25 03:45:00+00:00,5183.709,5187.329,5178.145,5182.218,1603
2026-02-25 04:00:00+00:00,5182.121,5183.356,5171.603,5181.048,1695
2026-02-25 04:15:00+00:00,5180.625,5185.142,5180.397,5182.873,1359
2026-02-25 04:30:00+00:00,5182.887,5184.154,5179.725,5183.878,1103
2026-02-25 04:45:00+00:00,5183.917,5185.019,5179.947,5182.667,1056
2026-02-25 05:00:00+00:00,5182.742,5191.539,5182.483,5188.247,1518
2026-02-25 05:15:00+00:00,5188.466,5196.244,5187.984,5195.485,1530
2026-02-25 05:30:00+00:00,5195.09,5204.067,5192.438,5202.737,2690
2026-02-25 05:45:00+00:00,5203.07,5210.572,5201.143,5201.777,2439
2026-02-25 06:00:00+00:00,5201.754,5201.754,5182.298,5191.639,3212
2026-02-25 06:15:00+00:00,5191.72,5195.375,5188.772,5189.904,2055
2026-02-25 06:30:00+00:00,5189.828,5194.499,5188.389,5191.453,1579
2026-02-25 06:45:00+00:00,5191.539,5194.707,5189.181,5194.472,1579
2026-02-25 07:00:00+00:00,5194.397,5195.097,5187.255,5188.863,1614
2026-02-25 07:15:00+00:00,5188.798,5190.505,5182.03,5189.223,1588
2026-02-25 07:30:00+00:00,5189.105,5190.514,5185.668,5185.983,1370
2026-02-25 07:45:00+00:00,5186.349,5189.02,5180.39,5184.692,1586
2026-02-25 08:00:00+00:00,5184.797,5190.079,5184.797,5187.353,1781
2026-02-25 08:15:00+00:00,5187.278,5193.933,5186.903,5193.256,1617
2026-02-25 08:30:00+00:00,5193.27,5197.222,5191.158,5191.904,1630
2026-02-25 08:45:00+00:00,5192.362,5192.362,5184.045,5185.544,1568
2026-02-25 09:00:00+00:00,5185.455,5188.014,5176.193,5183.735,2449
2026-02-25 09:15:00+00:00,5183.737,5188.252,5181.547,5186.797,1767
2026-02-25 09:30:00+00:00,5186.55,5193.51,5185.619,5190.974,1572
2026-02-25 09:45:00+00:00,5191.052,5194.523,5187.795,5192.891,1517
2026-02-25 10:00:00+00:00,5192.98,5194.948,5182.936,5184.795,1453
2026-02-25 10:15:00+00:00,5184.802,5184.919,5172.089,5175.302,2559
2026-02-25 10:30:00+00:00,5175.223,5180.762,5169.723,5176.978,2301
2026-02-25 10:45:00+00:00,5176.974,5177.342,5172.39,5175.22,1230
2026-02-25 11:00:00+00:00,5175.122,5175.98,5162.362,5163.943,2471
2026-02-25 11:15:00+00:00,5163.934,5169.164,5154.789,5168.459,2602
2026-02-25 11:30:00+00:00,5168.452,5173.923,5166.71,5172.988,1742
2026-02-25 11:45:00+00:00,5172.91,5182.596,5172.001,5181.628,1609
2026-02-25 12:00:00+00:00,5181.172,5183.064,5178.366,5181.701,1649
2026-02-25 12:15:00+00:00,5182.103,5187.307,5181.548,5183.735,1619
2026-02-25 12:30:00+00:00,5183.659,5186.364,5177.374,5184.483,1878
2026-02-25 12:45:00+00:00,5184.963,5185.559,5178.816,5182.93,1470
2026-02-25 13:00:00+00:00,5182.473,5189.85,5181.07,5187.171,2686
2026-02-25 13:15:00+00:00,5186.859,5191.318,5185.753,5187.688,2081
2026-02-25 13:30:00+00:00,5188.039,5191.302,5181.821,5186.978,2220
2026-02-25 13:45:00+00:00,5187.136,5190.934,5183.898,5184.992,2379
2026-02-25 14:00:00+00:00,5184.892,5191.211,5183.528,5185.037,2295
2026-02-25 14:15:00+00:00,5185.117,5185.932,5174.567,5177.556,2781
2026-02-25 14:30:00+00:00,5177.476,5181.195,5158.674,5175.08,7480
2026-02-25 14:45:00+00:00,5175.005,5193.286,5175.004,5190.937,3511
2026-02-25 15:00:00+00:00,5190.858,5202.608,5189.938,5193.091,4127
2026-02-25 15:15:00+00:00,5192.925,5195.667,5173.597,5180.276,4168
2026-02-25 15:30:00+00:00,5180.364,5192.904,5172.099,5190.546,3037
2026-02-25 15:45:00+00:00,5190.621,5198.267,5186.281,5194.997,2826
2026-02-25 16:00:00+00:00,5194.91,5198.657,5189.565,5192.572,2780
2026-02-25 16:15:00+00:00,5192.646,5206.062,5191.513,5202.791,2321
2026-02-25 16:30:00+00:00,5202.715,5207.555,5198.82,5207.227,2148
2026-02-25 16:45:00+00:00,5207.128,5213.957,5206.624,5211.907,2468
2026-02-25 17:00:00+00:00,5211.811,5217.601,5207.559,5214.812,2264
2026-02-25 17:15:00+00:00,5214.866,5216.007,5211.236,5213.024,2073
2026-02-25 17:30:00+00:00,5213.122,5214.5,5208.309,5208.576,2002
2026-02-25 17:45:00+00:00,5208.664,5210.712,5203.478,5207.044,1988
2026-02-25 18:00:00+00:00,5206.966,5207.702,5206.648,5207.222,838
2026-02-25 18:15:00+00:00,5206.849,5207.666,5206.437,5206.909,795
2026-02-25 18:30:00+00:00,5207.164,5207.534,5204.462,5205.564,767
2026-02-25 18:45:00+00:00,5205.39,5205.751,5200.07,5202.215,999
2026-02-25 19:00:00+00:00,5202.305,5207.697,5191.395,5206.915,2281
2026-02-25 19:15:00+00:00,5206.853,5206.859,5193.664,5202.041,2441
2026-02-25 19:30:00+00:00,5202.121,5206.925,5199.408,5204.65,3044
2026-02-25 19:45:00+00:00,5204.065,5208.241,5199.718,5205.148,4559
2026-02-25 20:00:00+00:00,5204.691,5206.326,5195.204,5195.592,2892
2026-02-25 20:15:00+00:00,5195.681,5196.6,5182.777,5186.21,3532
2026-02-25 20:30:00+00:00,5186.287,5190.524,5176.906,5181.144,3296
2026-02-25 20:45:00+00:00,5181.521,5181.61,5145.693,5152.023,6768
2026-02-25 21:00:00+00:00,5152.107,5165.411,5150.041,5161.554,3977
2026-02-25 21:15:00+00:00,5161.696,5173.23,5160.603,5169.175,2357
2026-02-25 21:30:00+00:00,5169.253,5173.606,5166.314,5170.368,1928
2026-02-25 21:45:00+00:00,5170.368,5171.525,5163.212,5169.234,1744
2026-02-25 23:00:00+00:00,5164.994,5181.756,5164.994,5168.68,1874
2026-02-25 23:15:00+00:00,5168.646,5179.725,5163.207,5169.788,1874
2026-02-25 23:30:00+00:00,5170.16,5174.417,5163.275,5172.707,1834
2026-02-25 23:45:00+00:00,5172.377,5178.55,5161.553,5163.182,2851
2026-02-26 00:00:00+00:00,5163.276,5169.455,5155.169,5167.862,4079
2026-02-26 00:15:00+00:00,5167.823,5186.276,5167.514,5185.314,3024
2026-02-26 00:30:00+00:00,5185.04,5189.322,5181.094,5188.244,2742
2026-02-26 00:45:00+00:00,5188.28,5191.86,5184.877,5188.047,2355
2026-02-26 01:00:00+00:00,5187.961,5198.283,5182.432,5187.713,5942
2026-02-26 01:15:00+00:00,5187.734,5194.991,5178.677,5180.675,3574
2026-02-26 01:30:00+00:00,5180.599,5192.166,5178.575,5189.576,3422
2026-02-26 01:45:00+00:00,5189.654,5193.912,5185.046,5191.705,3078
2026-02-26 02:00:00+00:00,5191.311,5195.591,5182.293,5182.954,2619
2026-02-26 02:15:00+00:00,5183.029,5189.761,5180.623,5180.987,2030
2026-02-26 02:30:00+00:00,5181.059,5183.919,5174.052,5176.334,3460
2026-02-26 02:45:00+00:00,5176.43,5186.363,5176.43,5184.405,2252
2026-02-26 03:00:00+00:00,5184.102,5187.924,5183.014,5186.869,1937
2026-02-26 03:15:00+00:00,5187.28,5193.749,5185.445,5188.424,2317
2026-02-26 03:30:00+00:00,5188.384,5189.891,5185.916,5186.145,1196
2026-02-26 03:45:00+00:00,5186.403,5192.79,5183.978,5192.733,1449
2026-02-26 04:00:00+00:00,5192.365,5199.382,5192.172,5196.589,1432
2026-02-26 04:15:00+00:00,5196.664,5197.131,5191.47,5194.279,1289
2026-02-26 04:30:00+00:00,5194.309,5195.522,5192.58,5194.177,1073
2026-02-26 04:45:00+00:00,5194.175,5194.874,5190.605,5192.773,1197
2026-02-26 05:00:00+00:00,5192.471,5199.642,5189.673,5197.753,1395
2026-02-26 05:15:00+00:00,5198.209,5205.645,5196.319,5200.442,1686
2026-02-26 05:30:00+00:00,5200.496,5203.308,5196.053,5199.73,2084
2026-02-26 05:45:00+00:00,5199.68,5200.03,5191.485,5197.973,1953
2026-02-26 06:00:00+00:00,5198.048,5199.573,5193.433,5197.83,1695
2026-02-26 06:15:00+00:00,5198.075,5198.371,5192.665,5193.738,1687
2026-02-26 06:30:00+00:00,5193.773,5198.761,5193.683,5196.271,1725
2026-02-26 06:45:00+00:00,5196.279,5197.149,5190.17,5192.92,1798
2026-02-26 07:00:00+00:00,5192.995,5194.499,5182.348,5187.3,2137
2026-02-26 07:15:00+00:00,5187.308,5190.609,5181.835,5185.105,1943
2026-02-26 07:30:00+00:00,5185.064,5189.551,5184.465,5186.508,1576
2026-02-26 07:45:00+00:00,5186.512,5188.023,5179.55,5185.817,1744
2026-02-26 08:00:00+00:00,5186.145,5190.884,5179.234,5189.104,2460
2026-02-26 08:15:00+00:00,5189.069,5190.642,5175.297,5177.126,2420
2026-02-26 08:30:00+00:00,5177.073,5180.525,5170.233,5174.243,3192
2026-02-26 08:45:00+00:00,5174.217,5182.026,5167.563,5178.978,2578
2026-02-26 09:00:00+00:00,5179.265,5182.373,5173.672,5181.373,2086
2026-02-26 09:15:00+00:00,5181.57,5182.302,5174.66,5180.889,1687
2026-02-26 09:30:00+00:00,5180.921,5183.759,5179.054,5181.609,1660
2026-02-26 09:45:00+00:00,5181.618,5189.391,5181.424,5186.36,1609
2026-02-26 10:00:00+00:00,5186.436,5190.084,5185.417,5187.984,1136
2026-02-26 10:15:00+00:00,5187.528,5188.685,5178.652,5179.318,1777
2026-02-26 10:30:00+00:00,5179.242,5179.46,5171.682,5171.916,2255
2026-02-26 10:45:00+00:00,5172.154,5175.24,5165.711,5171.223,2189
2026-02-26 11:00:00+00:00,5171.166,5178.145,5169.165,5175.583,2055
2026-02-26 11:15:00+00:00,5175.88,5176.13,5170.912,5171.943,1594
2026-02-26 11:30:00+00:00,5171.921,5175.121,5171.554,5174.217,1379
2026-02-26 11:45:00+00:00,5174.128,5174.268,5161.111,5164.435,1955
2026-02-26 12:00:00+00:00,5164.757,5169.985,5157.694,5168.119,2772
2026-02-26 12:15:00+00:00,5168.038,5180.232,5165.757,5178.518,2096
2026-02-26 12:30:00+00:00,5178.351,5187.807,5177.484,5187.378,1876
2026-02-26 12:45:00+00:00,5187.416,5187.732,5179.382,5183.883,1556
2026-02-26 13:00:00+00:00,5183.983,5185.484,5168.175,5173.722,3832
2026-02-26 13:15:00+00:00,5173.797,5178.697,5171.125,5174.966,2856
2026-02-26 13:30:00+00:00,5174.504,5177.395,5164.119,5165.304,3051
2026-02-26 13:45:00+00:00,5165.223,5171.54,5164.445,5166.408,2405
2026-02-26 14:00:00+00:00,5166.328,5170.172,5160.059,5166.015,3096
2026-02-26 14:15:00+00:00,5166.123,5172.545,5163.434,5170.099,2309
2026-02-26 14:30:00+00:00,5170.025,5174.838,5139.633,5172.076,11428
2026-02-26 14:45:00+00:00,5172.556,5176.236,5163.622,5164.845,7928
2026-02-26 15:00:00+00:00,5164.765,5172.088,5158.525,5162.511,6771
2026-02-26 15:15:00+00:00,5162.589,5163.444,5130.538,5141.796,9679
2026-02-26 15:30:00+00:00,5141.339,5176.595,5140.459,5175.384,7687
2026-02-26 15:45:00+00:00,5175.459,5192.771,5175.065,5185.288,5298
2026-02-26 16:00:00+00:00,5185.762,5187.055,5172.69,5176.641,4316
2026-02-26 16:15:00+00:00,5176.782,5184.768,5173.432,5180.381,3758
2026-02-26 16:30:00+00:00,5180.299,5186.274,5178.039,5183.347,3321
2026-02-26 16:45:00+00:00,5183.25,5185.372,5175.217,5179.746,3377
2026-02-26 17:00:00+00:00,5179.819,5190.398,5178.175,5179.5,2880
2026-02-26 17:15:00+00:00,5179.954,5181.661,5173.398,5174.393,2727
2026-02-26 17:30:00+00:00,5174.469,5177.802,5171.766,5174.829,2876
2026-02-26 17:45:00+00:00,5174.889,5175.397,5161.818,5166.982,3704
2026-02-26 18:00:00+00:00,5167.026,5173.396,5163.582,5173.139,3124
2026-02-26 18:15:00+00:00,5173.05,5178.106,5171.605,5176.924,2658
2026-02-26 18:30:00+00:00,5177.016,5182.546,5160.418,5180.865,4467
2026-02-26 18:45:00+00:00,5180.952,5185.868,5178.421,5180.518,2121
2026-02-26 19:00:00+00:00,5180.596,5188.21,5179.479,5186.598,2179
2026-02-26 19:15:00+00:00,5186.594,5189.088,5184.459,5185.369,1734
2026-02-26 19:30:00+00:00,5185.444,5190.974,5183.186,5186.049,1826
2026-02-26 19:45:00+00:00,5186.027,5194.022,5186.027,5187.123,1991
2026-02-26 20:00:00+00:00,5187.041,5197.862,5186.837,5196.671,1670
2026-02-26 20:15:00+00:00,5196.64,5197.935,5191.732,5193.851,1879
2026-02-26 20:30:00+00:00,5193.645,5199.365,5190.595,5198.137,1760
2026-02-26 20:45:00+00:00,5198.211,5200.917,5189.247,5196.162,2340
2026-02-26 21:00:00+00:00,5196.592,5200.422,5196.145,5196.7,1305
2026-02-26 21:15:00+00:00,5196.625,5197.07,5184.828,5185.984,1567
2026-02-26 21:30:00+00:00,5186.078,5191.19,5184.158,5189.954,1063
2026-02-26 21:45:00+00:00,5189.874,5189.874,5182.97,5185.057,1056
2026-02-26 23:00:00+00:00,5187.973,5188.274,5175.312,5184.125,1871
2026-02-26 23:15:00+00:00,5183.938,5187.303,5181.496,5183.641,1030
2026-02-26 23:30:00+00:00,5183.756,5189.206,5181.568,5185.816,1337
2026-02-26 23:45:00+00:00,5185.734,5188.321,5182.365,5184.468,1123
2026-02-27 00:00:00+00:00,5184.437,5186.553,5178.907,5185.588,2078
2026-02-27 00:15:00+00:00,5185.515,5195.037,5184.948,5188.131,1799
2026-02-27 00:30:00+00:00,5188.206,5189.849,5169.95,5175.194,2902
2026-02-27 00:45:00+00:00,5174.941,5177.379,5171.639,5174.647,2159
2026-02-27 01:00:00+00:00,5174.742,5178.647,5166.6,5176.254,4379
2026-02-27 01:15:00+00:00,5176.607,5179.829,5174.497,5174.898,2337
2026-02-27 01:30:00+00:00,5174.513,5191.232,5172.734,5188.299,2620
2026-02-27 01:45:00+00:00,5188.22,5194.134,5187.287,5193.836,2381
2026-02-27 02:00:00+00:00,5193.912,5199.856,5191.941,5194.477,2843
2026-02-27 02:15:00+00:00,5194.552,5194.98,5183.662,5184.27,1933
2026-02-27 02:30:00+00:00,5184.363,5186.328,5174.125,5181.434,3446
2026-02-27 02:45:00+00:00,5181.132,5183.993,5173.344,5183.362,2174
2026-02-27 03:00:00+00:00,5183.273,5185.051,5180.945,5182.62,1946
2026-02-27 03:15:00+00:00,5182.878,5188.174,5181.421,5186.538,1778
2026-02-27 03:30:00+00:00,5186.623,5189.09,5183.412,5186.864,1437
2026-02-27 03:45:00+00:00,5186.864,5190.409,5183.911,5184.125,1439
2026-02-27 04:00:00+00:00,5184.028,5187.626,5183.358,5186.36,1136
2026-02-27 04:15:00+00:00,5186.389,5188.768,5181.824,5187.038,1131
2026-02-27 04:30:00+00:00,5186.854,5188.597,5185.018,5187.087,990
2026-02-27 04:45:00+00:00,5187.314,5187.414,5180.622,5181.76,1125
2026-02-27 05:00:00+00:00,5181.732,5187.644,5181.265,5187.123,1124
2026-02-27 05:15:00+00:00,5187.117,5194.537,5185.495,5194.482,1260
2026-02-27 05:30:00+00:00,5194.408,5197.405,5190.293,5192.246,2329
2026-02-27 05:45:00+00:00,5192.409,5200.672,5190.677,5197.591,1810
2026-02-27 06:00:00+00:00,5197.806,5198.391,5193.145,5196.736,1923
2026-02-27 06:15:00+00:00,5196.738,5198.989,5192.363,5193.451,1875
2026-02-27 06:30:00+00:00,5193.483,5196.245,5191.552,5193.676,1962
2026-02-27 06:45:00+00:00,5193.754,5194.014,5184.896,5185.763,2081
2026-02-27 07:00:00+00:00,5185.685,5189.943,5180.967,5181.789,2411
2026-02-27 07:15:00+00:00,5181.688,5185.332,5177.273,5178.75,2385
2026-02-27 07:30:00+00:00,5178.798,5182.85,5175.532,5180.425,1639
2026-02-27 07:45:00+00:00,5180.507,5182.656,5176.078,5176.152,1887
2026-02-27 08:00:00+00:00,5175.852,5182.067,5175.852,5178.593,1819
2026-02-27 08:15:00+00:00,5178.671,5179.738,5174.033,5177.649,1819
2026-02-27 08:30:00+00:00,5177.641,5182.252,5176.819,5180.415,1597
2026-02-27 08:45:00+00:00,5180.362,5181.948,5176.478,5178.864,1359
2026-02-27 09:00:00+00:00,5178.978,5181.413,5175.044,5178.225,1527
2026-02-27 09:15:00+00:00,5178.244,5182.262,5176.71,5179.088,1426
2026-02-27 09:30:00+00:00,5179.028,5181.735,5177.517,5180.954,1280
2026-02-27 09:45:00+00:00,5180.825,5182.653,5172.107,5175.737,2140
2026-02-27 10:00:00+00:00,5175.812,5176.8,5168.364,5174.198,1867
2026-02-27 10:15:00+00:00,5174.113,5181.003,5171.906,5173.568,1745
2026-02-27 10:30:00+00:00,5173.476,5176.117,5169.035,5175.848,1833
2026-02-27 10:45:00+00:00,5176.233,5178.685,5175.244,5177.681,1229
2026-02-27 11:00:00+00:00,5177.344,5178.217,5173.148,5174.086,1195
2026-02-27 11:15:00+00:00,5173.982,5178.789,5172.335,5177.444,1307
2026-02-27 11:30:00+00:00,5177.807,5180.237,5176.551,5177.503,1238
2026-02-27 11:45:00+00:00,5177.796,5185.354,5177.649,5185.354,1230
2026-02-27 12:00:00+00:00,5185.429,5190.34,5185.034,5185.651,1874
2026-02-27 12:15:00+00:00,5185.73,5189.693,5184.964,5186.495,1640
2026-02-27 12:30:00+00:00,5186.948,5188.152,5183.829,5185.041,1687
2026-02-27 12:45:00+00:00,5184.968,5188.699,5182.863,5187.314,1610
2026-02-27 13:00:00+00:00,5187.768,5215.081,5186.876,5212.691,4942
2026-02-27 13:15:00+00:00,5212.78,5240.574,5212.367,5234.762,5686
2026-02-27 13:30:00+00:00,5234.744,5235.93,5207.55,5216.69,6414
2026-02-27 13:45:00+00:00,5216.767,5226.066,5210.893,5223.255,4565
2026-02-27 14:00:00+00:00,5223.181,5230.208,5217.217,5226.33,3940
2026-02-27 14:15:00+00:00,5226.425,5236.071,5223.542,5231.292,3472
2026-02-27 14:30:00+00:00,5231.497,5233.929,5213.575,5225.322,7961
2026-02-27 14:45:00+00:00,5225.105,5229.284,5215.847,5223.819,6015
2026-02-27 15:00:00+00:00,5223.895,5240.108,5219.732,5237.68,5080
2026-02-27 15:15:00+00:00,5237.927,5240.179,5214.953,5231.233,5817
2026-02-27 15:30:00+00:00,5231.157,5235.922,5226.956,5230.799,3726
2026-02-27 15:45:00+00:00,5230.981,5246.542,5229.772,5239.416,4013
2026-02-27 16:00:00+00:00,5239.496,5255.8,5234.195,5253.596,4484
2026-02-27 16:15:00+00:00,5253.521,5257.649,5221.866,5234.397,6067
2026-02-27 16:30:00+00:00,5233.994,5238.415,5229.083,5235.35,4707
2026-02-27 16:45:00+00:00,5235.63,5238.128,5228.615,5229.163,3670
2026-02-27 17:00:00+00:00,5229.242,5235.855,5226.041,5231.089,3398
2026-02-27 17:15:00+00:00,5231.004,5232.339,5223.313,5228.93,3236
2026-02-27 17:30:00+00:00,5228.83,5236.681,5220.496,5234.744,4286
2026-02-27 17:45:00+00:00,5234.371,5236.97,5232.146,5234.4,2549
2026-02-27 18:00:00+00:00,5234.475,5238.351,5233.377,5233.677,2228
2026-02-27 18:15:00+00:00,5233.601,5234.476,5222.694,5230.235,3550
2026-02-27 18:30:00+00:00,5230.321,5239.98,5226.743,5239.458,2827
2026-02-27 18:45:00+00:00,5239.383,5247.056,5238.535,5245.048,2306
2026-02-27 19:00:00+00:00,5245.033,5250.952,5240.246,5246.867,2206
2026-02-27 19:15:00+00:00,5246.947,5252.18,5245.019,5247.708,2067
2026-02-27 19:30:00+00:00,5247.786,5250.954,5243.463,5246.382,1974
2026-02-27 19:45:00+00:00,5246.327,5251.444,5245.258,5250.137,1864
2026-02-27 20:00:00+00:00,5250.212,5252.335,5248.503,5251.319,1695
2026-02-27 20:15:00+00:00,5251.244,5262.28,5251.244,5256.794,2001
2026-02-27 20:30:00+00:00,5256.912,5263.272,5254.447,5260.026,2162
2026-02-27 20:45:00+00:00,5260.103,5265.572,5259.544,5263.149,2822
2026-02-27 21:00:00+00:00,5263.252,5264.018,5257.864,5259.918,1505
2026-02-27 21:15:00+00:00,5259.463,5263.588,5257.147,5262.306,1152
2026-02-27 21:30:00+00:00,5262.044,5276.413,5260.552,5274.235,1729
2026-02-27 21:45:00+00:00,5274.253,5281.384,5272.026,5279.159,2494
2026-03-01 23:00:00+00:00,5319.152,5357.806,5314.624,5347.955,3034
2026-03-01 23:15:00+00:00,5347.761,5358.761,5343.813,5355.407,4491
2026-03-01 23:30:00+00:00,5355.23,5393.461,5353.617,5381.821,4866
2026-03-01 23:45:00+00:00,5382.174,5390.536,5373.725,5386.625,4265
2026-03-02 00:00:00+00:00,5386.841,5388.309,5363.977,5376.203,7682
2026-03-02 00:15:00+00:00,5375.914,5376.3,5349.002,5364.466,6334
2026-03-02 00:30:00+00:00,5364.628,5373.457,5359.196,5365.636,4320
2026-03-02 00:45:00+00:00,5365.618,5366.563,5340.748,5347.463,5484
2026-03-02 01:00:00+00:00,5347.53,5347.53,5315.668,5340.478,14672
2026-03-02 01:15:00+00:00,5340.336,5345.834,5303.001,5307.968,9642
2026-03-02 01:30:00+00:00,5307.34,5339.083,5305.069,5334.165,8868
2026-03-02 01:45:00+00:00,5334.044,5338.096,5321.654,5325.026,6482
2026-03-02 02:00:00+00:00,5324.947,5335.404,5316.832,5328.193,5655
2026-03-02 02:15:00+00:00,5328.274,5336.311,5326.094,5331.242,3543
2026-03-02 02:30:00+00:00,5331.147,5352.048,5328.584,5350.934,4282
2026-03-02 02:45:00+00:00,5350.846,5351.805,5340.544,5346.113,3436
2026-03-02 03:00:00+00:00,5346.355,5357.692,5344.298,5354.843,3235
2026-03-02 03:15:00+00:00,5354.858,5359.593,5349.837,5355.759,2914
2026-03-02 03:30:00+00:00,5355.788,5364.758,5353.909,5362.191,2578
2026-03-02 03:45:00+00:00,5362.051,5366.7,5359.634,5366.264,1689
2026-03-02 04:00:00+00:00,5366.257,5367.198,5355.482,5356.223,2382
2026-03-02 04:15:00+00:00,5356.178,5365.88,5355.998,5363.125,1938
2026-03-02 04:30:00+00:00,5363.516,5364.5,5345.394,5353.975,3043
2026-03-02 04:45:00+00:00,5353.805,5358.326,5350.421,5356.086,1659
2026-03-02 05:00:00+00:00,5356.139,5356.139,5345.81,5350.192,2602
2026-03-02 05:15:00+00:00,5350.192,5354.085,5340.633,5350.572,2192
2026-03-02 05:30:00+00:00,5350.654,5363.429,5348.961,5360.305,3143
2026-03-02 05:45:00+00:00,5360.76,5366.321,5359.085,5365.922,2281
2026-03-02 06:00:00+00:00,5365.844,5379.977,5363.568,5374.814,3107
2026-03-02 06:15:00+00:00,5375.328,5382.162,5373.566,5380.675,2305
2026-03-02 06:30:00+00:00,5380.762,5383.288,5374.383,5375.652,3504
2026-03-02 06:45:00+00:00,5375.732,5389.872,5375.712,5387.418,2989
2026-03-02 07:00:00+00:00,5387.679,5406.941,5384.97,5406.011,4782
2026-03-02 07:15:00+00:00,5405.715,5419.292,5404.208,5408.705,3771
2026-03-02 07:30:00+00:00,5408.598,5411.524,5401.654,5403.248,3566
2026-03-02 07:45:00+00:00,5403.161,5414.262,5402.501,5407.701,3239
2026-03-02 08:00:00+00:00,5407.622,5412.834,5402.915,5409.842,4515
2026-03-02 08:15:00+00:00,5409.929,5415.725,5402.175,5415.221,3153
2026-03-02 08:30:00+00:00,5415.224,5416.676,5396.638,5401.831,3089
2026-03-02 08:45:00+00:00,5401.747,5411.119,5391.27,5393.814,3103
2026-03-02 09:00:00+00:00,5394.105,5399.731,5389.646,5394.784,3671
2026-03-02 09:15:00+00:00,5394.869,5398.675,5385.59,5394.407,2669
2026-03-02 09:30:00+00:00,5394.373,5402.676,5394.058,5396.932,2326
2026-03-02 09:45:00+00:00,5396.85,5397.521,5386.969,5391.785,2571
2026-03-02 10:00:00+00:00,5392.266,5394.566,5378.962,5390.53,3470
2026-03-02 10:15:00+00:00,5390.53,5392.559,5383.528,5390.067,2426
2026-03-02 10:30:00+00:00,5389.721,5400.494,5386.539,5400.138,2884
2026-03-02 10:45:00+00:00,5400.224,5400.802,5381.599,5389.016,2808
2026-03-02 11:00:00+00:00,5389.095,5394.652,5381.958,5388.309,2199
2026-03-02 11:15:00+00:00,5388.217,5397.003,5387.568,5390.523,2291
2026-03-02 11:30:00+00:00,5390.44,5399.647,5388.637,5389.234,2037
2026-03-02 11:45:00+00:00,5389.258,5389.929,5374.929,5385.06,3813
2026-03-02 12:00:00+00:00,5385.145,5398.07,5378.632,5391.617,3506
2026-03-02 12:15:00+00:00,5391.697,5395.564,5384.708,5393.688,2334
2026-03-02 12:30:00+00:00,5394.15,5398.841,5388.668,5396.259,2278
2026-03-02 12:45:00+00:00,5396.162,5398.614,5385.168,5396.773,2483
2026-03-02 13:00:00+00:00,5396.852,5410.275,5381.799,5384.468,6596
2026-03-02 13:15:00+00:00,5384.389,5409.231,5382.23,5401.75,6002
2026-03-02 13:30:00+00:00,5401.827,5416.672,5392.207,5393.162,5923
2026-03-02 13:45:00+00:00,5393.084,5398.1,5388.975,5394.083,4237
2026-03-02 14:00:00+00:00,5393.999,5395.295,5363.057,5375.05,7497
2026-03-02 14:15:00+00:00,5375.128,5376.84,5306.81,5333.133,15207
2026-03-02 14:30:00+00:00,5333.052,5355.64,5306.381,5347.602,18558
2026-03-02 14:45:00+00:00,5347.546,5351.6,5320.794,5333.758,12568
2026-03-02 15:00:00+00:00,5333.425,5346.804,5310.635,5333.555,11613
2026-03-02 15:15:00+00:00,5333.85,5338.861,5317.211,5331.148,9638
2026-03-02 15:30:00+00:00,5331.067,5348.941,5329.727,5342.446,6711
2026-03-02 15:45:00+00:00,5342.322,5345.168,5308.042,5316.11,8010
2026-03-02 16:00:00+00:00,5316.025,5316.025,5260.137,5300.739,18566
2026-03-02 16:15:00+00:00,5300.649,5314.315,5281.715,5309.561,9237
2026-03-02 16:30:00+00:00,5310.015,5311.969,5282.248,5301.566,8815
2026-03-02 16:45:00+00:00,5301.725,5306.043,5289.197,5290.289,7901
2026-03-02 17:00:00+00:00,5290.382,5309.728,5286.665,5298.632,7295
2026-03-02 17:15:00+00:00,5298.683,5312.158,5291.991,5304.603,5269
2026-03-02 17:30:00+00:00,5304.685,5320.787,5303.358,5304.527,4438
2026-03-02 17:45:00+00:00,5304.449,5310.998,5297.808,5306.361,4183
2026-03-02 18:00:00+00:00,5306.825,5307.913,5289.288,5295.153,4119
2026-03-02 18:15:00+00:00,5295.272,5305.703,5293.404,5297.673,4192
2026-03-02 18:30:00+00:00,5297.578,5303.232,5291.031,5302.938,2933
2026-03-02 18:45:00+00:00,5302.911,5316.701,5301.898,5315.258,2562
2026-03-02 19:00:00+00:00,5315.273,5332.998,5313.718,5330.32,3122
2026-03-02 19:15:00+00:00,5330.4,5332.91,5318.649,5330.582,2744
2026-03-02 19:30:00+00:00,5330.637,5334.073,5324.43,5325.198,2152
2026-03-02 19:45:00+00:00,5325.119,5332.087,5322.991,5330.573,2118
2026-03-02 20:00:00+00:00,5330.662,5346.262,5328.215,5337.568,4720
2026-03-02 20:15:00+00:00,5337.483,5346.222,5328.462,5333.643,5666
2026-03-02 20:30:00+00:00,5333.727,5344.848,5331.93,5342.083,3409
2026-03-02 20:45:00+00:00,5342.16,5342.27,5330.768,5332.482,4401
2026-03-02 21:00:00+00:00,5332.643,5339.709,5331.265,5335.487,2338
2026-03-02 21:15:00+00:00,5335.478,5340.493,5330.953,5332.48,1545
2026-03-02 21:30:00+00:00,5332.48,5332.659,5325.807,5330.899,1992
2026-03-02 21:45:00+00:00,5330.781,5330.928,5321.562,5322.016,1365
2026-03-02 23:00:00+00:00,5332.709,5347.077,5330.845,5338.316,1740
2026-03-02 23:15:00+00:00,5338.379,5341.449,5329.125,5336.369,1327
2026-03-02 23:30:00+00:00,5336.789,5336.896,5330.336,5330.877,1094
2026-03-02 23:45:00+00:00,5330.877,5346.397,5330.279,5345.667,1374
2026-03-03 00:00:00+00:00,5345.672,5349.507,5337.056,5348.333,1843
2026-03-03 00:15:00+00:00,5348.301,5359.015,5348.021,5357.681,2455
2026-03-03 00:30:00+00:00,5357.769,5362.095,5348.328,5355.079,2362
2026-03-03 00:45:00+00:00,5354.793,5359.354,5346.043,5350.363,2471
2026-03-03 01:00:00+00:00,5350.531,5371.945,5346.611,5367.962,4534
2026-03-03 01:15:00+00:00,5367.878,5379.859,5365.787,5377.362,3359
2026-03-03 01:30:00+00:00,5377.073,5378.254,5363.907,5364.559,3450
2026-03-03 01:45:00+00:00,5364.476,5365.432,5337.779,5339.264,8022
2026-03-03 02:00:00+00:00,5339.332,5356.984,5332.434,5350.013,6494
2026-03-03 02:15:00+00:00,5349.7,5359.568,5344.31,5358.664,3650
2026-03-03 02:30:00+00:00,5358.747,5365.354,5355.517,5360.965,3851
2026-03-03 02:45:00+00:00,5360.692,5368.128,5358.779,5367.068,2848
2026-03-03 03:00:00+00:00,5367.172,5371.368,5364.612,5366.799,2430
2026-03-03 03:15:00+00:00,5366.52,5373.693,5363.692,5367.474,2532
2026-03-03 03:30:00+00:00,5367.017,5370.855,5365.288,5368.848,1623
2026-03-03 03:45:00+00:00,5368.991,5369.912,5359.166,5367.112,1752
2026-03-03 04:00:00+00:00,5367.203,5367.924,5359.51,5361.861,1869
2026-03-03 04:15:00+00:00,5361.838,5375.551,5359.179,5372.098,1875
2026-03-03 04:30:00+00:00,5372.112,5375.748,5367.403,5369.779,1684
2026-03-03 04:45:00+00:00,5369.796,5370.195,5360.615,5361.303,2518
2026-03-03 05:00:00+00:00,5361.22,5366.977,5354.755,5362.355,2750
2026-03-03 05:15:00+00:00,5362.433,5364.389,5352.851,5358.794,2451
2026-03-03 05:30:00+00:00,5358.716,5359.42,5334.013,5345.206,5415
2026-03-03 05:45:00+00:00,5345.122,5346.705,5304.818,5318.862,7921
2026-03-03 06:00:00+00:00,5318.961,5323.109,5278.941,5289.493,8291
2026-03-03 06:15:00+00:00,5289.581,5319.335,5288.029,5316.465,5800
2026-03-03 06:30:00+00:00,5316.384,5319.44,5295.727,5310.303,5646
2026-03-03 06:45:00+00:00,5310.381,5315.116,5290.763,5310.602,4831
2026-03-03 07:00:00+00:00,5310.173,5318.279,5305.877,5314.675,3302
2026-03-03 07:15:00+00:00,5314.996,5320.184,5309.758,5313.533,3346
2026-03-03 07:30:00+00:00,5313.625,5328.151,5313.625,5326.147,2969
2026-03-03 07:45:00+00:00,5326.264,5331.306,5323.496,5327.44,3010
2026-03-03 08:00:00+00:00,5327.337,5335.637,5319.563,5319.911,3459
2026-03-03 08:15:00+00:00,5319.513,5328.383,5310.495,5312.29,3361
2026-03-03 08:30:00+00:00,5312.392,5313.486,5295.764,5305.004,4334
2026-03-03 08:45:00+00:00,5305.304,5311.159,5290.004,5295.397,4031
2026-03-03 09:00:00+00:00,5295.698,5303.496,5284.238,5296.409,5145
2026-03-03 09:15:00+00:00,5296.325,5302.684,5225.856,5242.31,10922
2026-03-03 09:30:00+00:00,5242.396,5270.888,5240.329,5263.951,9294
2026-03-03 09:45:00+00:00,5264.197,5281.022,5259.509,5274.66,5637
2026-03-03 10:00:00+00:00,5274.577,5287.908,5268.796,5272.585,4002
2026-03-03 10:15:00+00:00,5272.688,5281.107,5265.629,5276.613,3686
2026-03-03 10:30:00+00:00,5276.882,5276.891,5247.444,5260.57,6560
2026-03-03 10:45:00+00:00,5260.649,5260.728,5237.838,5248.514,8995
2026-03-03 11:00:00+00:00,5248.342,5264.032,5159.749,5199.003,17911
2026-03-03 11:15:00+00:00,5198.319,5209.123,5112.862,5126.907,19416
2026-03-03 11:30:00+00:00,5126.817,5143.521,5073.38,5124.507,26568
2026-03-03 11:45:00+00:00,5124.472,5157.423,5123.201,5144.675,13771
2026-03-03 12:00:00+00:00,5144.766,5192.823,5138.082,5192.43,13644
2026-03-03 12:15:00+00:00,5192.522,5208.622,5181.446,5204.185,8000
2026-03-03 12:30:00+00:00,5204.094,5212.201,5188.519,5202.816,7048
2026-03-03 12:45:00+00:00,5202.691,5226.681,5195.969,5224.319,7382
2026-03-03 13:00:00+00:00,5224.431,5224.431,5145.877,5164.23,21718
2026-03-03 13:15:00+00:00,5164.039,5184.507,5159.252,5178.096,11620
2026-03-03 13:30:00+00:00,5177.632,5185.994,5147.73,5156.318,9949
2026-03-03 13:45:00+00:00,5156.095,5159.306,5127.064,5156.391,9672
2026-03-03 14:00:00+00:00,5156.294,5175.609,5149.829,5165.16,9700
2026-03-03 14:15:00+00:00,5164.717,5166.662,5124.868,5145.717,10578
2026-03-03 14:30:00+00:00,5145.64,5145.64,5061.563,5071.48,26990
2026-03-03 14:45:00+00:00,5071.397,5076.46,5015.676,5038.278,31730
2026-03-03 15:00:00+00:00,5038.581,5070.385,5025.31,5039.777,26899
2026-03-03 15:15:00+00:00,5039.555,5053.353,4995.748,5043.755,19311
2026-03-03 15:30:00+00:00,5043.662,5070.412,5037.011,5061.837,14665
2026-03-03 15:45:00+00:00,5061.589,5096.969,5054.244,5095.315,13450
2026-03-03 16:00:00+00:00,5095.229,5122.774,5090.215,5107.749,11909
2026-03-03 16:15:00+00:00,5107.675,5126.073,5099.354,5112.71,11197
2026-03-03 16:30:00+00:00,5112.413,5134.818,5107.019,5111.56,12490
2026-03-03 16:45:00+00:00,5111.408,5115.713,5098.022,5106.492,10336
2026-03-03 17:00:00+00:00,5106.936,5107.626,5080.769,5098.009,11084
2026-03-03 17:15:00+00:00,5098.097,5109.727,5081.524,5083.571,7853
2026-03-03 17:30:00+00:00,5083.484,5086.189,5065.045,5078.846,8808
2026-03-03 17:45:00+00:00,5078.757,5084.486,5067.576,5078.91,7717
2026-03-03 18:00:00+00:00,5078.806,5103.988,5078.696,5103.027,7716
2026-03-03 18:15:00+00:00,5103.125,5117.394,5093.413,5112.402,6963
2026-03-03 18:30:00+00:00,5112.323,5137.177,5106.852,5133.081,7063
2026-03-03 18:45:00+00:00,5133.069,5138.371,5126.788,5136.138,5435
2026-03-03 19:00:00+00:00,5136.106,5148.958,5109.846,5112.449,6601
2026-03-03 19:15:00+00:00,5112.525,5121.029,5102.082,5106.79,5439
2026-03-03 19:30:00+00:00,5106.927,5118.817,5099.028,5118.786,7539
2026-03-03 19:45:00+00:00,5118.866,5128.543,5107.099,5113.353,6585
2026-03-03 20:00:00+00:00,5113.158,5127.144,5112.154,5119.131,6200
2026-03-03 20:15:00+00:00,5119.055,5130.289,5113.68,5123.251,5220
2026-03-03 20:30:00+00:00,5123.173,5126.301,5102.305,5111.257,4878
2026-03-03 20:45:00+00:00,5111.224,5113.155,5086.044,5097.176,7721
2026-03-03 21:00:00+00:00,5097.257,5110.15,5094.194,5098.802,2799
2026-03-03 21:15:00+00:00,5098.728,5101.46,5088.882,5089.534,7690
2026-03-03 21:30:00+00:00,5089.611,5096.197,5083.709,5091.935,1917
2026-03-03 21:45:00+00:00,5091.938,5093.609,5083.016,5090.441,2558
2026-03-03 23:00:00+00:00,5110.82,5118.311,5084.523,5117.265,3510
2026-03-03 23:15:00+00:00,5117.185,5128.06,5116.126,5126.335,2400
2026-03-03 23:30:00+00:00,5126.469,5128.397,5116.217,5125.38,2054
2026-03-03 23:45:00+00:00,5125.434,5129.753,5120.032,5125.035,1797
2026-03-04 00:00:00+00:00,5125.067,5126.315,5105.658,5115.75,4561
2026-03-04 00:15:00+00:00,5115.833,5128.821,5113.194,5125.007,3295
2026-03-04 00:30:00+00:00,5124.999,5137.326,5122.38,5132.47,2748
2026-03-04 00:45:00+00:00,5132.393,5140.465,5127.53,5138.647,3566
2026-03-04 01:00:00+00:00,5138.347,5162.687,5138.256,5159.796,7775
2026-03-04 01:15:00+00:00,5159.489,5164.416,5146.499,5147.199,6775
2026-03-04 01:30:00+00:00,5147.117,5163.64,5142.28,5162.966,7683
2026-03-04 01:45:00+00:00,5163.325,5178.624,5158.182,5174.615,5981
2026-03-04 02:00:00+00:00,5174.535,5190.894,5168.365,5189.846,4767
2026-03-04 02:15:00+00:00,5190.303,5190.303,5175.784,5177.79,3887
2026-03-04 02:30:00+00:00,5177.916,5180.116,5163.988,5179.949,4625
2026-03-04 02:45:00+00:00,5180.023,5181.016,5153.583,5155.918,5177
2026-03-04 03:00:00+00:00,5156.426,5160.155,5140.807,5156.108,5065
2026-03-04 03:15:00+00:00,5155.972,5168.018,5151.779,5162.277,3397
2026-03-04 03:30:00+00:00,5162.2,5167.705,5153.73,5162.764,4447
2026-03-04 03:45:00+00:00,5162.495,5177.717,5159.495,5174.302,3179
2026-03-04 04:00:00+00:00,5174.5,5180.846,5171.837,5174.121,2550
2026-03-04 04:15:00+00:00,5174.201,5174.248,5162.922,5167.765,2664
2026-03-04 04:30:00+00:00,5167.863,5170.734,5151.99,5161.898,3548
2026-03-04 04:45:00+00:00,5161.745,5165.245,5154.571,5156.756,2642
2026-03-04 05:00:00+00:00,5156.843,5166.226,5152.015,5161.27,3372
2026-03-04 05:15:00+00:00,5161.292,5165.667,5152.893,5156.734,2875
2026-03-04 05:30:00+00:00,5156.555,5167.489,5155.133,5160.014,4036
2026-03-04 05:45:00+00:00,5159.972,5167.937,5153.96,5160.036,3969
2026-03-04 06:00:00+00:00,5159.96,5159.96,5121.644,5142.147,6339
2026-03-04 06:15:00+00:00,5141.679,5150.098,5128.536,5134.044,4660
2026-03-04 06:30:00+00:00,5134.445,5156.129,5132.463,5148.547,4312
2026-03-04 06:45:00+00:00,5148.425,5160.895,5146.771,5160.433,3594
2026-03-04 07:00:00+00:00,5160.325,5176.108,5158.134,5167.214,4291
2026-03-04 07:15:00+00:00,5167.627,5174.481,5163.58,5167.589,3185
2026-03-04 07:30:00+00:00,5167.668,5172.831,5163.58,5169.239,2339
2026-03-04 07:45:00+00:00,5169.659,5175.941,5168.1,5168.239,1991
2026-03-04 08:00:00+00:00,5168.332,5172.142,5147.264,5157.179,5292
2026-03-04 08:15:00+00:00,5157.264,5168.528,5152.295,5162.849,2985
2026-03-04 08:30:00+00:00,5162.933,5175.975,5161.585,5175.304,3327
2026-03-04 08:45:00+00:00,5175.388,5182.212,5166.069,5167.365,2914
2026-03-04 09:00:00+00:00,5167.28,5171.506,5159.374,5164.287,3885
2026-03-04 09:15:00+00:00,5164.053,5178.404,5162.039,5170.946,3101
2026-03-04 09:30:00+00:00,5170.859,5185.2,5168.828,5182.629,2266
2026-03-04 09:45:00+00:00,5182.705,5184.828,5176.101,5182.3,2844
2026-03-04 10:00:00+00:00,5182.333,5198.105,5182.162,5197.701,4062
2026-03-04 10:15:00+00:00,5197.825,5202.465,5186.751,5188.273,4181
2026-03-04 10:30:00+00:00,5188.358,5190.968,5179.294,5185.499,3227
2026-03-04 10:45:00+00:00,5185.52,5193.547,5181.668,5189.951,2442
2026-03-04 11:00:00+00:00,5189.874,5196.259,5187.621,5194.763,1979
2026-03-04 11:15:00+00:00,5194.768,5197.713,5190.084,5194.676,2042
2026-03-04 11:30:00+00:00,5194.693,5200.714,5190.82,5193.125,2249
2026-03-04 11:45:00+00:00,5192.87,5194.332,5187.335,5192.171,2079
2026-03-04 12:00:00+00:00,5192.098,5206.083,5191.937,5197.585,3349
2026-03-04 12:15:00+00:00,5197.653,5197.75,5173.969,5178.404,4403
2026-03-04 12:30:00+00:00,5178.227,5178.576,5156.184,5166.633,7454
2026-03-04 12:45:00+00:00,5166.598,5173.281,5159.459,5170.917,3147
2026-03-04 13:00:00+00:00,5170.991,5196.068,5170.79,5193.045,5211
2026-03-04 13:15:00+00:00,5193.277,5195.344,5179.363,5192.399,4105
2026-03-04 13:30:00+00:00,5192.11,5192.878,5181.721,5188.444,4426
2026-03-04 13:45:00+00:00,5188.139,5192.232,5167.631,5168.058,4900
2026-03-04 14:00:00+00:00,5168.133,5180.611,5163.641,5165.231,5437
2026-03-04 14:15:00+00:00,5165.167,5175.356,5159.69,5165.902,5749
2026-03-04 14:30:00+00:00,5165.98,5185.126,5162.866,5171.816,13047
2026-03-04 14:45:00+00:00,5171.695,5179.351,5138.473,5146.574,14584
2026-03-04 15:00:00+00:00,5147.252,5162.694,5130.834,5134.492,13689
2026-03-04 15:15:00+00:00,5134.392,5159.568,5132.391,5156.411,10545
2026-03-04 15:30:00+00:00,5156.301,5167.122,5137.443,5143.679,6565
2026-03-04 15:45:00+00:00,5144.041,5153.115,5132.954,5151.456,6290
2026-03-04 16:00:00+00:00,5151.572,5162.527,5143.316,5148.083,5623
2026-03-04 16:15:00+00:00,5148.163,5155.984,5138.025,5146.048,6327
2026-03-04 16:30:00+00:00,5146.101,5159.112,5143.663,5146.84,5532
2026-03-04 16:45:00+00:00,5146.939,5152.81,5142.607,5149.64,3640
2026-03-04 17:00:00+00:00,5149.574,5153.006,5142.703,5147.002,3273
2026-03-04 17:15:00+00:00,5147.18,5149.5,5119.965,5133.693,5493
2026-03-04 17:30:00+00:00,5133.83,5139.31,5128.249,5137.243,4687
2026-03-04 17:45:00+00:00,5137.149,5147.31,5135.305,5140.758,3390
2026-03-04 18:00:00+00:00,5140.886,5143.192,5116.87,5124.347,5770
2026-03-04 18:15:00+00:00,5124.426,5127.994,5110.866,5123.73,4757
2026-03-04 18:30:00+00:00,5124.015,5130.032,5108.599,5124.993,3833
2026-03-04 18:45:00+00:00,5124.919,5134.934,5123.231,5133.934,2412
2026-03-04 19:00:00+00:00,5134.113,5136.574,5126.007,5131.001,2091
2026-03-04 19:15:00+00:00,5131.376,5133.192,5124.387,5124.861,2171
2026-03-04 19:30:00+00:00,5124.784,5131.95,5123.433,5130.644,2892
2026-03-04 19:45:00+00:00,5130.72,5139.49,5129.329,5137.784,3346
2026-03-04 20:00:00+00:00,5137.709,5138.684,5126.817,5130.031,24441
2026-03-04 20:15:00+00:00,5129.782,5138.137,5123.429,5137.067,5572
2026-03-04 20:30:00+00:00,5137.143,5146.958,5136.823,5144.176,2082
2026-03-04 20:45:00+00:00,5144.085,5144.71,5132.688,5134.895,3573
2026-03-04 21:00:00+00:00,5134.585,5144.034,5133.887,5140.179,1787
2026-03-04 21:15:00+00:00,5140.104,5141.503,5136.13,5140.954,1256
2026-03-04 21:30:00+00:00,5141.031,5141.774,5129.407,5135.691,1421
2026-03-04 21:45:00+00:00,5135.591,5142.213,5134.818,5139.255,1032
2026-03-04 23:00:00+00:00,5149.146,5154.92,5144.75,5147.005,1440
2026-03-04 23:15:00+00:00,5146.92,5156.404,5146.107,5154.135,1046
2026-03-04 23:30:00+00:00,5154.663,5156.199,5148.685,5155.704,972
2026-03-04 23:45:00+00:00,5155.841,5166.098,5154.568,5164.941,1531
2026-03-05 00:00:00+00:00,5164.866,5172.869,5159.573,5171.205,1892
2026-03-05 00:15:00+00:00,5170.836,5179.746,5170.394,5173.573,1635
2026-03-05 00:30:00+00:00,5173.497,5176.786,5168.34,5171.581,1449
2026-03-05 00:45:00+00:00,5171.583,5177.385,5166.157,5172.247,2024
2026-03-05 01:00:00+00:00,5172.229,5186.648,5169.923,5176.674,3829
2026-03-05 01:15:00+00:00,5176.678,5182.378,5172.619,5177.28,3095
2026-03-05 01:30:00+00:00,5177.757,5179.105,5167.041,5172.653,4637
2026-03-05 01:45:00+00:00,5172.74,5180.176,5169.172,5172.644,3838
2026-03-05 02:00:00+00:00,5172.293,5181.705,5171.734,5178.862,3289
2026-03-05 02:15:00+00:00,5178.952,5188.218,5176.554,5183.835,2288
2026-03-05 02:30:00+00:00,5183.943,5187.26,5174.378,5175.5,2577
2026-03-05 02:45:00+00:00,5175.577,5192.471,5174.448,5192.178,2757
2026-03-05 03:00:00+00:00,5191.902,5195.043,5184.007,5185.955,2000
2026-03-05 03:15:00+00:00,5185.966,5191.156,5184.536,5185.165,1805
2026-03-05 03:30:00+00:00,5185.254,5190.642,5181.474,5188.334,1724
2026-03-05 03:45:00+00:00,5188.73,5190.96,5178.228,5180.021,1452
2026-03-05 04:00:00+00:00,5180.321,5185.846,5176.577,5183.761,1429
2026-03-05 04:15:00+00:00,5183.482,5186.793,5174.947,5178.175,1454
2026-03-05 04:30:00+00:00,5178.631,5179.941,5173.647,5174.501,1202
2026-03-05 04:45:00+00:00,5174.584,5175.757,5166.045,5171.476,1781
2026-03-05 05:00:00+00:00,5171.541,5176.464,5168.814,5175.372,1525
2026-03-05 05:15:00+00:00,5175.333,5176.643,5169.726,5172.207,1423
2026-03-05 05:30:00+00:00,5172.627,5174.137,5161.839,5166.064,2705
2026-03-05 05:45:00+00:00,5166.118,5169.344,5148.222,5148.707,2744
2026-03-05 06:00:00+00:00,5148.786,5155.265,5120.576,5132.635,6975
2026-03-05 06:15:00+00:00,5132.713,5143.952,5124.206,5142.845,3852
2026-03-05 06:30:00+00:00,5142.778,5156.739,5140.11,5150.714,3072
2026-03-05 06:45:00+00:00,5150.634,5168.576,5149.047,5167.395,2979
2026-03-05 07:00:00+00:00,5167.303,5172.912,5161.592,5162.079,2999
2026-03-05 07:15:00+00:00,5162.122,5167.887,5159.87,5166.366,2158
2026-03-05 07:30:00+00:00,5166.314,5166.894,5159.526,5160.479,2784
2026-03-05 07:45:00+00:00,5160.371,5165.929,5158.8,5162.026,2728
2026-03-05 08:00:00+00:00,5162.179,5162.505,5141.583,5141.583,3799
2026-03-05 08:15:00+00:00,5141.66,5148.446,5137.448,5144.166,3414
2026-03-05 08:30:00+00:00,5144.087,5163.347,5143.379,5160.984,2712
2026-03-05 08:45:00+00:00,5160.909,5170.137,5160.909,5165.471,2150
2026-03-05 09:00:00+00:00,5165.456,5180.373,5161.148,5179.184,4933
2026-03-05 09:15:00+00:00,5179.267,5180.244,5167.233,5169.774,3450
2026-03-05 09:30:00+00:00,5169.303,5169.817,5153.001,5162.594,2807
2026-03-05 09:45:00+00:00,5162.672,5165.118,5157.215,5160.791,2564
2026-03-05 10:00:00+00:00,5161.094,5161.094,5146.11,5154.463,2431
2026-03-05 10:15:00+00:00,5154.114,5158.579,5151.569,5156.277,1763
2026-03-05 10:30:00+00:00,5156.261,5158.69,5147.4,5157.168,2230
2026-03-05 10:45:00+00:00,5156.946,5167.543,5156.084,5164.266,2054
2026-03-05 11:00:00+00:00,5164.323,5168.014,5161.464,5164.3,1944
2026-03-05 11:15:00+00:00,5164.684,5167.005,5161.026,5162.829,1581
2026-03-05 11:30:00+00:00,5162.84,5164.557,5156.852,5160.682,1581
2026-03-05 11:45:00+00:00,5160.688,5165.113,5160.065,5163.448,1522
2026-03-05 12:00:00+00:00,5163.459,5171.633,5162.913,5168.701,1947
2026-03-05 12:15:00+00:00,5168.523,5170.459,5161.84,5162.128,1872
2026-03-05 12:30:00+00:00,5162.019,5167.837,5160.875,5162.596,1589
2026-03-05 12:45:00+00:00,5162.27,5166.174,5161.077,5162.698,1706
2026-03-05 13:00:00+00:00,5162.78,5164.132,5146.359,5155.609,4539
2026-03-05 13:15:00+00:00,5155.698,5159.878,5081.53,5121.271,15653
2026-03-05 13:30:00+00:00,5121.27,5137.944,5114.772,5131.187,5400
2026-03-05 13:45:00+00:00,5131.269,5132.213,5109.47,5117.923,5276
2026-03-05 14:00:00+00:00,5117.844,5129.773,5109.905,5113.085,5519
2026-03-05 14:15:00+00:00,5112.962,5120.854,5102.662,5120.415,5965
2026-03-05 14:30:00+00:00,5119.959,5123.803,5090.59,5097.321,12394
2026-03-05 14:45:00+00:00,5097.196,5111.071,5091.264,5102.206,11333
2026-03-05 15:00:00+00:00,5102.095,5119.644,5059.781,5085.343,15656
2026-03-05 15:15:00+00:00,5085.224,5094.045,5071.639,5086.145,10401
2026-03-05 15:30:00+00:00,5086.228,5093.787,5077.483,5080.271,9210
2026-03-05 15:45:00+00:00,5080.224,5103.09,5079.415,5102.463,5933
2026-03-05 16:00:00+00:00,5102.444,5104.462,5074.117,5082.874,5942
2026-03-05 16:15:00+00:00,5082.732,5085.227,5059.914,5063.887,7001
2026-03-05 16:30:00+00:00,5063.963,5072.641,5053.901,5070.491,7867
2026-03-05 16:45:00+00:00,5070.569,5081.271,5070.13,5077.596,5158
2026-03-05 17:00:00+00:00,5077.634,5089.447,5073.951,5086.217,4828
2026-03-05 17:15:00+00:00,5086.339,5088.735,5074.79,5075.171,4822
2026-03-05 17:30:00+00:00,5075.251,5077.438,5054.806,5063.832,7126
2026-03-05 17:45:00+00:00,5063.715,5069.281,5055.476,5063.03,6562
2026-03-05 18:00:00+00:00,5062.95,5073.649,5050.66,5072.085,6692
2026-03-05 18:15:00+00:00,5072.01,5075.83,5061.171,5070.991,5672
2026-03-05 18:30:00+00:00,5071.064,5085.433,5070.35,5082.933,4009
2026-03-05 18:45:00+00:00,5083.018,5083.576,5067.049,5069.478,3538
2026-03-05 19:00:00+00:00,5069.419,5081.426,5067.539,5073.596,3703
2026-03-05 19:15:00+00:00,5073.521,5073.521,5062.206,5066.862,4215
2026-03-05 19:30:00+00:00,5067.04,5067.237,5055.517,5065.534,4651
2026-03-05 19:45:00+00:00,5065.73,5070.535,5062.325,5065.779,4243
2026-03-05 20:00:00+00:00,5065.626,5079.686,5061.593,5078.629,5708
2026-03-05 20:15:00+00:00,5078.703,5094.552,5076.001,5080.779,4939
2026-03-05 20:30:00+00:00,5080.854,5082.647,5074.07,5080.412,4374
2026-03-05 20:45:00+00:00,5080.686,5081.528,5072.515,5076.381,4942
2026-03-05 21:00:00+00:00,5076.61,5084.072,5071.899,5076.216,2010
2026-03-05 21:15:00+00:00,5076.132,5080.835,5075.408,5080.38,1189
2026-03-05 21:30:00+00:00,5080.389,5082.783,5072.822,5075.676,1346
2026-03-05 21:45:00+00:00,5075.331,5085.195,5074.344,5083.348,1145
2026-03-05 23:00:00+00:00,5090.387,5091.749,5081.848,5085.954,767
2026-03-05 23:15:00+00:00,5085.958,5096.768,5083.063,5091.321,1531
2026-03-05 23:30:00+00:00,5091.155,5101.76,5087.207,5100.862,1361
2026-03-05 23:45:00+00:00,5100.755,5100.957,5084.772,5086.323,1778
2026-03-06 00:00:00+00:00,5086.227,5091.335,5074.056,5085.161,2806
2026-03-06 00:15:00+00:00,5085.193,5092.42,5078.1,5090.659,1852
2026-03-06 00:30:00+00:00,5090.327,5092.122,5075.211,5083.429,1990
2026-03-06 00:45:00+00:00,5083.369,5089.95,5076.734,5084.306,2265
2026-03-06 01:00:00+00:00,5084.228,5085.976,5066.14,5077.331,5644
2026-03-06 01:15:00+00:00,5077.255,5088.889,5075.044,5085.713,3259
2026-03-06 01:30:00+00:00,5085.485,5120.201,5085.382,5118.08,4461
2026-03-06 01:45:00+00:00,5118.155,5144.017,5117.342,5134.868,5026
2026-03-06 02:00:00+00:00,5134.791,5138.375,5125.581,5130.172,3819
2026-03-06 02:15:00+00:00,5129.983,5134.425,5127.887,5128.814,1967
2026-03-06 02:30:00+00:00,5128.821,5132.017,5122.234,5124.487,2350
2026-03-06 02:45:00+00:00,5124.428,5129.126,5122.899,5126.092,1917
2026-03-06 03:00:00+00:00,5126.338,5134.842,5124.507,5132.732,2090
2026-03-06 03:15:00+00:00,5132.73,5141.292,5130.949,5136.723,1927
2026-03-06 03:30:00+00:00,5136.718,5137.909,5128.885,5132.212,1471
2026-03-06 03:45:00+00:00,5132.214,5134.539,5129.86,5130.883,1172
2026-03-06 04:00:00+00:00,5131.201,5136.093,5130.644,5134.856,1209
2026-03-06 04:15:00+00:00,5135.26,5136.21,5127.468,5129.733,1031
2026-03-06 04:30:00+00:00,5129.718,5133.507,5128.147,5132.588,1142
2026-03-06 04:45:00+00:00,5132.662,5135.747,5126.378,5127.347,1162
2026-03-06 05:00:00+00:00,5127.645,5129.941,5122.77,5126.283,1529
2026-03-06 05:15:00+00:00,5126.29,5130.014,5122.923,5129.436,1325
2026-03-06 05:30:00+00:00,5129.903,5130.066,5118.978,5120.762,2690
2026-03-06 05:45:00+00:00,5121.185,5123.139,5114.11,5117.391,2378
2026-03-06 06:00:00+00:00,5117.466,5121.577,5109.272,5116.5,2246
2026-03-06 06:15:00+00:00,5116.151,5123.029,5114.645,5120.213,1765
2026-03-06 06:30:00+00:00,5120.288,5122.933,5116.631,5121.277,1794
2026-03-06 06:45:00+00:00,5121.272,5122.502,5114.903,5115.41,1548
2026-03-06 07:00:00+00:00,5115.493,5117.413,5105.578,5111.455,1957
2026-03-06 07:15:00+00:00,5111.354,5119.78,5110.634,5114.737,1977
2026-03-06 07:30:00+00:00,5114.643,5116.306,5107.855,5113.989,2141
2026-03-06 07:45:00+00:00,5113.917,5120.711,5112.583,5119.349,1545
2026-03-06 08:00:00+00:00,5119.62,5123.246,5110.504,5115.605,2386
2026-03-06 08:15:00+00:00,5115.1,5117.631,5099.244,5100.693,2427
2026-03-06 08:30:00+00:00,5100.652,5108.657,5096.074,5107.621,2014
2026-03-06 08:45:00+00:00,5107.341,5113.263,5106.63,5108.386,1530
2026-03-06 09:00:00+00:00,5108.408,5109.367,5094.535,5095.85,2199
2026-03-06 09:15:00+00:00,5095.75,5102.284,5091.753,5098.892,2217
2026-03-06 09:30:00+00:00,5098.943,5103.688,5086.844,5095.952,2750
2026-03-06 09:45:00+00:00,5095.876,5097.331,5083.252,5085.486,2640
2026-03-06 10:00:00+00:00,5085.568,5090.472,5075.582,5082.631,2847
2026-03-06 10:15:00+00:00,5082.785,5092.93,5079.558,5087.552,2382
2026-03-06 10:30:00+00:00,5087.288,5091.378,5080.908,5081.804,2217
2026-03-06 10:45:00+00:00,5081.882,5092.891,5081.815,5091.134,2164
2026-03-06 11:00:00+00:00,5090.834,5091.619,5080.125,5085.831,2751
2026-03-06 11:15:00+00:00,5085.904,5098.172,5085.258,5094.683,2023
2026-03-06 11:30:00+00:00,5094.608,5099.666,5080.56,5081.218,2294
2026-03-06 11:45:00+00:00,5081.286,5086.872,5062.463,5076.654,3772
2026-03-06 12:00:00+00:00,5076.803,5091.185,5075.89,5089.714,3355
2026-03-06 12:15:00+00:00,5089.788,5096.316,5085.988,5088.415,2416
2026-03-06 12:30:00+00:00,5088.201,5096.495,5085.206,5095.986,2354
2026-03-06 12:45:00+00:00,5096.275,5096.744,5081.456,5083.299,2281
2026-03-06 13:00:00+00:00,5083.218,5083.431,5065.362,5073.206,6222
2026-03-06 13:15:00+00:00,5073.286,5088.759,5072.434,5083.557,4642
2026-03-06 13:30:00+00:00,5082.989,5130.716,5082.989,5122.235,11655
2026-03-06 13:45:00+00:00,5121.886,5122.402,5073.541,5084.831,11471
2026-03-06 14:00:00+00:00,5084.74,5102.719,5080.722,5096.997,6974
2026-03-06 14:15:00+00:00,5096.922,5109.16,5088.031,5104.202,4663
2026-03-06 14:30:00+00:00,5104.656,5115.669,5084.226,5089.12,16001
2026-03-06 14:45:00+00:00,5089.044,5131.974,5087.482,5129.932,10350
2026-03-06 15:00:00+00:00,5130.008,5159.307,5127.626,5149.283,12469
2026-03-06 15:15:00+00:00,5149.367,5171.704,5144.189,5161.567,9974
2026-03-06 15:30:00+00:00,5161.452,5166.611,5149.692,5153.663,8647
2026-03-06 15:45:00+00:00,5154.126,5157.272,5134.408,5141.994,5868
2026-03-06 16:00:00+00:00,5141.912,5150.702,5135.784,5143.381,5673
2026-03-06 16:15:00+00:00,5143.684,5153.091,5136.188,5142.312,4522
2026-03-06 16:30:00+00:00,5142.224,5146.196,5125.778,5141.743,4867
2026-03-06 16:45:00+00:00,5141.66,5148.138,5130.138,5139.989,4992
2026-03-06 17:00:00+00:00,5140.077,5142.412,5128.838,5136.538,4953
2026-03-06 17:15:00+00:00,5136.695,5145.371,5133.176,5141.868,4073
2026-03-06 17:30:00+00:00,5142.158,5152.448,5136.244,5137.557,3416
2026-03-06 17:45:00+00:00,5137.633,5140.894,5132.619,5140.863,2895
2026-03-06 18:00:00+00:00,5140.405,5147.252,5138.468,5145.529,3245
2026-03-06 18:15:00+00:00,5145.453,5151.123,5142.918,5150.378,3247
2026-03-06 18:30:00+00:00,5150.075,5165.275,5148.774,5164.918,2689
2026-03-06 18:45:00+00:00,5164.994,5167.678,5156.55,5160.874,2322
2026-03-06 19:00:00+00:00,5161.336,5171.387,5160.41,5171.022,2594
2026-03-06 19:15:00+00:00,5171.296,5174.683,5164.313,5165.214,2519
2026-03-06 19:30:00+00:00,5165.135,5167.905,5157.771,5158.261,2437
2026-03-06 19:45:00+00:00,5158.184,5163.9,5156.438,5159.862,2182
2026-03-06 20:00:00+00:00,5159.939,5162.252,5153.921,5155.28,2593
2026-03-06 20:15:00+00:00,5155.356,5160.604,5152.705,5153.916,2188
2026-03-06 20:30:00+00:00,5153.998,5161.505,5149.44,5157.387,3144
2026-03-06 20:45:00+00:00,5157.814,5160.361,5150.489,5153.492,2850
2026-03-06 21:00:00+00:00,5153.407,5167.329,5151.039,5164.963,1991
2026-03-06 21:15:00+00:00,5165.044,5170.372,5164.688,5168.359,1348
2026-03-06 21:30:00+00:00,5168.364,5171.962,5166.295,5170.161,1067
2026-03-06 21:45:00+00:00,5170.025,5176.703,5169.218,5174.204,1465
2026-03-08 22:00:00+00:00,5178.932,5179.956,5122.153,5158.719,5697
2026-03-08 22:15:00+00:00,5159.376,5159.763,5127.847,5155.648,5935
2026-03-08 22:30:00+00:00,5155.272,5164.249,5105.837,5125.17,5934
2026-03-08 22:45:00+00:00,5125.295,5134.08,5103.439,5129.926,4437
2026-03-08 23:00:00+00:00,5130.024,5135.418,5093.415,5101.639,5114
2026-03-08 23:15:00+00:00,5101.71,5107.034,5094.495,5104.422,2928
2026-03-08 23:30:00+00:00,5104.528,5105.196,5044.114,5072.625,5841
2026-03-08 23:45:00+00:00,5072.701,5079.839,5054.087,5075.404,6048
2026-03-09 00:00:00+00:00,5075.709,5080.634,5028.301,5036.399,8779
2026-03-09 00:15:00+00:00,5036.376,5052.756,5032.73,5045.782,7479
2026-03-09 00:30:00+00:00,5045.674,5060.122,5044.022,5052.649,5022
2026-03-09 00:45:00+00:00,5052.74,5057.844,5033.69,5049.824,7229
2026-03-09 01:00:00+00:00,5049.739,5074.15,5014.403,5072.585,18519
2026-03-09 01:15:00+00:00,5072.406,5087.688,5069.584,5071.924,8333
2026-03-09 01:30:00+00:00,5071.834,5086.114,5071.377,5080.509,6031
2026-03-09 01:45:00+00:00,5080.537,5082.507,5064.828,5070.232,5600
2026-03-09 02:00:00+00:00,5070.236,5095.33,5055.495,5094.252,6302
2026-03-09 02:15:00+00:00,5094.365,5094.649,5072.988,5077.552,4537
2026-03-09 02:30:00+00:00,5077.475,5094.034,5076.056,5092.406,6372
2026-03-09 02:45:00+00:00,5092.483,5099.235,5085.899,5094.956,3808
2026-03-09 03:00:00+00:00,5094.722,5099.477,5084.099,5087.321,3894
2026-03-09 03:15:00+00:00,5087.327,5102.494,5083.825,5083.825,3324
2026-03-09 03:30:00+00:00,5084.004,5093.884,5081.587,5086.771,3182
2026-03-09 03:45:00+00:00,5087.162,5093.341,5086.725,5091.172,1932
2026-03-09 04:00:00+00:00,5091.067,5097.355,5086.773,5091.039,2043
2026-03-09 04:15:00+00:00,5091.118,5094.541,5088.01,5089.076,1743
2026-03-09 04:30:00+00:00,5089.157,5093.12,5087.186,5090.393,1747
2026-03-09 04:45:00+00:00,5090.01,5091.264,5085.164,5089.925,1832
2026-03-09 05:00:00+00:00,5090.033,5102.078,5080.782,5096.776,3026
2026-03-09 05:15:00+00:00,5096.7,5103.967,5087.44,5095.567,4213
2026-03-09 05:30:00+00:00,5095.481,5121.327,5092.113,5120.465,5572
2026-03-09 05:45:00+00:00,5120.551,5140.513,5119.192,5124.423,5578
2026-03-09 06:00:00+00:00,5124.348,5134.121,5118.923,5127.79,5236
2026-03-09 06:15:00+00:00,5127.872,5131.308,5122.998,5126.162,3632
2026-03-09 06:30:00+00:00,5126.288,5129.66,5104.859,5107.135,3915
2026-03-09 06:45:00+00:00,5107.056,5111.02,5096.916,5097.446,3857
2026-03-09 07:00:00+00:00,5097.879,5101.671,5088.387,5097.001,3859
2026-03-09 07:15:00+00:00,5096.951,5106.796,5095.13,5106.341,3026
2026-03-09 07:30:00+00:00,5106.266,5107.486,5099.611,5101.301,3110
2026-03-09 07:45:00+00:00,5101.036,5101.527,5093.41,5098.826,2921
2026-03-09 08:00:00+00:00,5098.745,5110.661,5098.637,5099.566,4074
2026-03-09 08:15:00+00:00,5099.87,5106.493,5090.545,5091.566,3495
2026-03-09 08:30:00+00:00,5091.657,5096.811,5087.174,5090.203,3579
2026-03-09 08:45:00+00:00,5090.058,5102.553,5086.917,5096.493,3077
2026-03-09 09:00:00+00:00,5096.642,5116.812,5094.939,5112.481,3573
2026-03-09 09:15:00+00:00,5112.46,5126.655,5112.029,5125.11,2859
2026-03-09 09:30:00+00:00,5125.064,5132.56,5102.617,5102.617,4333
2026-03-09 09:45:00+00:00,5102.991,5107.312,5096.2,5104.974,3484
2026-03-09 10:00:00+00:00,5105.049,5111.131,5102.574,5108.858,2550
2026-03-09 10:15:00+00:00,5108.939,5110.141,5097.982,5099.472,2291
2026-03-09 10:30:00+00:00,5099.691,5099.903,5088.674,5095.97,3809
2026-03-09 10:45:00+00:00,5095.894,5096.515,5083.685,5087.32,3361
2026-03-09 11:00:00+00:00,5087.418,5097.227,5087.418,5090.164,2851
2026-03-09 11:15:00+00:00,5090.106,5092.525,5079.249,5085.449,3308
2026-03-09 11:30:00+00:00,5085.523,5093.163,5082.152,5085.615,2762
2026-03-09 11:45:00+00:00,5085.407,5094.614,5084.068,5088.106,2226
2026-03-09 12:00:00+00:00,5088.189,5099.955,5087.976,5096.01,2712
2026-03-09 12:15:00+00:00,5096.138,5110.048,5094.306,5109.216,2494
2026-03-09 12:30:00+00:00,5109.142,5111.948,5103.851,5106.913,2140
2026-03-09 12:45:00+00:00,5106.86,5106.962,5093.133,5095.031,2551
2026-03-09 13:00:00+00:00,5095.115,5099.178,5087.864,5092.75,4231
2026-03-09 13:15:00+00:00,5092.671,5098.138,5084.291,5094.923,3771
2026-03-09 13:30:00+00:00,5094.849,5111.368,5074.272,5076.199,9125
2026-03-09 13:45:00+00:00,5076.124,5084.503,5067.199,5074.18,9490
2026-03-09 14:00:00+00:00,5074.098,5088.212,5060.369,5071.076,11269
2026-03-09 14:15:00+00:00,5071.001,5084.335,5064.497,5081.428,7371
2026-03-09 14:30:00+00:00,5081.346,5114.562,5079.816,5112.463,6067
2026-03-09 14:45:00+00:00,5112.286,5116.06,5085.737,5094.015,5909
2026-03-09 15:00:00+00:00,5093.888,5094.679,5079.555,5091.564,6330
2026-03-09 15:15:00+00:00,5091.362,5100.225,5082.055,5099.723,3814
2026-03-09 15:30:00+00:00,5099.455,5102.612,5093.153,5094.788,3190
2026-03-09 15:45:00+00:00,5094.956,5103.526,5094.236,5099.739,2993
2026-03-09 16:00:00+00:00,5099.435,5109.411,5096.826,5103.632,2780
2026-03-09 16:15:00+00:00,5103.553,5105.216,5094.599,5103.949,2849
2026-03-09 16:30:00+00:00,5104.04,5110.496,5102.579,5106.979,2489
2026-03-09 16:45:00+00:00,5107.35,5108.685,5102.939,5104.462,2193
2026-03-09 17:00:00+00:00,5104.576,5106.857,5098.113,5099.634,2231
2026-03-09 17:15:00+00:00,5099.553,5102.295,5091.068,5095.215,2860
2026-03-09 17:30:00+00:00,5095.293,5097.998,5088.903,5090.941,2719
2026-03-09 17:45:00+00:00,5090.934,5099.642,5090.859,5096.126,1958
2026-03-09 18:00:00+00:00,5096.199,5098.044,5092.394,5097.334,1954
2026-03-09 18:15:00+00:00,5097.33,5107.057,5096.491,5105.283,1835
2026-03-09 18:30:00+00:00,5105.13,5120.422,5104.177,5118.212,2207
2026-03-09 18:45:00+00:00,5117.903,5126.403,5115.17,5122.975,2256
2026-03-09 19:00:00+00:00,5123.124,5130.559,5118.637,5122.538,2097
2026-03-09 19:15:00+00:00,5122.521,5143.785,5118.332,5139.512,5387
2026-03-09 19:30:00+00:00,5139.595,5139.78,5124.871,5135.086,5530
2026-03-09 19:45:00+00:00,5135.009,5144.049,5129.036,5141.069,3988
2026-03-09 20:00:00+00:00,5141.169,5148.071,5137.866,5139.836,2255
2026-03-09 20:15:00+00:00,5139.92,5140.35,5134.278,5139.079,1595
2026-03-09 20:30:00+00:00,5139.174,5139.819,5134.473,5139.139,1396
2026-03-09 20:45:00+00:00,5139.053,5140.645,5133.938,5137.505,1685
2026-03-09 22:00:00+00:00,5148.175,5149.868,5121.355,5132.452,2498
2026-03-09 22:15:00+00:00,5132.634,5136.413,5117.611,5132.063,1918
2026-03-09 22:30:00+00:00,5132.14,5140.002,5128.522,5136.62,1939
2026-03-09 22:45:00+00:00,5136.544,5153.023,5136.375,5152.953,1999
2026-03-09 23:00:00+00:00,5152.884,5154.691,5138.461,5146.309,2093
2026-03-09 23:15:00+00:00,5145.917,5156.005,5142.458,5144.529,1774
2026-03-09 23:30:00+00:00,5144.869,5149.27,5135.993,5137.301,1559
2026-03-09 23:45:00+00:00,5137.383,5143.141,5137.253,5139.758,1600
2026-03-10 00:00:00+00:00,5139.394,5141.459,5130.875,5136.601,2619
2026-03-10 00:15:00+00:00,5137.016,5137.85,5128.794,5130.674,2294
2026-03-10 00:30:00+00:00,5130.599,5137.761,5124.528,5137.034,2802
2026-03-10 00:45:00+00:00,5137.048,5139.01,5128.072,5130.745,2381
2026-03-10 01:00:00+00:00,5130.778,5153.48,5124.496,5143.124,6097
2026-03-10 01:15:00+00:00,5143.04,5167.83,5141.809,5157.887,4732
2026-03-10 01:30:00+00:00,5157.983,5168.982,5152.966,5165.946,4507
2026-03-10 01:45:00+00:00,5166.414,5186.023,5164.323,5183.994,3604
2026-03-10 02:00:00+00:00,5184.072,5187.169,5170.468,5175.026,3341
2026-03-10 02:15:00+00:00,5175.111,5181.233,5172.65,5179.651,2015
2026-03-10 02:30:00+00:00,5179.574,5184.391,5175.646,5181.94,2619
2026-03-10 02:45:00+00:00,5181.859,5185.744,5163.733,5166.073,2754
2026-03-10 03:00:00+00:00,5165.903,5173.198,5164.979,5166.216,2495
2026-03-10 03:15:00+00:00,5166.534,5170.471,5161.744,5166.399,2094
2026-03-10 03:30:00+00:00,5166.8,5168.008,5160.057,5162.58,1749
2026-03-10 03:45:00+00:00,5162.338,5163.059,5155.68,5157.744,1648
2026-03-10 04:00:00+00:00,5157.288,5165.019,5154.425,5164.072,1949
2026-03-10 04:15:00+00:00,5164.017,5166.269,5161.262,5162.504,1391
2026-03-10 04:30:00+00:00,5162.574,5165.599,5161.306,5161.752,1111
2026-03-10 04:45:00+00:00,5161.694,5165.138,5161.293,5163.903,964
2026-03-10 05:00:00+00:00,5163.514,5173.15,5163.514,5172.664,1647
2026-03-10 05:15:00+00:00,5172.654,5174.126,5168.793,5171.607,1205
2026-03-10 05:30:00+00:00,5171.683,5173.981,5167.208,5168.886,1943
2026-03-10 05:45:00+00:00,5168.81,5179.143,5166.833,5177.71,1639
2026-03-10 06:00:00+00:00,5177.999,5181.088,5174.065,5179.318,1748
2026-03-10 06:15:00+00:00,5179.765,5179.765,5172.023,5175.903,1644
2026-03-10 06:30:00+00:00,5175.981,5178.803,5173.657,5175.555,1799
2026-03-10 06:45:00+00:00,5175.478,5177.062,5173.366,5175.106,1562
2026-03-10 07:00:00+00:00,5175.009,5179.048,5170.57,5174.408,2164
2026-03-10 07:15:00+00:00,5174.377,5177.441,5158.585,5169.095,2458
2026-03-10 07:30:00+00:00,5169.143,5178.344,5165.478,5176.313,2061
2026-03-10 07:45:00+00:00,5176.186,5181.359,5174.811,5180.805,1859
2026-03-10 08:00:00+00:00,5180.861,5185.207,5174.734,5179.854,2775
2026-03-10 08:15:00+00:00,5179.878,5184.215,5175.338,5183.714,2010
2026-03-10 08:30:00+00:00,5183.677,5194.031,5182.766,5189.613,2529
2026-03-10 08:45:00+00:00,5189.63,5195.188,5182.936,5183.522,2241
2026-03-10 09:00:00+00:00,5183.602,5189.261,5180.317,5187.603,1796
2026-03-10 09:15:00+00:00,5187.6,5189.264,5180.85,5186.494,1760
2026-03-10 09:30:00+00:00,5186.582,5188.313,5181.988,5187.341,1612
2026-03-10 09:45:00+00:00,5187.341,5188.945,5182.466,5182.622,1417
2026-03-10 10:00:00+00:00,5182.596,5183.735,5175.534,5181.441,2062
2026-03-10 10:15:00+00:00,5181.149,5182.054,5172.741,5173.819,1982
2026-03-10 10:30:00+00:00,5173.898,5176.476,5156.482,5168.952,3467
2026-03-10 10:45:00+00:00,5168.859,5177.83,5168.614,5176.981,2082
2026-03-10 11:00:00+00:00,5177.056,5192.023,5176.331,5187.342,3066
2026-03-10 11:15:00+00:00,5187.421,5189.878,5179.507,5182.669,2499
2026-03-10 11:30:00+00:00,5182.748,5185.118,5173.755,5174.427,2450
2026-03-10 11:45:00+00:00,5174.134,5179.659,5171.554,5174.886,2217
2026-03-10 12:00:00+00:00,5174.884,5176.712,5162.559,5171.461,3329
2026-03-10 12:15:00+00:00,5170.979,5180.304,5165.577,5179.366,2639
2026-03-10 12:30:00+00:00,5179.855,5185.313,5178.229,5185.108,2238
2026-03-10 12:45:00+00:00,5185.185,5189.301,5180.151,5186.713,2123
2026-03-10 13:00:00+00:00,5186.638,5202.496,5185.802,5200.61,4429
2026-03-10 13:15:00+00:00,5200.503,5228.778,5199.005,5221.335,4548
2026-03-10 13:30:00+00:00,5221.41,5222.158,5207.399,5209.347,7271
2026-03-10 13:45:00+00:00,5209.235,5215.262,5196.226,5205.651,5617
2026-03-10 14:00:00+00:00,5205.735,5208.711,5185.133,5195.07,5580
2026-03-10 14:15:00+00:00,5194.98,5214.209,5194.288,5208.991,4326
2026-03-10 14:30:00+00:00,5208.914,5213.423,5202.653,5205.902,3521
2026-03-10 14:45:00+00:00,5206.053,5212.282,5204.454,5206.477,2860
2026-03-10 15:00:00+00:00,5206.772,5226.287,5203.214,5223.498,3171
2026-03-10 15:15:00+00:00,5223.577,5228.555,5221.426,5225.429,2678
2026-03-10 15:30:00+00:00,5225.524,5236.332,5224.953,5235.914,3113
2026-03-10 15:45:00+00:00,5235.8,5238.565,5227.11,5228.735,2720
2026-03-10 16:00:00+00:00,5228.82,5230.457,5222.645,5223.734,2251
2026-03-10 16:15:00+00:00,5223.656,5235.551,5222.46,5231.963,2003
2026-03-10 16:30:00+00:00,5232.041,5234.509,5227.301,5228.766,1895
2026-03-10 16:45:00+00:00,5228.642,5232.105,5225.74,5227.469,1945
2026-03-10 17:00:00+00:00,5227.391,5235.289,5226.78,5234.278,2088
2026-03-10 17:15:00+00:00,5233.872,5234.53,5223.523,5233.052,3306
2026-03-10 17:30:00+00:00,5233.029,5234.833,5227.625,5228.257,2797
2026-03-10 17:45:00+00:00,5228.255,5232.68,5226.378,5227.812,1849
2026-03-10 18:00:00+00:00,5227.895,5228.22,5215.598,5216.136,3025
2026-03-10 18:15:00+00:00,5216.052,5218.775,5160.15,5202.733,14507
2026-03-10 18:30:00+00:00,5203.031,5208.08,5189.4,5195.615,6267
2026-03-10 18:45:00+00:00,5195.535,5205.116,5191.036,5191.84,3693
2026-03-10 19:00:00+00:00,5191.918,5199.756,5184.129,5198.307,3468
2026-03-10 19:15:00+00:00,5198.403,5207.425,5197.922,5201.032,2593
2026-03-10 19:30:00+00:00,5200.947,5200.95,5179.476,5187.472,5150
2026-03-10 19:45:00+00:00,5187.565,5199.883,5187.372,5198.931,3933
2026-03-10 20:00:00+00:00,5198.797,5199.138,5193.344,5197.924,1474
2026-03-10 20:15:00+00:00,5197.622,5198.414,5191.659,5195.134,1288
2026-03-10 20:30:00+00:00,5195.141,5198.179,5193.087,5198.179,862
2026-03-10 20:45:00+00:00,5197.724,5199.186,5192.747,5192.777,1176
2026-03-10 22:00:00+00:00,5191.583,5195.121,5182.675,5189.848,2771
2026-03-10 22:15:00+00:00,5189.824,5198.125,5187.898,5190.742,1745
2026-03-10 22:30:00+00:00,5190.817,5195.51,5187.678,5193.387,1624
2026-03-10 22:45:00+00:00,5193.424,5194.891,5185.781,5189.344,1513
2026-03-10 23:00:00+00:00,5189.069,5196.4,5188.371,5191.843,1227
2026-03-10 23:15:00+00:00,5191.843,5197.146,5187.522,5193.77,1167
2026-03-10 23:30:00+00:00,5193.778,5195.995,5190.479,5191.096,881
2026-03-10 23:45:00+00:00,5190.927,5197.342,5187.932,5196.83,1149
2026-03-11 00:00:00+00:00,5196.904,5198.286,5186.588,5192.143,2146
2026-03-11 00:15:00+00:00,5192.22,5215.697,5191.204,5212.543,2635
2026-03-11 00:30:00+00:00,5212.269,5212.619,5206.167,5211.139,1535
2026-03-11 00:45:00+00:00,5211.165,5219.408,5211.074,5215.593,2002
2026-03-11 01:00:00+00:00,5215.138,5223.236,5211.974,5215.412,3364
2026-03-11 01:15:00+00:00,5215.491,5223.005,5210.59,5214.886,2790
2026-03-11 01:30:00+00:00,5214.933,5219.806,5212.519,5214.359,2179
2026-03-11 01:45:00+00:00,5214.594,5217.686,5208.307,5208.662,2014
2026-03-11 02:00:00+00:00,5208.747,5209.773,5194.144,5201.276,3409
2026-03-11 02:15:00+00:00,5201.196,5206.585,5200.28,5204.373,1750
2026-03-11 02:30:00+00:00,5204.287,5209.953,5202.064,5207.819,1963
2026-03-11 02:45:00+00:00,5207.873,5220.448,5207.478,5217.091,1845
2026-03-11 03:00:00+00:00,5217.007,5220.397,5212.027,5213.625,1510
2026-03-11 03:15:00+00:00,5213.541,5214.908,5204.662,5204.824,1708
2026-03-11 03:30:00+00:00,5204.827,5209.455,5203.457,5208.049,1230
2026-03-11 03:45:00+00:00,5208.136,5208.687,5199.259,5203.406,1451
2026-03-11 04:00:00+00:00,5203.327,5206.314,5199.249,5205.613,1231
2026-03-11 04:15:00+00:00,5205.605,5208.348,5204.334,5207.082,1086
2026-03-11 04:30:00+00:00,5207.466,5208.452,5204.049,5206.782,969
2026-03-11 04:45:00+00:00,5206.757,5206.757,5201.63,5204.201,1118
2026-03-11 05:00:00+00:00,5204.436,5208.212,5203.369,5204.477,1245
2026-03-11 05:15:00+00:00,5204.555,5206.167,5200.351,5200.544,1220
2026-03-11 05:30:00+00:00,5200.596,5204.755,5190.189,5200.798,2889
2026-03-11 05:45:00+00:00,5200.885,5201.928,5195.427,5199.813,1809
2026-03-11 06:00:00+00:00,5199.324,5210.318,5196.133,5209.061,1820
2026-03-11 06:15:00+00:00,5209.048,5210.889,5203.059,5206.495,1718
2026-03-11 06:30:00+00:00,5206.372,5206.826,5191.572,5194.956,1824
2026-03-11 06:45:00+00:00,5194.957,5198.92,5192.218,5197.85,1833
2026-03-11 07:00:00+00:00,5197.685,5202.462,5195.316,5198.633,1909
2026-03-11 07:15:00+00:00,5198.717,5199.909,5195.319,5197.627,1772
2026-03-11 07:30:00+00:00,5197.705,5198.432,5184.429,5191.324,2851
2026-03-11 07:45:00+00:00,5191.675,5197.629,5189.873,5195.486,2034
2026-03-11 08:00:00+00:00,5195.382,5198.391,5187.805,5198.231,2075
2026-03-11 08:15:00+00:00,5198.231,5198.231,5181.0,5185.028,2207
2026-03-11 08:30:00+00:00,5185.053,5187.484,5175.061,5181.713,2645
2026-03-11 08:45:00+00:00,5181.626,5188.774,5179.212,5187.351,2021
2026-03-11 09:00:00+00:00,5187.652,5188.253,5179.806,5184.172,2241
2026-03-11 09:15:00+00:00,5184.098,5190.449,5183.475,5187.656,1694
2026-03-11 09:30:00+00:00,5187.271,5197.046,5186.841,5191.839,1800
2026-03-11 09:45:00+00:00,5191.913,5194.212,5186.365,5187.788,1762
2026-03-11 10:00:00+00:00,5187.865,5194.986,5186.623,5193.182,1604
2026-03-11 10:15:00+00:00,5193.637,5195.314,5189.512,5191.524,1513
2026-03-11 10:30:00+00:00,5191.603,5191.739,5177.283,5179.265,2421
2026-03-11 10:45:00+00:00,5179.347,5190.904,5177.49,5186.18,1821
2026-03-11 11:00:00+00:00,5185.902,5193.506,5184.399,5187.283,1683
2026-03-11 11:15:00+00:00,5187.358,5189.969,5179.547,5181.19,1889
2026-03-11 11:30:00+00:00,5180.887,5190.454,5179.729,5184.936,2036
2026-03-11 11:45:00+00:00,5184.888,5188.344,5175.047,5181.34,3008
2026-03-11 12:00:00+00:00,5181.061,5193.052,5177.73,5191.006,2658
2026-03-11 12:15:00+00:00,5191.467,5195.208,5187.945,5191.247,2932
2026-03-11 12:30:00+00:00,5191.187,5196.821,5173.146,5180.047,5271
2026-03-11 12:45:00+00:00,5179.964,5180.789,5166.388,5167.619,4020
2026-03-11 13:00:00+00:00,5167.194,5182.076,5161.984,5177.812,5698
2026-03-11 13:15:00+00:00,5177.726,5182.873,5175.804,5181.136,2755
2026-03-11 13:30:00+00:00,5181.222,5181.512,5165.117,5165.311,5896
2026-03-11 13:45:00+00:00,5165.609,5177.19,5149.185,5176.631,5453
2026-03-11 14:00:00+00:00,5176.554,5189.984,5174.703,5189.665,6891
2026-03-11 14:15:00+00:00,5190.116,5195.453,5182.188,5193.983,4200
2026-03-11 14:30:00+00:00,5194.063,5196.546,5174.261,5183.259,4031
2026-03-11 14:45:00+00:00,5182.976,5193.625,5180.57,5183.306,3155
2026-03-11 15:00:00+00:00,5183.388,5185.632,5170.438,5170.886,4591
2026-03-11 15:15:00+00:00,5170.589,5179.449,5168.577,5172.635,3225
2026-03-11 15:30:00+00:00,5172.716,5174.089,5166.267,5169.586,3527
2026-03-11 15:45:00+00:00,5169.507,5175.219,5163.684,5166.002,2604
2026-03-11 16:00:00+00:00,5166.304,5172.318,5163.389,5172.212,2865
2026-03-11 16:15:00+00:00,5172.327,5172.367,5164.096,5167.069,2413
2026-03-11 16:30:00+00:00,5166.992,5176.612,5165.813,5174.372,2373
2026-03-11 16:45:00+00:00,5174.453,5177.947,5170.081,5175.78,1884
2026-03-11 17:00:00+00:00,5175.361,5180.705,5174.463,5175.615,1812
2026-03-11 17:15:00+00:00,5175.959,5178.191,5169.615,5171.859,2345
2026-03-11 17:30:00+00:00,5171.933,5172.752,5154.011,5162.951,3462
2026-03-11 17:45:00+00:00,5163.027,5170.081,5161.106,5169.575,2048
2026-03-11 18:00:00+00:00,5169.5,5175.019,5169.005,5172.185,1768
2026-03-11 18:15:00+00:00,5172.226,5178.228,5171.771,5177.87,1772
2026-03-11 18:30:00+00:00,5177.506,5178.307,5176.108,5176.902,1089
2026-03-11 18:45:00+00:00,5177.276,5178.009,5169.77,5172.557,3197
2026-03-11 19:00:00+00:00,5172.541,5174.487,5168.988,5172.071,1408
2026-03-11 19:15:00+00:00,5171.996,5177.699,5171.528,5176.891,1187
2026-03-11 19:30:00+00:00,5176.891,5180.122,5175.831,5179.313,1166
2026-03-11 19:45:00+00:00,5179.389,5183.188,5176.659,5182.949,1555
2026-03-11 20:00:00+00:00,5182.864,5183.408,5176.463,5177.613,1043
2026-03-11 20:15:00+00:00,5177.975,5179.181,5174.928,5177.874,813
2026-03-11 20:30:00+00:00,5177.798,5178.088,5175.909,5176.452,640
2026-03-11 20:45:00+00:00,5176.452,5178.495,5175.491,5177.193,677
2026-03-11 22:00:00+00:00,5181.01,5182.386,5168.343,5174.77,924
2026-03-11 22:15:00+00:00,5174.817,5177.06,5165.438,5169.804,1152
2026-03-11 22:30:00+00:00,5169.811,5169.966,5153.143,5158.843,1847
2026-03-11 22:45:00+00:00,5158.923,5169.036,5129.605,5139.087,2695
2026-03-11 23:00:00+00:00,5139.094,5153.917,5134.945,5152.011,2335
2026-03-11 23:15:00+00:00,5151.668,5156.99,5150.032,5155.707,1360
2026-03-11 23:30:00+00:00,5155.707,5157.824,5146.038,5146.856,1765
2026-03-11 23:45:00+00:00,5146.778,5147.298,5133.141,5134.279,1903
2026-03-12 00:00:00+00:00,5134.137,5142.082,5125.354,5138.797,4057
2026-03-12 00:15:00+00:00,5139.019,5158.206,5138.772,5152.887,2376
2026-03-12 00:30:00+00:00,5152.803,5161.563,5151.109,5154.385,1962
2026-03-12 00:45:00+00:00,5154.286,5155.637,5150.225,5152.957,1862
2026-03-12 01:00:00+00:00,5153.033,5166.495,5151.481,5156.813,4169
2026-03-12 01:15:00+00:00,5157.251,5160.875,5151.48,5157.209,2868
2026-03-12 01:30:00+00:00,5157.215,5170.447,5154.637,5169.525,2801
2026-03-12 01:45:00+00:00,5169.611,5172.801,5164.477,5168.361,2198
2026-03-12 02:00:00+00:00,5168.324,5174.369,5167.196,5173.862,1730
2026-03-12 02:15:00+00:00,5173.785,5175.209,5167.459,5168.292,1816
2026-03-12 02:30:00+00:00,5168.381,5171.526,5155.628,5157.536,2840
2026-03-12 02:45:00+00:00,5157.797,5158.253,5145.819,5150.69,3164
2026-03-12 03:00:00+00:00,5150.763,5155.304,5148.362,5153.731,2016
2026-03-12 03:15:00+00:00,5153.656,5155.049,5147.267,5151.943,2010
2026-03-12 03:30:00+00:00,5151.864,5153.324,5148.032,5152.169,1559
2026-03-12 03:45:00+00:00,5152.55,5154.262,5150.992,5152.906,1077
2026-03-12 04:00:00+00:00,5152.988,5153.246,5149.707,5152.26,871
2026-03-12 04:15:00+00:00,5152.282,5153.731,5150.199,5152.35,1076
2026-03-12 04:30:00+00:00,5152.351,5152.568,5143.639,5144.034,1467
2026-03-12 04:45:00+00:00,5144.062,5146.767,5140.387,5142.298,1391
2026-03-12 05:00:00+00:00,5142.364,5148.934,5141.313,5146.316,1644
2026-03-12 05:15:00+00:00,5146.39,5148.882,5137.289,5143.08,1612
2026-03-12 05:30:00+00:00,5142.783,5154.505,5140.904,5153.165,2106
2026-03-12 05:45:00+00:00,5153.242,5157.45,5151.56,5154.604,1572
2026-03-12 06:00:00+00:00,5154.607,5157.937,5151.484,5154.495,1602
2026-03-12 06:15:00+00:00,5154.559,5157.808,5147.329,5156.536,1560
2026-03-12 06:30:00+00:00,5156.456,5170.161,5155.921,5168.271,1812
2026-03-12 06:45:00+00:00,5168.361,5170.409,5165.23,5165.924,1782
2026-03-12 07:00:00+00:00,5166.0,5170.226,5164.553,5170.226,1425
2026-03-12 07:15:00+00:00,5169.829,5170.53,5165.771,5168.75,1382
2026-03-12 07:30:00+00:00,5168.745,5179.683,5167.976,5178.629,1719
2026-03-12 07:45:00+00:00,5178.658,5185.43,5176.114,5181.772,1771
2026-03-12 08:00:00+00:00,5181.88,5189.808,5180.73,5181.309,2333
2026-03-12 08:15:00+00:00,5181.276,5184.245,5176.982,5177.542,1669
2026-03-12 08:30:00+00:00,5177.507,5181.844,5177.426,5181.298,1390
2026-03-12 08:45:00+00:00,5181.022,5182.796,5175.711,5177.812,1537
2026-03-12 09:00:00+00:00,5177.891,5181.291,5175.496,5176.626,1648
2026-03-12 09:15:00+00:00,5176.546,5181.47,5174.378,5179.891,1597
2026-03-12 09:30:00+00:00,5179.966,5187.312,5179.966,5184.407,1770
2026-03-12 09:45:00+00:00,5184.407,5190.313,5182.641,5187.97,1647
2026-03-12 10:00:00+00:00,5187.892,5191.747,5186.615,5187.184,1632
2026-03-12 10:15:00+00:00,5187.284,5187.361,5179.728,5180.354,1406
2026-03-12 10:30:00+00:00,5180.381,5182.802,5175.854,5182.093,1983
2026-03-12 10:45:00+00:00,5182.304,5184.024,5178.816,5182.173,1406
2026-03-12 11:00:00+00:00,5182.39,5183.59,5178.558,5178.968,1191
2026-03-12 11:15:00+00:00,5178.969,5179.38,5172.526,5176.576,1559
2026-03-12 11:30:00+00:00,5176.537,5180.556,5175.203,5180.556,1548
2026-03-12 11:45:00+00:00,5180.63,5181.481,5176.295,5178.754,1623
2026-03-12 12:00:00+00:00,5178.843,5180.394,5167.453,5168.885,2671
2026-03-12 12:15:00+00:00,5168.792,5172.814,5163.491,5172.079,2750
2026-03-12 12:30:00+00:00,5171.989,5175.944,5168.656,5174.033,2335
2026-03-12 12:45:00+00:00,5173.675,5185.555,5173.675,5181.544,2197
2026-03-12 13:00:00+00:00,5181.162,5186.218,5178.785,5184.268,3281
2026-03-12 13:15:00+00:00,5184.358,5184.358,5159.01,5171.15,5414
2026-03-12 13:30:00+00:00,5171.102,5171.162,5155.597,5158.923,7374
2026-03-12 13:45:00+00:00,5158.848,5159.61,5145.856,5151.327,5549
2026-03-12 14:00:00+00:00,5151.25,5163.294,5149.924,5160.79,4131
2026-03-12 14:15:00+00:00,5160.864,5162.99,5149.564,5152.18,3991
2026-03-12 14:30:00+00:00,5152.256,5153.424,5139.468,5148.515,4626
2026-03-12 14:45:00+00:00,5148.594,5153.458,5138.109,5143.034,4963
2026-03-12 15:00:00+00:00,5142.937,5144.974,5109.488,5124.611,7600
2026-03-12 15:15:00+00:00,5124.53,5132.284,5117.785,5129.409,4105
2026-03-12 15:30:00+00:00,5128.957,5134.306,5118.199,5131.145,4809
2026-03-12 15:45:00+00:00,5131.235,5135.277,5125.409,5132.488,3599
2026-03-12 16:00:00+00:00,5132.11,5134.955,5121.022,5128.208,3326
2026-03-12 16:15:00+00:00,5128.282,5138.082,5127.625,5131.911,2768
2026-03-12 16:30:00+00:00,5131.831,5137.316,5124.899,5134.738,3259
2026-03-12 16:45:00+00:00,5134.662,5135.305,5121.309,5123.628,3110
2026-03-12 17:00:00+00:00,5123.191,5129.403,5120.691,5121.665,2625
2026-03-12 17:15:00+00:00,5121.57,5122.668,5113.236,5118.654,3402
2026-03-12 17:30:00+00:00,5118.73,5120.051,5104.883,5110.77,3227
2026-03-12 17:45:00+00:00,5110.745,5112.269,5102.247,5105.341,3016
2026-03-12 18:00:00+00:00,5105.178,5112.579,5104.722,5106.997,2769
2026-03-12 18:15:00+00:00,5107.463,5110.397,5100.957,5104.264,2666
2026-03-12 18:30:00+00:00,5104.187,5104.547,5098.395,5098.865,2386
2026-03-12 18:45:00+00:00,5098.791,5099.553,5090.428,5094.465,2732
2026-03-12 19:00:00+00:00,5094.382,5095.014,5079.027,5085.014,3821
2026-03-12 19:15:00+00:00,5085.116,5095.554,5080.932,5093.733,2690
2026-03-12 19:30:00+00:00,5093.656,5096.806,5090.51,5092.012,2022
2026-03-12 19:45:00+00:00,5091.784,5096.192,5081.122,5084.853,2708
2026-03-12 20:00:00+00:00,5084.777,5090.587,5083.473,5085.399,1566
2026-03-12 20:15:00+00:00,5085.407,5088.897,5071.031,5071.41,2862
2026-03-12 20:30:00+00:00,5071.849,5073.131,5054.73,5072.446,4350
2026-03-12 20:45:00+00:00,5072.128,5081.322,5071.86,5079.926,1847
2026-03-12 22:00:00+00:00,5077.985,5086.453,5072.639,5081.288,1645
2026-03-12 22:15:00+00:00,5081.364,5095.006,5080.901,5092.267,1798
2026-03-12 22:30:00+00:00,5092.63,5092.63,5085.378,5089.22,1153
2026-03-12 22:45:00+00:00,5089.22,5096.296,5088.022,5096.072,1252
2026-03-12 23:00:00+00:00,5095.716,5096.109,5088.953,5090.372,1475
2026-03-12 23:15:00+00:00,5090.815,5099.269,5090.54,5094.015,1353
2026-03-12 23:30:00+00:00,5094.234,5098.307,5092.129,5095.035,1669
2026-03-12 23:45:00+00:00,5094.968,5100.988,5094.635,5098.22,1121
2026-03-13 00:00:00+00:00,5098.146,5108.115,5097.233,5106.137,1735
2026-03-13 00:15:00+00:00,5106.054,5108.506,5103.942,5106.393,1433
2026-03-13 00:30:00+00:00,5106.049,5110.731,5105.756,5107.567,1336
2026-03-13 00:45:00+00:00,5107.472,5115.376,5107.162,5113.403,1255
2026-03-13 01:00:00+00:00,5113.326,5120.736,5113.161,5119.281,2348
2026-03-13 01:15:00+00:00,5119.334,5120.602,5113.978,5118.615,2129
2026-03-13 01:30:00+00:00,5118.688,5121.648,5111.519,5112.416,2048
2026-03-13 01:45:00+00:00,5112.498,5124.185,5108.656,5123.981,2773
2026-03-13 02:00:00+00:00,5124.079,5128.521,5122.372,5122.955,1983
2026-03-13 02:15:00+00:00,5123.286,5123.286,5114.724,5121.226,1651
2026-03-13 02:30:00+00:00,5121.21,5121.599,5115.667,5118.067,1580
2026-03-13 02:45:00+00:00,5118.084,5118.644,5110.446,5111.721,1801
2026-03-13 03:00:00+00:00,5112.062,5115.651,5109.277,5110.828,1820
2026-03-13 03:15:00+00:00,5110.48,5113.885,5108.19,5110.183,1490
2026-03-13 03:30:00+00:00,5110.472,5112.095,5105.996,5110.343,1240
2026-03-13 03:45:00+00:00,5110.725,5116.713,5110.113,5115.283,1081
2026-03-13 04:00:00+00:00,5115.469,5117.828,5112.365,5113.995,1111
2026-03-13 04:15:00+00:00,5114.383,5114.481,5103.599,5105.284,1274
2026-03-13 04:30:00+00:00,5105.642,5107.201,5102.654,5104.595,1205
2026-03-13 04:45:00+00:00,5104.589,5106.764,5102.956,5104.372,1047
2026-03-13 05:00:00+00:00,5104.477,5109.095,5102.611,5108.745,1249
2026-03-13 05:15:00+00:00,5108.742,5110.145,5104.701,5106.061,1163
2026-03-13 05:30:00+00:00,5106.137,5110.919,5099.919,5100.696,2513
2026-03-13 05:45:00+00:00,5100.777,5105.418,5098.273,5103.085,2135
2026-03-13 06:00:00+00:00,5102.999,5107.587,5101.392,5104.106,2069
2026-03-13 06:15:00+00:00,5104.03,5104.238,5088.974,5095.403,2498
2026-03-13 06:30:00+00:00,5095.329,5098.171,5087.677,5091.575,2685
2026-03-13 06:45:00+00:00,5091.58,5094.76,5085.804,5088.109,2868
2026-03-13 07:00:00+00:00,5088.031,5093.877,5083.504,5090.383,2175
2026-03-13 07:15:00+00:00,5090.308,5090.467,5071.708,5084.514,3303
2026-03-13 07:30:00+00:00,5084.432,5093.051,5083.64,5089.313,1972
2026-03-13 07:45:00+00:00,5089.011,5092.424,5082.344,5084.869,1833
2026-03-13 08:00:00+00:00,5085.174,5085.174,5066.374,5077.802,3512
2026-03-13 08:15:00+00:00,5077.722,5078.905,5061.376,5070.954,2980
2026-03-13 08:30:00+00:00,5070.874,5084.205,5070.174,5076.217,2314
2026-03-13 08:45:00+00:00,5076.145,5088.036,5075.849,5087.096,1937
2026-03-13 09:00:00+00:00,5087.18,5096.816,5085.831,5092.282,2365
2026-03-13 09:15:00+00:00,5092.499,5093.091,5084.303,5091.508,1977
2026-03-13 09:30:00+00:00,5091.525,5092.815,5083.242,5085.108,1759
2026-03-13 09:45:00+00:00,5085.566,5094.316,5084.739,5089.706,1583
2026-03-13 10:00:00+00:00,5089.404,5093.678,5085.82,5093.223,1728
2026-03-13 10:15:00+00:00,5093.314,5096.938,5088.255,5089.378,1665
2026-03-13 10:30:00+00:00,5089.374,5089.563,5080.094,5087.631,2086
2026-03-13 10:45:00+00:00,5087.328,5098.513,5084.464,5094.61,2108
2026-03-13 11:00:00+00:00,5095.088,5097.638,5086.125,5090.212,2322
2026-03-13 11:15:00+00:00,5090.135,5097.451,5088.824,5095.091,1720
2026-03-13 11:30:00+00:00,5095.017,5096.417,5091.738,5094.557,1648
2026-03-13 11:45:00+00:00,5094.53,5107.803,5092.002,5107.723,2141
2026-03-13 12:00:00+00:00,5107.439,5118.617,5107.075,5108.584,3305
2026-03-13 12:15:00+00:00,5108.522,5115.174,5104.195,5113.406,2421
2026-03-13 12:30:00+00:00,5113.635,5116.114,5108.041,5111.889,2906
2026-03-13 12:45:00+00:00,5111.811,5121.939,5110.891,5118.409,3341
2026-03-13 13:00:00+00:00,5118.287,5121.341,5110.051,5112.606,4079
2026-03-13 13:15:00+00:00,5112.684,5115.49,5107.289,5108.537,2523
2026-03-13 13:30:00+00:00,5108.996,5112.327,5096.323,5112.141,4825
2026-03-13 13:45:00+00:00,5111.861,5116.849,5099.446,5101.479,3595
2026-03-13 14:00:00+00:00,5101.697,5107.73,5090.745,5090.906,4158
2026-03-13 14:15:00+00:00,5090.969,5094.305,5082.73,5088.73,4765
2026-03-13 14:30:00+00:00,5088.649,5091.851,5074.613,5079.102,5211
2026-03-13 14:45:00+00:00,5079.023,5079.422,5035.216,5041.787,9556
2026-03-13 15:00:00+00:00,5041.876,5071.24,5038.096,5068.876,7431
2026-03-13 15:15:00+00:00,5068.801,5071.054,5056.759,5063.077,4688
2026-03-13 15:30:00+00:00,5062.942,5068.132,5041.676,5046.629,5745
2026-03-13 15:45:00+00:00,5046.705,5057.12,5031.552,5034.871,8218
2026-03-13 16:00:00+00:00,5034.775,5040.8,5018.749,5031.634,8013
2026-03-13 16:15:00+00:00,5031.767,5041.57,5030.245,5040.857,5251
2026-03-13 16:30:00+00:00,5040.929,5053.052,5039.957,5044.453,4151
2026-03-13 16:45:00+00:00,5044.131,5051.787,5041.592,5046.097,3548
2026-03-13 17:00:00+00:00,5046.023,5057.078,5043.408,5057.078,3250
2026-03-13 17:15:00+00:00,5056.997,5061.946,5052.344,5056.25,3260
2026-03-13 17:30:00+00:00,5056.508,5063.87,5050.954,5053.627,3078
2026-03-13 17:45:00+00:00,5053.324,5055.105,5043.326,5046.508,2892
2026-03-13 18:00:00+00:00,5046.489,5051.416,5040.631,5042.548,2796
2026-03-13 18:15:00+00:00,5042.547,5046.168,5036.195,5041.624,2854
2026-03-13 18:30:00+00:00,5041.547,5049.228,5040.287,5044.229,2334
2026-03-13 18:45:00+00:00,5044.041,5046.43,5041.279,5046.329,2003
2026-03-13 19:00:00+00:00,5046.371,5050.0,5033.713,5039.653,2804
2026-03-13 19:15:00+00:00,5040.116,5040.269,5032.061,5035.037,2465
2026-03-13 19:30:00+00:00,5035.09,5036.825,5022.986,5025.467,2736
2026-03-13 19:45:00+00:00,5025.628,5026.025,5009.577,5016.515,4769
2026-03-13 20:00:00+00:00,5016.598,5021.167,5012.19,5016.371,2223
2026-03-13 20:15:00+00:00,5016.377,5021.178,5012.297,5013.907,1998
2026-03-13 20:30:00+00:00,5013.678,5025.481,5012.882,5024.618,1813
2026-03-13 20:45:00+00:00,5024.516,5025.111,5016.689,5021.082,2067
2026-03-15 22:00:00+00:00,5016.992,5030.633,5010.007,5023.52,2393
2026-03-15 22:15:00+00:00,5023.363,5023.846,5000.764,5013.085,2766
2026-03-15 22:30:00+00:00,5013.0,5018.25,5008.364,5010.691,2140
2026-03-15 22:45:00+00:00,5010.698,5025.929,5010.313,5024.765,1704
2026-03-15 23:00:00+00:00,5024.689,5026.211,5002.003,5007.276,2760
2026-03-15 23:15:00+00:00,5007.275,5008.049,4966.709,4989.664,5297
2026-03-15 23:30:00+00:00,4989.774,4992.602,4979.083,4984.135,3656
2026-03-15 23:45:00+00:00,4984.217,4998.914,4972.106,4997.513,3694
2026-03-16 00:00:00+00:00,4997.44,5028.748,4996.5,5022.722,6228
2026-03-16 00:15:00+00:00,5022.414,5023.848,5015.028,5016.942,2574
2026-03-16 00:30:00+00:00,5016.558,5031.161,5015.11,5027.865,2627
2026-03-16 00:45:00+00:00,5027.91,5030.129,5016.929,5025.849,2727
2026-03-16 01:00:00+00:00,5025.69,5026.699,4986.1,4986.293,8641
2026-03-16 01:15:00+00:00,4986.138,5005.59,4983.249,4987.982,7188
2026-03-16 01:30:00+00:00,4988.009,5004.244,4982.495,5003.615,5156
2026-03-16 01:45:00+00:00,5003.689,5016.426,5002.519,5015.709,3403
2026-03-16 02:00:00+00:00,5015.755,5018.653,5010.421,5015.141,2847
2026-03-16 02:15:00+00:00,5015.254,5018.702,5010.195,5012.823,2314
2026-03-16 02:30:00+00:00,5012.737,5014.494,5002.673,5005.917,3354
2026-03-16 02:45:00+00:00,5006.015,5008.489,4997.825,5003.714,2861
2026-03-16 03:00:00+00:00,5003.714,5006.985,4998.274,4999.451,2410
2026-03-16 03:15:00+00:00,4999.092,5011.686,4998.384,5011.082,2147
2026-03-16 03:30:00+00:00,5010.835,5019.077,5009.889,5018.611,1716
2026-03-16 03:45:00+00:00,5018.778,5020.786,5015.961,5019.076,1373
2026-03-16 04:00:00+00:00,5019.207,5026.052,5018.867,5024.188,1497
2026-03-16 04:15:00+00:00,5024.138,5026.183,5020.42,5021.159,1301
2026-03-16 04:30:00+00:00,5021.551,5024.854,5014.661,5016.959,1441
2026-03-16 04:45:00+00:00,5016.948,5017.057,5012.288,5012.926,1051
2026-03-16 05:00:00+00:00,5012.829,5015.77,5010.827,5012.715,1432
2026-03-16 05:15:00+00:00,5012.79,5013.29,5007.635,5011.032,1461
2026-03-16 05:30:00+00:00,5010.88,5017.332,5003.171,5016.153,2495
2026-03-16 05:45:00+00:00,5016.144,5020.05,5015.249,5017.425,1727
2026-03-16 06:00:00+00:00,5017.508,5027.917,5013.063,5027.032,2359
2026-03-16 06:15:00+00:00,5026.958,5035.911,5025.619,5027.444,2530
2026-03-16 06:30:00+00:00,5027.641,5029.328,5020.784,5022.475,1954
2026-03-16 06:45:00+00:00,5022.4,5022.898,5005.287,5011.891,3689
2026-03-16 07:00:00+00:00,5012.215,5016.311,5009.295,5009.901,1921
2026-03-16 07:15:00+00:00,5009.827,5009.848,4998.325,5002.41,3450
2026-03-16 07:30:00+00:00,5002.491,5007.209,4991.655,4992.884,3419
2026-03-16 07:45:00+00:00,4992.868,4999.954,4992.868,4995.213,2173
2026-03-16 08:00:00+00:00,4995.292,5000.441,4988.42,4988.768,3494
2026-03-16 08:15:00+00:00,4988.848,5003.256,4987.619,4997.038,3501
2026-03-16 08:30:00+00:00,4996.957,4998.662,4984.742,4987.406,3141
2026-03-16 08:45:00+00:00,4987.334,4997.831,4985.709,4991.227,2379
2026-03-16 09:00:00+00:00,4990.887,4991.441,4980.11,4985.305,3537
2026-03-16 09:15:00+00:00,4985.221,4990.58,4983.71,4989.074,2173
2026-03-16 09:30:00+00:00,4988.861,4991.647,4981.154,4981.573,2425
2026-03-16 09:45:00+00:00,4981.574,4985.351,4972.283,4975.261,3034
2026-03-16 10:00:00+00:00,4975.482,4980.081,4969.99,4976.928,2794
2026-03-16 10:15:00+00:00,4976.852,4990.842,4976.556,4986.81,2426
2026-03-16 10:30:00+00:00,4986.894,4988.307,4980.226,4985.392,2348
2026-03-16 10:45:00+00:00,4985.389,4999.62,4983.953,4998.61,2426
2026-03-16 11:00:00+00:00,4998.686,5006.303,4995.576,5002.269,1860
2026-03-16 11:15:00+00:00,5002.345,5022.751,5002.134,5018.902,2440
2026-03-16 11:30:00+00:00,5018.916,5020.136,5013.682,5015.586,1848
2026-03-16 11:45:00+00:00,5015.644,5017.898,4992.081,4997.086,3041
2026-03-16 12:00:00+00:00,4997.162,5006.557,4994.165,5005.703,2657
2026-03-16 12:15:00+00:00,5005.619,5024.821,5002.804,5022.588,2993
2026-03-16 12:30:00+00:00,5022.747,5025.549,5018.799,5021.653,2316
2026-03-16 12:45:00+00:00,5021.73,5022.319,5011.984,5019.719,2817
2026-03-16 13:00:00+00:00,5020.05,5023.592,5013.793,5022.202,3177
2026-03-16 13:15:00+00:00,5022.275,5030.056,5018.106,5021.321,2845
2026-03-16 13:30:00+00:00,5020.87,5034.784,5017.922,5031.363,5653
2026-03-16 13:45:00+00:00,5031.284,5033.619,5023.062,5029.55,4540
2026-03-16 14:00:00+00:00,5029.473,5038.124,5027.148,5028.274,4163
2026-03-16 14:15:00+00:00,5028.39,5029.859,5014.635,5014.898,4188
2026-03-16 14:30:00+00:00,5014.984,5015.252,5000.292,5001.059,4136
2026-03-16 14:45:00+00:00,5001.133,5002.371,4987.855,4995.684,5698
2026-03-16 15:00:00+00:00,4995.578,5002.188,4990.085,4998.284,4554
2026-03-16 15:15:00+00:00,4998.356,5005.662,4983.959,4991.611,3243
2026-03-16 15:30:00+00:00,4992.059,5003.328,4990.555,4996.867,2435
2026-03-16 15:45:00+00:00,4996.789,4999.196,4983.826,4986.864,2956
2026-03-16 16:00:00+00:00,4986.942,4998.677,4985.415,4996.208,2826
2026-03-16 16:15:00+00:00,4996.136,4998.216,4977.814,4979.951,3021
2026-03-16 16:30:00+00:00,4979.726,4989.419,4973.869,4987.162,3746
2026-03-16 16:45:00+00:00,4987.091,4992.865,4982.892,4990.64,2189
2026-03-16 17:00:00+00:00,4990.559,5003.681,4990.423,5001.869,2696
2026-03-16 17:15:00+00:00,5001.906,5003.002,4994.724,4995.838,2636
2026-03-16 17:30:00+00:00,4996.064,4996.637,4985.617,4987.734,2666
2026-03-16 17:45:00+00:00,4987.496,4992.751,4983.865,4991.231,1877
2026-03-16 18:00:00+00:00,4991.301,5001.044,4989.883,4998.779,2103
2026-03-16 18:15:00+00:00,4999.077,5007.951,4997.068,5006.242,2041
2026-03-16 18:30:00+00:00,5006.292,5015.782,5005.161,5014.282,2045
2026-03-16 18:45:00+00:00,5014.36,5017.812,5011.663,5012.787,1714
2026-03-16 19:00:00+00:00,5012.799,5020.333,5008.648,5011.897,2208
2026-03-16 19:15:00+00:00,5011.825,5015.465,5009.611,5010.321,2065
2026-03-16 19:30:00+00:00,5010.542,5014.62,5008.166,5010.246,1783
2026-03-16 19:45:00+00:00,5010.321,5016.016,5008.427,5012.697,1964
2026-03-16 20:00:00+00:00,5012.625,5021.669,5007.896,5016.909,1415
2026-03-16 20:15:00+00:00,5016.598,5017.676,5013.8,5014.283,937
2026-03-16 20:30:00+00:00,5014.209,5014.248,5007.638,5009.002,1168
2026-03-16 20:45:00+00:00,5008.927,5010.393,5004.62,5006.368,1273
2026-03-16 22:00:00+00:00,5007.59,5015.878,5000.679,5004.16,1483
2026-03-16 22:15:00+00:00,5003.859,5007.872,4998.658,5001.855,1437
2026-03-16 22:30:00+00:00,5001.559,5004.576,4998.605,5001.753,1141
2026-03-16 22:45:00+00:00,5001.386,5006.24,5000.443,5002.443,1047
2026-03-16 23:00:00+00:00,5002.072,5006.547,5002.072,5005.967,876
2026-03-16 23:15:00+00:00,5005.951,5010.163,5005.204,5009.337,802
2026-03-16 23:30:00+00:00,5009.358,5014.33,5008.727,5008.868,1060
2026-03-16 23:45:00+00:00,5008.795,5015.515,5006.736,5012.921,1133
2026-03-17 00:00:00+00:00,5012.92,5014.109,5002.381,5006.693,2148
2026-03-17 00:15:00+00:00,5006.328,5010.155,5000.131,5003.619,1730
2026-03-17 00:30:00+00:00,5003.299,5007.109,4998.209,5001.746,1572
2026-03-17 00:45:00+00:00,5001.825,5006.281,4998.009,5003.187,2357
2026-03-17 01:00:00+00:00,5002.812,5012.575,4994.332,5010.066,4077
2026-03-17 01:15:00+00:00,5010.055,5014.416,5007.47,5013.376,2152
2026-03-17 01:30:00+00:00,5013.302,5019.891,5011.428,5017.76,2264
2026-03-17 01:45:00+00:00,5017.666,5027.923,5016.644,5027.569,2053
2026-03-17 02:00:00+00:00,5027.589,5029.756,5020.81,5021.575,1927
2026-03-17 02:15:00+00:00,5021.575,5025.572,5019.66,5025.495,1302
2026-03-17 02:30:00+00:00,5025.13,5029.249,5021.95,5028.84,1505
2026-03-17 02:45:00+00:00,5028.896,5029.219,5021.65,5022.884,1484
2026-03-17 03:00:00+00:00,5022.688,5025.625,5020.569,5022.747,1318
2026-03-17 03:15:00+00:00,5023.041,5032.813,5022.466,5032.395,1355
2026-03-17 03:30:00+00:00,5032.422,5033.559,5027.471,5028.877,1542
2026-03-17 03:45:00+00:00,5028.833,5030.21,5025.771,5027.671,1067
2026-03-17 04:00:00+00:00,5027.372,5030.504,5026.236,5028.926,1095
2026-03-17 04:15:00+00:00,5029.266,5032.679,5026.172,5032.332,1153
2026-03-17 04:30:00+00:00,5032.36,5041.996,5031.919,5039.459,1326
2026-03-17 04:45:00+00:00,5039.573,5041.903,5036.879,5037.965,1724
2026-03-17 05:00:00+00:00,5038.025,5040.876,5032.626,5040.259,1639
2026-03-17 05:15:00+00:00,5040.359,5044.531,5033.473,5035.442,1816
2026-03-17 05:30:00+00:00,5035.364,5039.315,5031.132,5032.354,2130
2026-03-17 05:45:00+00:00,5032.37,5033.204,5020.229,5020.852,2488
2026-03-17 06:00:00+00:00,5020.924,5022.754,5006.958,5012.91,4246
2026-03-17 06:15:00+00:00,5012.591,5014.142,5004.927,5011.671,2766
2026-03-17 06:30:00+00:00,5011.881,5017.129,5010.211,5014.825,1958
2026-03-17 06:45:00+00:00,5015.212,5015.745,5008.408,5010.19,1899
2026-03-17 07:00:00+00:00,5010.114,5017.021,5009.166,5014.149,2140
2026-03-17 07:15:00+00:00,5014.268,5018.684,5008.812,5015.948,1514
2026-03-17 07:30:00+00:00,5015.931,5027.911,5015.676,5022.998,1850
2026-03-17 07:45:00+00:00,5023.326,5025.132,5017.105,5021.088,1399
2026-03-17 08:00:00+00:00,5021.046,5026.367,5018.999,5021.645,2130
2026-03-17 08:15:00+00:00,5021.948,5029.628,5019.082,5020.952,2100
2026-03-17 08:30:00+00:00,5021.043,5025.333,5018.988,5022.226,1704
2026-03-17 08:45:00+00:00,5022.092,5025.376,5018.082,5024.555,1656
2026-03-17 09:00:00+00:00,5024.384,5025.996,5013.07,5013.809,2043
2026-03-17 09:15:00+00:00,5014.033,5019.758,5012.902,5017.655,2070
2026-03-17 09:30:00+00:00,5017.751,5018.292,5011.138,5014.325,1765
2026-03-17 09:45:00+00:00,5014.159,5015.897,5009.932,5010.634,1427
2026-03-17 10:00:00+00:00,5010.554,5016.405,5000.983,5004.099,2275
2026-03-17 10:15:00+00:00,5003.946,5009.232,5001.669,5003.797,2007
2026-03-17 10:30:00+00:00,5003.423,5009.45,4991.577,4998.966,3034
2026-03-17 10:45:00+00:00,4999.256,5004.729,4995.912,5000.021,2012
2026-03-17 11:00:00+00:00,5000.3,5006.06,4996.727,5004.647,1907
2026-03-17 11:15:00+00:00,5004.722,5010.044,5004.722,5006.798,1459
2026-03-17 11:30:00+00:00,5007.122,5009.761,5004.195,5009.167,1255
2026-03-17 11:45:00+00:00,5009.139,5011.33,5002.162,5003.122,1475
2026-03-17 12:00:00+00:00,5003.047,5010.118,4999.294,5008.298,1797
2026-03-17 12:15:00+00:00,5008.373,5020.51,5008.317,5019.813,1873
2026-03-17 12:30:00+00:00,5019.877,5023.654,5016.061,5017.39,2156
2026-03-17 12:45:00+00:00,5017.699,5017.699,5009.65,5011.806,2087
2026-03-17 13:00:00+00:00,5011.877,5018.038,5009.811,5016.785,2833
2026-03-17 13:15:00+00:00,5016.741,5019.604,5010.611,5012.83,2599
2026-03-17 13:30:00+00:00,5012.615,5031.549,5010.92,5027.202,4952
2026-03-17 13:45:00+00:00,5027.129,5027.678,5005.294,5016.379,4435
2026-03-17 14:00:00+00:00,5016.4,5020.565,5009.55,5018.202,3683
2026-03-17 14:15:00+00:00,5018.021,5018.423,5006.847,5008.416,3418
2026-03-17 14:30:00+00:00,5008.275,5014.354,5002.644,5013.511,3524
2026-03-17 14:45:00+00:00,5013.587,5019.553,5007.185,5007.756,2711
2026-03-17 15:00:00+00:00,5007.682,5017.415,5006.25,5008.423,3434
2026-03-17 15:15:00+00:00,5008.518,5014.872,4993.642,4994.861,3735
2026-03-17 15:30:00+00:00,4994.934,5000.47,4973.324,4984.336,6187
2026-03-17 15:45:00+00:00,4984.265,4998.981,4983.73,4997.712,3214
2026-03-17 16:00:00+00:00,4998.066,4999.381,4991.663,4994.506,3362
2026-03-17 16:15:00+00:00,4994.579,5005.306,4993.058,5003.996,2542
2026-03-17 16:30:00+00:00,5003.813,5005.784,4999.666,5001.971,2119
2026-03-17 16:45:00+00:00,5001.995,5003.517,4997.578,5001.791,1740
2026-03-17 17:00:00+00:00,5001.706,5006.603,5001.317,5003.145,1882
2026-03-17 17:15:00+00:00,5003.22,5008.774,5001.065,5002.836,2097
2026-03-17 17:30:00+00:00,5002.91,5006.424,4997.554,4997.767,1854
2026-03-17 17:45:00+00:00,4997.782,5003.514,4996.335,5002.358,1310
2026-03-17 18:00:00+00:00,5002.43,5007.782,5000.601,5006.094,1470
2026-03-17 18:15:00+00:00,5006.078,5009.052,5003.754,5004.004,1547
2026-03-17 18:30:00+00:00,5004.088,5004.445,4999.724,5003.32,1593
2026-03-17 18:45:00+00:00,5003.227,5008.512,5002.752,5003.904,1436
2026-03-17 19:00:00+00:00,5003.831,5005.594,5000.211,5001.764,1377
2026-03-17 19:15:00+00:00,5001.678,5002.611,4998.21,4999.601,1390
2026-03-17 19:30:00+00:00,4999.967,5003.627,4996.211,5002.019,1586
2026-03-17 19:45:00+00:00,5001.843,5003.11,4998.022,5000.144,1771
2026-03-17 20:00:00+00:00,5000.348,5006.449,4999.808,5003.761,920
2026-03-17 20:15:00+00:00,5003.754,5004.833,5001.893,5003.809,701
2026-03-17 20:30:00+00:00,5003.611,5005.289,5002.264,5003.513,11599
2026-03-17 20:45:00+00:00,5003.801,5005.632,5001.367,5003.071,810
2026-03-17 22:00:00+00:00,5004.017,5004.648,4997.57,5002.413,686
2026-03-17 22:15:00+00:00,5002.417,5004.915,4999.959,5001.881,707
2026-03-17 22:30:00+00:00,5001.854,5001.9,4995.581,4996.461,740
2026-03-17 22:45:00+00:00,4996.083,5003.282,4993.315,4999.951,1047
2026-03-17 23:00:00+00:00,4999.793,5003.01,4998.688,4999.305,729
2026-03-17 23:15:00+00:00,4999.305,5001.459,4998.994,4999.89,718
2026-03-17 23:30:00+00:00,5000.104,5003.508,4999.784,5002.443,664
2026-03-17 23:45:00+00:00,5002.452,5003.184,5001.28,5002.757,594
2026-03-18 00:00:00+00:00,5002.81,5012.317,5001.157,5010.058,1752
2026-03-18 00:15:00+00:00,5010.168,5011.936,5002.455,5002.964,1545
2026-03-18 00:30:00+00:00,5002.816,5004.53,5000.075,5003.992,1453
2026-03-18 00:45:00+00:00,5004.133,5008.132,5001.181,5004.366,1399
2026-03-18 01:00:00+00:00,5004.439,5015.728,4997.724,5011.595,2827
2026-03-18 01:15:00+00:00,5011.254,5016.069,5008.136,5008.185,1617
2026-03-18 01:30:00+00:00,5008.18,5009.409,5001.411,5001.562,2181
2026-03-18 01:45:00+00:00,5001.484,5001.828,4991.048,4998.809,2740
2026-03-18 02:00:00+00:00,4998.658,5002.611,4996.299,4999.799,1822
2026-03-18 02:15:00+00:00,4999.781,5006.823,4999.033,5002.149,1353
2026-03-18 02:30:00+00:00,5002.222,5003.784,4999.946,5001.361,1597
2026-03-18 02:45:00+00:00,5001.463,5004.135,4990.413,4991.697,2024
2026-03-18 03:00:00+00:00,4991.92,4996.239,4986.261,4994.248,2101
2026-03-18 03:15:00+00:00,4994.005,4996.834,4993.601,4996.359,1396
2026-03-18 03:30:00+00:00,4996.072,4997.407,4993.76,4994.959,1142
2026-03-18 03:45:00+00:00,4994.685,4995.476,4989.686,4991.405,1153
2026-03-18 04:00:00+00:00,4991.387,4993.016,4989.433,4990.706,1089
2026-03-18 04:15:00+00:00,4990.687,4993.502,4990.393,4990.79,971
2026-03-18 04:30:00+00:00,4990.488,4991.117,4981.601,4984.518,1677
2026-03-18 04:45:00+00:00,4984.559,4987.028,4982.313,4986.891,1189
2026-03-18 05:00:00+00:00,4986.874,4991.942,4984.593,4990.028,1307
2026-03-18 05:15:00+00:00,4990.028,4992.864,4985.374,4990.653,1406
2026-03-18 05:30:00+00:00,4990.73,5001.203,4987.535,4999.438,2467
2026-03-18 05:45:00+00:00,4999.069,5002.606,4994.791,4997.472,1685
2026-03-18 06:00:00+00:00,4997.362,5009.07,4996.307,5009.07,1811
2026-03-18 06:15:00+00:00,5009.039,5010.789,5006.705,5008.82,1576
2026-03-18 06:30:00+00:00,5008.756,5016.264,5008.46,5011.4,1726
2026-03-18 06:45:00+00:00,5011.374,5014.53,5008.655,5009.49,1528
2026-03-18 07:00:00+00:00,5009.572,5014.883,5009.532,5009.586,1452
2026-03-18 07:15:00+00:00,5009.807,5010.1,5005.97,5009.13,1171
2026-03-18 07:30:00+00:00,5008.958,5009.752,5001.418,5002.09,1302
2026-03-18 07:45:00+00:00,5002.01,5002.375,4990.455,4995.066,2279
2026-03-18 08:00:00+00:00,4994.692,4996.649,4987.557,4992.818,1836
2026-03-18 08:15:00+00:00,4993.036,4995.505,4983.441,4988.853,2112
2026-03-18 08:30:00+00:00,4988.926,4992.063,4983.983,4985.395,1779
2026-03-18 08:45:00+00:00,4985.447,4990.272,4977.068,4987.713,2062
2026-03-18 09:00:00+00:00,4987.337,4991.103,4986.144,4986.466,1385
2026-03-18 09:15:00+00:00,4986.437,4994.159,4984.692,4992.492,1554
2026-03-18 09:30:00+00:00,4992.174,4995.552,4991.627,4993.276,1288
2026-03-18 09:45:00+00:00,4993.372,4995.217,4990.652,4991.958,1175
2026-03-18 10:00:00+00:00,4991.927,4991.927,4987.164,4988.891,1185
2026-03-18 10:15:00+00:00,4988.908,4990.836,4980.721,4982.567,1498
2026-03-18 10:30:00+00:00,4982.566,4987.09,4960.234,4977.68,4210
2026-03-18 10:45:00+00:00,4977.767,4980.279,4958.761,4967.966,2752
2026-03-18 11:00:00+00:00,4967.89,4970.305,4950.264,4970.042,3986
2026-03-18 11:15:00+00:00,4969.958,4973.972,4946.076,4948.549,3956
2026-03-18 11:30:00+00:00,4948.477,4961.86,4934.27,4939.236,5548
2026-03-18 11:45:00+00:00,4939.164,4944.487,4924.833,4930.048,5901
2026-03-18 12:00:00+00:00,4930.424,4932.416,4905.221,4908.514,8103
2026-03-18 12:15:00+00:00,4908.432,4912.346,4895.374,4901.588,8152
2026-03-18 12:30:00+00:00,4901.678,4901.811,4873.888,4878.133,8025
2026-03-18 12:45:00+00:00,4878.345,4891.628,4870.512,4881.414,7483
2026-03-18 13:00:00+00:00,4881.505,4881.505,4849.186,4858.423,12631
2026-03-18 13:15:00+00:00,4858.335,4866.002,4833.982,4861.271,8169
2026-03-18 13:30:00+00:00,4861.372,4885.551,4850.305,4873.017,11644
2026-03-18 13:45:00+00:00,4873.321,4880.487,4860.425,4877.831,8502
2026-03-18 14:00:00+00:00,4877.966,4894.672,4872.18,4881.139,6943
2026-03-18 14:15:00+00:00,4881.219,4883.417,4859.097,4860.83,6868
2026-03-18 14:30:00+00:00,4861.011,4865.221,4856.455,4861.25,5230
2026-03-18 14:45:00+00:00,4860.963,4872.663,4860.434,4869.455,4352
2026-03-18 15:00:00+00:00,4869.55,4878.163,4865.727,4875.271,4509
2026-03-18 15:15:00+00:00,4875.348,4880.076,4867.21,4872.057,3643
2026-03-18 15:30:00+00:00,4872.197,4875.546,4864.212,4864.53,3038
2026-03-18 15:45:00+00:00,4864.669,4866.69,4861.218,4862.55,3195
2026-03-18 16:00:00+00:00,4862.624,4879.161,4860.792,4877.955,2814
2026-03-18 16:15:00+00:00,4877.89,4883.07,4873.828,4882.439,2828
2026-03-18 16:30:00+00:00,4882.386,4882.871,4873.208,4882.581,3379
2026-03-18 16:45:00+00:00,4882.497,4890.318,4880.102,4886.782,2819
2026-03-18 17:00:00+00:00,4886.695,4890.246,4883.838,4886.835,2678
2026-03-18 17:15:00+00:00,4886.925,4898.037,4885.4,4891.145,3158
2026-03-18 17:30:00+00:00,4891.068,4899.016,4887.378,4894.478,2435
2026-03-18 17:45:00+00:00,4894.397,4895.752,4888.968,4890.685,2491
2026-03-18 18:00:00+00:00,4890.774,4899.334,4880.681,4887.344,5088
2026-03-18 18:15:00+00:00,4887.269,4889.559,4876.711,4885.78,4422
2026-03-18 18:30:00+00:00,4885.859,4888.081,4872.227,4878.32,6883
2026-03-18 18:45:00+00:00,4878.398,4878.821,4852.195,4853.092,5719
2026-03-18 19:00:00+00:00,4852.797,4861.39,4843.304,4857.113,5561
2026-03-18 19:15:00+00:00,4857.184,4865.335,4843.683,4849.399,4851
2026-03-18 19:30:00+00:00,4849.322,4860.111,4846.084,4850.707,4304
2026-03-18 19:45:00+00:00,4850.795,4851.325,4837.979,4843.082,5434
2026-03-18 20:00:00+00:00,4843.14,4848.37,4823.703,4825.963,3348
2026-03-18 20:15:00+00:00,4825.886,4828.498,4808.698,4811.379,4206
2026-03-18 20:30:00+00:00,4811.31,4821.517,4806.686,4821.042,3353
2026-03-18 20:45:00+00:00,4821.124,4826.939,4816.557,4818.484,2266
2026-03-18 22:00:00+00:00,4828.12,4836.937,4815.452,4818.731,2335
2026-03-18 22:15:00+00:00,4818.738,4825.38,4804.058,4815.984,3725
2026-03-18 22:30:00+00:00,4815.637,4829.209,4808.653,4828.061,2550
2026-03-18 22:45:00+00:00,4828.035,4838.737,4826.252,4834.27,2267
2026-03-18 23:00:00+00:00,4834.3,4836.827,4829.245,4834.556,1701
2026-03-18 23:15:00+00:00,4834.271,4840.903,4828.082,4836.953,1812
2026-03-18 23:30:00+00:00,4836.925,4842.531,4833.92,4834.323,1539
2026-03-18 23:45:00+00:00,4834.355,4838.379,4829.809,4836.771,1806
2026-03-19 00:00:00+00:00,4836.662,4848.348,4835.387,4843.159,2593
2026-03-19 00:15:00+00:00,4843.422,4844.167,4837.011,4842.308,2135
2026-03-19 00:30:00+00:00,4842.073,4848.898,4838.22,4840.698,2470
2026-03-19 00:45:00+00:00,4840.925,4846.178,4837.749,4841.353,2697
2026-03-19 01:00:00+00:00,4841.212,4853.427,4832.813,4837.874,5744
2026-03-19 01:15:00+00:00,4837.884,4845.677,4833.733,4845.387,3314
2026-03-19 01:30:00+00:00,4845.461,4866.913,4842.694,4865.578,3835
2026-03-19 01:45:00+00:00,4865.769,4865.769,4849.039,4850.032,2800
2026-03-19 02:00:00+00:00,4850.103,4851.962,4841.805,4849.378,3149
2026-03-19 02:15:00+00:00,4849.456,4858.161,4847.875,4857.035,1756
2026-03-19 02:30:00+00:00,4856.958,4861.83,4854.04,4861.299,2454
2026-03-19 02:45:00+00:00,4861.371,4862.23,4853.628,4858.558,2396
2026-03-19 03:00:00+00:00,4858.558,4865.079,4855.007,4864.27,2141
2026-03-19 03:15:00+00:00,4864.466,4865.764,4856.777,4860.146,1769
2026-03-19 03:30:00+00:00,4860.222,4860.222,4852.252,4856.364,1443
2026-03-19 03:45:00+00:00,4856.154,4857.329,4850.736,4850.971,1422
2026-03-19 04:00:00+00:00,4850.946,4851.9,4847.191,4851.017,1385
2026-03-19 04:15:00+00:00,4851.217,4853.731,4849.705,4850.441,1207
2026-03-19 04:30:00+00:00,4850.429,4852.891,4848.246,4849.631,1171
2026-03-19 04:45:00+00:00,4849.618,4850.417,4845.682,4849.781,1214
2026-03-19 05:00:00+00:00,4849.93,4853.82,4846.638,4850.512,1577
2026-03-19 05:15:00+00:00,4850.498,4853.81,4846.535,4846.809,1414
2026-03-19 05:30:00+00:00,4846.681,4846.681,4832.533,4833.913,3525
2026-03-19 05:45:00+00:00,4833.984,4840.143,4826.94,4827.624,3023
2026-03-19 06:00:00+00:00,4827.553,4841.994,4827.137,4833.125,3438
2026-03-19 06:15:00+00:00,4833.209,4833.721,4813.209,4813.454,3659
2026-03-19 06:30:00+00:00,4813.939,4819.844,4779.921,4786.346,7728
2026-03-19 06:45:00+00:00,4786.209,4788.637,4747.279,4763.934,12076
2026-03-19 07:00:00+00:00,4763.86,4784.259,4762.534,4778.084,5294
2026-03-19 07:15:00+00:00,4778.177,4782.158,4756.909,4770.642,5142
2026-03-19 07:30:00+00:00,4770.864,4771.755,4735.737,4739.763,4975
2026-03-19 07:45:00+00:00,4739.742,4754.988,4727.011,4727.802,5138
2026-03-19 08:00:00+00:00,4728.053,4740.33,4701.294,4714.287,9414
2026-03-19 08:15:00+00:00,4714.363,4736.484,4712.951,4718.384,7501
2026-03-19 08:30:00+00:00,4718.466,4722.033,4686.754,4688.617,10752
2026-03-19 08:45:00+00:00,4688.545,4719.686,4686.777,4709.166,7192
2026-03-19 09:00:00+00:00,4709.091,4721.216,4687.859,4694.887,7969
2026-03-19 09:15:00+00:00,4694.817,4722.51,4693.4,4709.214,10225
2026-03-19 09:30:00+00:00,4709.136,4725.995,4702.894,4705.083,7814
2026-03-19 09:45:00+00:00,4705.212,4717.058,4696.01,4699.017,7406
2026-03-19 10:00:00+00:00,4698.805,4719.896,4697.575,4704.47,5422
2026-03-19 10:15:00+00:00,4704.538,4705.541,4670.829,4683.365,6801
2026-03-19 10:30:00+00:00,4683.386,4700.344,4674.029,4683.492,7797
2026-03-19 10:45:00+00:00,4683.514,4688.64,4666.436,4678.886,6711
2026-03-19 11:00:00+00:00,4678.863,4699.478,4678.763,4686.181,6024
2026-03-19 11:15:00+00:00,4686.107,4692.282,4676.445,4686.094,5165
2026-03-19 11:30:00+00:00,4686.121,4695.484,4658.008,4663.902,6164
2026-03-19 11:45:00+00:00,4663.972,4668.127,4650.592,4652.246,6588
2026-03-19 12:00:00+00:00,4651.888,4653.957,4609.729,4619.44,11866
2026-03-19 12:15:00+00:00,4619.062,4630.683,4602.812,4606.343,9347
2026-03-19 12:30:00+00:00,4606.91,4617.757,4559.856,4563.564,11115
2026-03-19 12:45:00+00:00,4563.494,4585.841,4531.08,4574.624,20233
2026-03-19 13:00:00+00:00,4574.55,4574.55,4502.516,4538.859,23344
2026-03-19 13:15:00+00:00,4539.146,4581.062,4523.457,4576.263,18111
2026-03-19 13:30:00+00:00,4576.35,4583.218,4546.258,4559.145,27982
2026-03-19 13:45:00+00:00,4559.037,4621.16,4538.749,4621.16,20411
2026-03-19 14:00:00+00:00,4620.558,4649.258,4618.485,4630.753,16955
2026-03-19 14:15:00+00:00,4630.953,4635.686,4584.046,4585.533,16916
2026-03-19 14:30:00+00:00,4585.427,4622.477,4580.884,4612.81,14276
2026-03-19 14:45:00+00:00,4613.019,4627.732,4598.02,4601.499,12523
2026-03-19 15:00:00+00:00,4601.872,4638.729,4593.441,4627.218,12988
2026-03-19 15:15:00+00:00,4627.151,4629.119,4596.458,4602.881,10252
2026-03-19 15:30:00+00:00,4602.951,4603.025,4569.984,4571.869,13416
2026-03-19 15:45:00+00:00,4571.796,4611.519,4566.098,4596.542,12158
2026-03-19 16:00:00+00:00,4596.617,4626.657,4592.866,4605.037,11338
2026-03-19 16:15:00+00:00,4604.968,4617.046,4593.553,4599.0,10113
2026-03-19 16:30:00+00:00,4599.083,4608.645,4583.906,4593.262,9828
2026-03-19 16:45:00+00:00,4592.9,4598.701,4576.659,4584.686,8219
2026-03-19 17:00:00+00:00,4584.757,4596.151,4573.69,4579.216,7098
2026-03-19 17:15:00+00:00,4579.143,4613.803,4574.203,4602.927,8721
2026-03-19 17:30:00+00:00,4603.004,4618.76,4599.572,4604.993,7548
2026-03-19 17:45:00+00:00,4605.288,4629.884,4604.855,4616.212,6284
2026-03-19 18:00:00+00:00,4616.033,4619.153,4600.864,4614.769,6130
2026-03-19 18:15:00+00:00,4614.486,4617.456,4604.362,4609.291,4674
2026-03-19 18:30:00+00:00,4609.374,4611.214,4595.953,4609.141,4519
2026-03-19 18:45:00+00:00,4609.032,4622.854,4604.348,4622.854,3871
2026-03-19 19:00:00+00:00,4622.748,4663.406,4622.748,4656.919,14919
2026-03-19 19:15:00+00:00,4656.997,4661.983,4632.902,4644.211,11909
2026-03-19 19:30:00+00:00,4644.13,4649.425,4632.636,4638.762,7403
2026-03-19 19:45:00+00:00,4638.839,4650.0,4631.841,4644.043,6983
2026-03-19 20:00:00+00:00,4643.671,4658.33,4642.591,4653.984,3350
2026-03-19 20:15:00+00:00,4654.074,4660.739,4649.913,4657.385,2612
2026-03-19 20:30:00+00:00,4657.456,4659.532,4653.425,4654.678,1952
2026-03-19 20:45:00+00:00,4654.669,4662.043,4651.817,4657.545,2166
2026-03-19 22:00:00+00:00,4657.69,4671.865,4650.549,4670.94,1454
2026-03-19 22:15:00+00:00,4670.979,4677.124,4660.667,4666.419,2061
2026-03-19 22:30:00+00:00,4666.125,4666.316,4646.127,4646.795,2001
2026-03-19 22:45:00+00:00,4646.873,4650.203,4636.259,4636.47,1935
2026-03-19 23:00:00+00:00,4636.54,4647.633,4636.54,4638.34,1642
2026-03-19 23:15:00+00:00,4638.428,4647.174,4638.221,4643.709,1500
2026-03-19 23:30:00+00:00,4643.739,4647.949,4634.152,4635.814,1612
2026-03-19 23:45:00+00:00,4635.743,4646.918,4635.223,4643.724,1444
2026-03-20 00:00:00+00:00,4643.652,4662.977,4642.659,4662.232,2850
2026-03-20 00:15:00+00:00,4662.358,4665.056,4642.06,4649.225,3294
2026-03-20 00:30:00+00:00,4649.176,4656.523,4644.67,4655.736,2526
2026-03-20 00:45:00+00:00,4655.761,4660.529,4646.968,4648.787,2566
2026-03-20 01:00:00+00:00,4648.415,4680.458,4639.258,4652.01,9717
2026-03-20 01:15:00+00:00,4651.921,4662.061,4648.263,4661.844,5033
2026-03-20 01:30:00+00:00,4661.914,4688.803,4661.201,4686.342,5496
2026-03-20 01:45:00+00:00,4686.24,4699.365,4672.4,4677.266,5327
2026-03-20 02:00:00+00:00,4677.194,4689.538,4670.142,4685.521,4250
2026-03-20 02:15:00+00:00,4685.451,4690.225,4680.939,4683.558,2550
2026-03-20 02:30:00+00:00,4683.706,4691.459,4679.281,4685.116,4002
2026-03-20 02:45:00+00:00,4685.193,4703.634,4682.747,4697.964,3716
2026-03-20 03:00:00+00:00,4698.035,4723.511,4693.247,4717.302,4484
2026-03-20 03:15:00+00:00,4717.52,4735.753,4716.265,4733.524,4480
2026-03-20 03:30:00+00:00,4733.616,4735.922,4727.97,4730.454,2499
2026-03-20 03:45:00+00:00,4730.463,4730.463,4721.68,4725.577,2477
2026-03-20 04:00:00+00:00,4725.676,4727.644,4716.916,4718.935,1999
2026-03-20 04:15:00+00:00,4718.896,4724.475,4718.466,4723.451,1820
2026-03-20 04:30:00+00:00,4723.375,4726.997,4718.203,4720.118,1795
2026-03-20 04:45:00+00:00,4719.816,4722.781,4715.561,4721.424,1635
2026-03-20 05:00:00+00:00,4721.514,4722.227,4710.433,4718.285,2439
2026-03-20 05:15:00+00:00,4718.218,4723.643,4717.254,4719.508,1906
2026-03-20 05:30:00+00:00,4719.558,4720.034,4701.816,4709.369,5178
2026-03-20 05:45:00+00:00,4709.297,4710.76,4685.715,4688.618,4842
2026-03-20 06:00:00+00:00,4688.536,4700.938,4684.717,4691.533,4622
2026-03-20 06:15:00+00:00,4691.573,4695.852,4679.811,4688.041,4561
2026-03-20 06:30:00+00:00,4688.054,4689.702,4661.317,4666.089,5500
2026-03-20 06:45:00+00:00,4666.158,4675.741,4662.605,4669.072,4293
2026-03-20 07:00:00+00:00,4668.991,4684.034,4667.965,4679.285,3980
2026-03-20 07:15:00+00:00,4679.216,4688.482,4676.267,4688.16,2516
2026-03-20 07:30:00+00:00,4688.069,4698.28,4685.083,4694.008,2195
2026-03-20 07:45:00+00:00,4694.085,4707.988,4694.085,4706.154,2336
2026-03-20 08:00:00+00:00,4706.235,4717.607,4702.104,4716.015,3029
2026-03-20 08:15:00+00:00,4716.292,4734.826,4715.387,4722.86,3573
2026-03-20 08:30:00+00:00,4722.93,4723.024,4699.323,4706.989,4453
2026-03-20 08:45:00+00:00,4707.366,4708.392,4684.693,4693.454,4392
2026-03-20 09:00:00+00:00,4693.825,4700.403,4683.93,4693.727,3320
2026-03-20 09:15:00+00:00,4693.99,4697.367,4684.034,4691.7,2759
2026-03-20 09:30:00+00:00,4691.774,4692.543,4670.776,4673.601,3372
2026-03-20 09:45:00+00:00,4673.497,4677.406,4659.809,4667.811,4651
2026-03-20 10:00:00+00:00,4667.401,4670.202,4650.14,4662.84,5713
2026-03-20 10:15:00+00:00,4663.143,4666.646,4645.81,4658.274,4277
2026-03-20 10:30:00+00:00,4657.908,4669.983,4649.555,4659.845,4427
2026-03-20 10:45:00+00:00,4659.759,4660.334,4638.065,4645.252,4984
2026-03-20 11:00:00+00:00,4645.409,4666.622,4636.934,4662.733,5409
2026-03-20 11:15:00+00:00,4662.363,4668.526,4658.668,4665.113,3535
2026-03-20 11:30:00+00:00,4665.073,4674.223,4661.496,4669.576,3377
2026-03-20 11:45:00+00:00,4669.646,4672.325,4657.449,4671.759,3126
2026-03-20 12:00:00+00:00,4671.837,4695.641,4671.71,4685.638,5424
2026-03-20 12:15:00+00:00,4685.708,4691.87,4677.74,4678.163,5194
2026-03-20 12:30:00+00:00,4678.369,4682.152,4661.879,4670.057,5165
2026-03-20 12:45:00+00:00,4669.99,4681.746,4665.756,4678.339,4558
2026-03-20 13:00:00+00:00,4678.124,4679.642,4653.602,4661.903,8871
2026-03-20 13:15:00+00:00,4662.224,4670.36,4655.879,4659.956,8220
2026-03-20 13:30:00+00:00,4659.899,4666.059,4636.405,4662.473,32089
2026-03-20 13:45:00+00:00,4662.417,4665.442,4612.68,4616.298,30584
2026-03-20 14:00:00+00:00,4616.242,4622.582,4585.98,4587.419,27542
2026-03-20 14:15:00+00:00,4587.383,4588.538,4551.138,4558.086,34436
2026-03-20 14:30:00+00:00,4558.147,4585.423,4557.192,4575.796,26706
2026-03-20 14:45:00+00:00,4575.74,4582.55,4547.742,4563.941,22523
2026-03-20 15:00:00+00:00,4563.994,4580.209,4559.94,4576.104,21232
2026-03-20 15:15:00+00:00,4576.153,4576.838,4540.423,4562.891,24262
2026-03-20 15:30:00+00:00,4562.773,4575.865,4556.6,4562.805,19328
2026-03-20 15:45:00+00:00,4562.847,4562.847,4544.162,4553.393,15567
2026-03-20 16:00:00+00:00,4553.174,4588.55,4551.626,4587.967,16189
2026-03-20 16:15:00+00:00,4588.185,4613.739,4583.492,4584.892,15416
2026-03-20 16:30:00+00:00,4584.959,4592.784,4570.386,4581.35,14548
2026-03-20 16:45:00+00:00,4581.394,4588.552,4567.67,4583.445,12713
2026-03-20 17:00:00+00:00,4583.389,4600.819,4572.813,4582.239,19183
2026-03-20 17:15:00+00:00,4582.2,4583.075,4568.505,4572.153,17768
2026-03-20 17:30:00+00:00,4572.201,4574.541,4554.008,4565.737,14936
2026-03-20 17:45:00+00:00,4565.791,4577.159,4562.394,4573.547,9174
2026-03-20 18:00:00+00:00,4573.596,4578.544,4561.095,4563.069,9443
2026-03-20 18:15:00+00:00,4563.131,4568.153,4536.202,4554.521,17569
2026-03-20 18:30:00+00:00,4554.484,4557.102,4524.439,4526.234,15038
2026-03-20 18:45:00+00:00,4526.182,4529.572,4477.064,4499.581,20836
2026-03-20 19:00:00+00:00,4499.637,4516.347,4485.475,4500.396,20416
2026-03-20 19:15:00+00:00,4500.432,4507.976,4485.187,4498.302,22894
2026-03-20 19:30:00+00:00,4498.573,4516.761,4492.078,4514.084,18079
2026-03-20 19:45:00+00:00,4514.141,4516.01,4496.817,4501.459,16768
2026-03-20 20:00:00+00:00,4501.674,4507.327,4493.539,4504.862,8524
2026-03-20 20:15:00+00:00,4504.773,4514.59,4500.518,4501.234,6164
2026-03-20 20:30:00+00:00,4501.285,4504.606,4496.714,4503.279,5740
2026-03-20 20:45:00+00:00,4502.968,4504.42,4494.101,4497.486,5058
2026-03-22 22:00:00+00:00,4477.889,4515.79,4449.157,4507.509,6856
2026-03-22 22:15:00+00:00,4507.223,4536.286,4503.371,4524.253,6967
2026-03-22 22:30:00+00:00,4524.261,4526.766,4504.895,4506.751,6002
2026-03-22 22:45:00+00:00,4506.71,4515.385,4489.9,4497.949,3996
2026-03-22 23:00:00+00:00,4497.979,4510.844,4485.428,4490.338,6250
2026-03-22 23:15:00+00:00,4490.307,4499.948,4482.532,4485.192,5561
2026-03-22 23:30:00+00:00,4485.145,4491.049,4472.169,4488.476,5635
2026-03-22 23:45:00+00:00,4488.529,4493.765,4452.456,4464.845,9540
2026-03-23 00:00:00+00:00,4464.544,4473.236,4425.299,4436.465,20309
2026-03-23 00:15:00+00:00,4436.808,4445.266,4404.297,4427.056,20738
2026-03-23 00:30:00+00:00,4426.979,4436.829,4329.621,4362.083,37207
2026-03-23 00:45:00+00:00,4362.157,4371.442,4319.458,4354.056,31330
2026-03-23 01:00:00+00:00,4354.307,4423.05,4329.704,4407.83,47185
2026-03-23 01:15:00+00:00,4407.894,4444.002,4406.874,4421.791,28942
2026-03-23 01:30:00+00:00,4421.828,4454.194,4416.382,4435.595,28071
2026-03-23 01:45:00+00:00,4435.642,4436.797,4381.04,4387.363,23459
2026-03-23 02:00:00+00:00,4387.507,4422.069,4382.949,4395.827,23571
2026-03-23 02:15:00+00:00,4395.668,4416.996,4393.987,4399.471,14901
2026-03-23 02:30:00+00:00,4399.421,4400.924,4369.382,4384.609,22493
2026-03-23 02:45:00+00:00,4384.565,4384.649,4354.738,4360.655,20379
2026-03-23 03:00:00+00:00,4360.79,4378.066,4347.852,4349.682,15710
2026-03-23 03:15:00+00:00,4349.357,4365.584,4346.834,4351.122,15097
2026-03-23 03:30:00+00:00,4351.182,4365.084,4334.787,4342.15,12246
2026-03-23 03:45:00+00:00,4341.853,4360.356,4337.165,4353.009,8707
2026-03-23 04:00:00+00:00,4353.07,4370.682,4352.795,4363.518,9715
2026-03-23 04:15:00+00:00,4363.558,4370.425,4361.273,4368.571,5271
2026-03-23 04:30:00+00:00,4368.507,4381.783,4360.073,4375.181,8499
2026-03-23 04:45:00+00:00,4375.195,4376.532,4349.969,4367.242,8338
2026-03-23 05:00:00+00:00,4367.216,4379.999,4365.846,4372.46,8583
2026-03-23 05:15:00+00:00,4372.509,4374.143,4351.647,4356.125,8015
2026-03-23 05:30:00+00:00,4356.352,4356.388,4320.074,4322.252,23694
2026-03-23 05:45:00+00:00,4322.206,4326.708,4302.32,4310.119,18096
2026-03-23 06:00:00+00:00,4310.258,4310.5,4269.747,4294.557,23118
2026-03-23 06:15:00+00:00,4294.512,4310.2,4238.72,4243.741,28460
2026-03-23 06:30:00+00:00,4243.693,4249.982,4182.502,4182.913,39360
2026-03-23 06:45:00+00:00,4183.017,4230.358,4162.913,4220.318,43101
2026-03-23 07:00:00+00:00,4220.275,4222.152,4125.909,4130.6,51100
2026-03-23 07:15:00+00:00,4130.655,4160.047,4098.363,4136.173,50934
2026-03-23 07:30:00+00:00,4136.101,4216.159,4129.342,4214.678,38990
2026-03-23 07:45:00+00:00,4214.75,4232.875,4186.338,4204.212,32897
2026-03-23 08:00:00+00:00,4204.285,4255.84,4202.813,4253.119,37551
2026-03-23 08:15:00+00:00,4253.012,4256.246,4211.113,4226.674,33370
2026-03-23 08:30:00+00:00,4226.727,4270.731,4222.258,4257.326,25034
2026-03-23 08:45:00+00:00,4257.363,4269.807,4219.437,4250.903,22147
2026-03-23 09:00:00+00:00,4250.952,4269.255,4245.901,4268.864,20577
2026-03-23 09:15:00+00:00,4268.786,4304.048,4267.331,4304.004,16820
2026-03-23 09:30:00+00:00,4303.986,4308.365,4224.877,4225.705,29038
2026-03-23 09:45:00+00:00,4225.75,4257.045,4223.442,4253.229,16977
2026-03-23 10:00:00+00:00,4253.292,4272.733,4243.527,4263.605,17355
2026-03-23 10:15:00+00:00,4263.808,4274.994,4256.108,4268.594,12481
2026-03-23 10:30:00+00:00,4268.693,4269.454,4241.045,4256.97,15261
2026-03-23 10:45:00+00:00,4257.128,4281.951,4249.669,4269.081,19516
2026-03-23 11:00:00+00:00,4269.028,4463.475,4269.028,4456.476,56734
2026-03-23 11:15:00+00:00,4456.424,4461.367,4355.012,4399.175,55909
2026-03-23 11:30:00+00:00,4399.247,4432.116,4383.467,4412.513,35974
2026-03-23 11:45:00+00:00,4412.464,4417.4,4361.307,4379.171,41724
2026-03-23 12:00:00+00:00,4378.796,4380.63,4336.794,4352.748,41676
2026-03-23 12:15:00+00:00,4352.81,4405.238,4352.278,4390.516,37209
2026-03-23 12:30:00+00:00,4390.36,4442.083,4374.01,4441.329,36863
2026-03-23 12:45:00+00:00,4441.211,4492.771,4433.005,4478.651,38177
2026-03-23 13:00:00+00:00,4478.283,4485.594,4431.274,4446.685,49450
2026-03-23 13:15:00+00:00,4446.628,4452.919,4404.756,4409.761,27573
2026-03-23 13:30:00+00:00,4409.853,4450.299,4401.371,4422.29,51851
2026-03-23 13:45:00+00:00,4422.365,4466.879,4419.351,4454.225,47904
2026-03-23 14:00:00+00:00,4454.286,4479.402,4453.263,4464.421,35875
2026-03-23 14:15:00+00:00,4464.367,4512.862,4460.882,4486.008,34957
2026-03-23 14:30:00+00:00,4486.061,4504.51,4469.708,4479.316,32329
2026-03-23 14:45:00+00:00,4479.402,4486.119,4456.489,4461.954,27115
2026-03-23 15:00:00+00:00,4461.983,4486.914,4454.616,4465.245,22966
2026-03-23 15:15:00+00:00,4465.173,4468.413,4427.228,4447.604,30748
2026-03-23 15:30:00+00:00,4447.435,4456.156,4405.433,4407.55,31747
2026-03-23 15:45:00+00:00,4407.788,4414.073,4350.894,4363.889,39313
2026-03-23 16:00:00+00:00,4363.482,4390.021,4352.57,4383.993,39071
2026-03-23 16:15:00+00:00,4383.946,4389.364,4352.292,4355.053,30071
2026-03-23 16:30:00+00:00,4355.109,4388.083,4353.423,4385.9,26251
2026-03-23 16:45:00+00:00,4385.834,4391.684,4371.205,4375.436,28512
2026-03-23 17:00:00+00:00,4375.217,4405.701,4370.728,4397.26,20022
2026-03-23 17:15:00+00:00,4397.333,4413.876,4388.366,4405.594,20532
2026-03-23 17:30:00+00:00,4405.529,4439.126,4403.886,4420.51,17217
2026-03-23 17:45:00+00:00,4420.101,4429.858,4404.465,4425.975,12495
2026-03-23 18:00:00+00:00,4426.043,4429.291,4401.927,4421.195,21057
2026-03-23 18:15:00+00:00,4421.097,4430.872,4409.364,4425.917,14166
2026-03-23 18:30:00+00:00,4425.983,4462.19,4425.656,4461.536,15209
2026-03-23 18:45:00+00:00,4461.479,4467.134,4446.173,4448.948,11147
2026-03-23 19:00:00+00:00,4449.089,4450.703,4402.88,4406.953,13472
2026-03-23 19:15:00+00:00,4406.574,4415.054,4392.691,4410.31,15161
2026-03-23 19:30:00+00:00,4410.259,4416.725,4402.124,4416.725,11770
2026-03-23 19:45:00+00:00,4416.671,4427.541,4396.852,4397.713,16472
2026-03-23 20:00:00+00:00,4397.652,4408.518,4382.734,4403.511,7532
2026-03-23 20:15:00+00:00,4403.516,4413.257,4403.48,4406.966,3378
2026-03-23 20:30:00+00:00,4406.865,4411.508,4395.956,4410.869,3089
2026-03-23 20:45:00+00:00,4410.815,4413.003,4405.041,4406.572,2287
2026-03-23 22:00:00+00:00,4419.637,4420.67,4361.217,4397.937,5368
2026-03-23 22:15:00+00:00,4397.457,4414.989,4389.462,4414.246,5847
2026-03-23 22:30:00+00:00,4414.171,4416.829,4398.286,4409.104,5054
2026-03-23 22:45:00+00:00,4409.112,4431.455,4406.337,4426.584,4278
2026-03-23 23:00:00+00:00,4426.516,4437.582,4423.362,4435.581,3732
2026-03-23 23:15:00+00:00,4435.533,4448.273,4433.496,4442.027,3619
2026-03-23 23:30:00+00:00,4441.641,4444.419,4421.779,4430.777,3671
2026-03-23 23:45:00+00:00,4430.406,4446.279,4422.01,4441.255,4801
2026-03-24 00:00:00+00:00,4441.187,4446.647,4420.126,4422.277,10130
2026-03-24 00:15:00+00:00,4422.292,4423.632,4368.679,4377.755,14918
2026-03-24 00:30:00+00:00,4377.817,4387.312,4330.859,4344.309,19752
2026-03-24 00:45:00+00:00,4344.362,4386.454,4342.976,4364.869,16449
2026-03-24 01:00:00+00:00,4364.812,4374.068,4328.15,4331.169,32140
2026-03-24 01:15:00+00:00,4331.244,4369.102,4330.766,4354.672,21038
2026-03-24 01:30:00+00:00,4354.74,4368.455,4321.164,4321.343,19786
2026-03-24 01:45:00+00:00,4321.274,4331.821,4307.731,4322.314,19782
2026-03-24 02:00:00+00:00,4322.191,4336.985,4305.524,4312.011,19341
2026-03-24 02:15:00+00:00,4311.863,4353.887,4309.376,4351.615,14724
2026-03-24 02:30:00+00:00,4351.664,4373.671,4344.405,4366.543,17940
2026-03-24 02:45:00+00:00,4366.766,4379.423,4352.14,4366.052,15138
2026-03-24 03:00:00+00:00,4366.313,4368.191,4349.936,4358.219,12584
2026-03-24 03:15:00+00:00,4358.164,4368.404,4355.498,4364.726,10588
2026-03-24 03:30:00+00:00,4364.332,4365.009,4338.344,4341.198,9998
2026-03-24 03:45:00+00:00,4341.131,4349.639,4334.831,4346.901,6465
2026-03-24 04:00:00+00:00,4346.85,4357.29,4346.385,4349.771,5947
2026-03-24 04:15:00+00:00,4349.875,4350.281,4326.579,4339.691,8206
2026-03-24 04:30:00+00:00,4339.642,4347.851,4335.769,4340.884,5471
2026-03-24 04:45:00+00:00,4341.136,4349.511,4332.188,4333.588,5379
2026-03-24 05:00:00+00:00,4333.14,4345.651,4319.6,4335.403,9674
2026-03-24 05:15:00+00:00,4335.274,4346.914,4333.778,4335.311,10041
2026-03-24 05:30:00+00:00,4335.0,4374.215,4320.895,4358.306,22026
2026-03-24 05:45:00+00:00,4358.362,4369.037,4343.229,4346.99,14505
2026-03-24 06:00:00+00:00,4347.05,4375.633,4342.607,4366.347,16161
2026-03-24 06:15:00+00:00,4366.402,4397.105,4358.721,4386.944,16725
2026-03-24 06:30:00+00:00,4386.786,4397.285,4374.547,4377.774,15882
2026-03-24 06:45:00+00:00,4377.834,4405.183,4372.898,4401.909,13723
2026-03-24 07:00:00+00:00,4401.854,4425.603,4399.362,4424.407,14622
2026-03-24 07:15:00+00:00,4424.36,4425.199,4405.747,4412.578,11385
2026-03-24 07:30:00+00:00,4412.573,4412.573,4399.821,4408.794,10968
2026-03-24 07:45:00+00:00,4408.72,4432.484,4401.524,4417.355,11190
2026-03-24 08:00:00+00:00,4417.308,4420.955,4402.192,4414.282,14856
2026-03-24 08:15:00+00:00,4414.284,4417.541,4390.954,4396.225,11177
2026-03-24 08:30:00+00:00,4396.2,4405.818,4391.386,4400.191,7661
2026-03-24 08:45:00+00:00,4400.133,4414.22,4398.23,4411.72,11446
2026-03-24 09:00:00+00:00,4411.738,4419.325,4397.17,4398.776,9251
2026-03-24 09:15:00+00:00,4399.147,4415.119,4395.726,4406.973,7786
2026-03-24 09:30:00+00:00,4407.355,4421.193,4404.875,4416.024,6254
2026-03-24 09:45:00+00:00,4416.1,4430.924,4411.96,4426.555,5712
2026-03-24 10:00:00+00:00,4426.605,4431.239,4414.855,4426.169,7433
2026-03-24 10:15:00+00:00,4426.201,4432.942,4421.178,4422.349,5807
2026-03-24 10:30:00+00:00,4422.301,4427.906,4414.462,4427.214,6208
2026-03-24 10:45:00+00:00,4427.239,4441.814,4418.926,4438.434,7205
2026-03-24 11:00:00+00:00,4438.494,4442.191,4375.176,4419.612,24318
2026-03-24 11:15:00+00:00,4419.369,4420.685,4403.219,4413.02,10356
2026-03-24 11:30:00+00:00,4413.078,4431.701,4411.186,4421.633,8500
2026-03-24 11:45:00+00:00,4422.059,4427.692,4390.433,4407.594,16282
2026-03-24 12:00:00+00:00,4407.691,4422.53,4404.512,4420.186,12646
2026-03-24 12:15:00+00:00,4420.132,4427.579,4395.696,4402.581,14185
2026-03-24 12:30:00+00:00,4402.337,4406.646,4362.007,4369.915,18012
2026-03-24 12:45:00+00:00,4369.96,4390.547,4368.886,4378.791,15816
2026-03-24 13:00:00+00:00,4378.723,4390.068,4363.776,4378.325,25405
2026-03-24 13:15:00+00:00,4378.381,4384.38,4356.772,4356.772,17397
2026-03-24 13:30:00+00:00,4356.851,4370.687,4351.152,4356.832,33277
2026-03-24 13:45:00+00:00,4357.048,4383.61,4351.511,4381.706,24760
2026-03-24 14:00:00+00:00,4381.6,4404.642,4380.493,4394.914,22331
2026-03-24 14:15:00+00:00,4394.847,4415.071,4388.966,4408.891,20541
2026-03-24 14:30:00+00:00,4408.821,4420.816,4400.295,4412.449,18991
2026-03-24 14:45:00+00:00,4412.1,4433.718,4401.046,4415.703,29655
2026-03-24 15:00:00+00:00,4415.758,4420.847,4396.061,4411.583,27396
2026-03-24 15:15:00+00:00,4411.631,4420.502,4403.182,4412.597,15592
2026-03-24 15:30:00+00:00,4412.867,4428.733,4409.644,4424.673,12669
2026-03-24 15:45:00+00:00,4424.632,4430.95,4409.104,4411.652,12361
2026-03-24 16:00:00+00:00,4411.73,4414.462,4402.307,4414.117,13300
2026-03-24 16:15:00+00:00,4414.163,4425.709,4411.52,4421.271,8606
2026-03-24 16:30:00+00:00,4421.214,4424.592,4408.42,4424.592,9742
2026-03-24 16:45:00+00:00,4424.24,4427.681,4418.159,4420.971,8524
2026-03-24 17:00:00+00:00,4421.41,4426.357,4387.946,4397.659,22789
2026-03-24 17:15:00+00:00,4397.589,4405.835,4393.844,4400.031,15156
2026-03-24 17:30:00+00:00,4399.977,4399.977,4374.706,4378.315,14663
2026-03-24 17:45:00+00:00,4378.261,4394.722,4372.133,4388.628,16706
2026-03-24 18:00:00+00:00,4388.46,4394.057,4383.65,4389.914,13324
2026-03-24 18:15:00+00:00,4389.846,4409.942,4387.166,4407.155,10917
2026-03-24 18:30:00+00:00,4407.56,4423.683,4394.509,4399.903,12429
2026-03-24 18:45:00+00:00,4399.88,4401.974,4383.912,4389.246,9394
2026-03-24 19:00:00+00:00,4389.45,4406.111,4388.396,4404.144,6234
2026-03-24 19:15:00+00:00,4404.166,4411.378,4399.7,4407.425,5268
2026-03-24 19:30:00+00:00,4407.518,4407.606,4394.947,4401.449,6948
2026-03-24 19:45:00+00:00,4401.503,4404.47,4396.383,4400.38,6876
2026-03-24 20:00:00+00:00,4400.088,4404.186,4397.118,4400.556,2432
2026-03-24 20:15:00+00:00,4400.93,4484.201,4398.823,4455.544,20032
2026-03-24 20:30:00+00:00,4455.493,4472.921,4447.09,4459.398,15876
2026-03-24 20:45:00+00:00,4459.467,4481.7,4456.231,4476.783,9740
2026-03-24 22:00:00+00:00,4479.705,4485.577,4468.22,4483.115,3126
2026-03-24 22:15:00+00:00,4483.06,4484.895,4468.138,4469.99,4186
2026-03-24 22:30:00+00:00,4470.008,4471.173,4456.052,4468.871,5066
2026-03-24 22:45:00+00:00,4468.822,4484.72,4466.724,4484.289,3736
2026-03-24 23:00:00+00:00,4484.424,4485.111,4472.765,4484.467,3730
2026-03-24 23:15:00+00:00,4484.423,4509.914,4483.008,4509.872,5163
2026-03-24 23:30:00+00:00,4509.711,4546.537,4504.402,4539.826,7422
2026-03-24 23:45:00+00:00,4539.772,4551.503,4532.062,4546.794,5935
2026-03-25 00:00:00+00:00,4546.886,4554.849,4537.371,4549.967,11404
2026-03-25 00:15:00+00:00,4550.262,4557.102,4538.483,4553.567,9237
2026-03-25 00:30:00+00:00,4553.758,4570.199,4546.509,4567.873,7676
2026-03-25 00:45:00+00:00,4567.65,4572.039,4561.647,4562.914,5842
2026-03-25 01:00:00+00:00,4563.254,4578.95,4552.079,4570.877,15426
2026-03-25 01:15:00+00:00,4570.815,4578.767,4567.976,4575.296,9179
2026-03-25 01:30:00+00:00,4575.276,4591.465,4574.099,4585.193,8768
2026-03-25 01:45:00+00:00,4585.123,4601.168,4583.266,4595.056,6715
2026-03-25 02:00:00+00:00,4594.991,4596.448,4579.647,4585.408,9114
2026-03-25 02:15:00+00:00,4585.352,4592.74,4584.342,4586.874,4751
2026-03-25 02:30:00+00:00,4587.116,4597.221,4581.206,4593.528,6374
2026-03-25 02:45:00+00:00,4593.223,4602.542,4581.576,4583.893,6119
2026-03-25 03:00:00+00:00,4583.459,4586.32,4573.15,4576.737,6082
2026-03-25 03:15:00+00:00,4576.518,4579.665,4571.73,4575.564,4707
2026-03-25 03:30:00+00:00,4575.436,4578.004,4569.603,4570.08,3420
2026-03-25 03:45:00+00:00,4570.103,4574.305,4567.48,4570.211,3499
2026-03-25 04:00:00+00:00,4570.216,4574.745,4565.486,4573.961,3118
2026-03-25 04:15:00+00:00,4573.605,4574.794,4570.793,4573.98,2298
2026-03-25 04:30:00+00:00,4574.101,4574.627,4566.014,4569.695,2477
2026-03-25 04:45:00+00:00,4569.729,4573.94,4567.79,4572.276,1988
2026-03-25 05:00:00+00:00,4572.703,4573.477,4566.706,4571.266,2936
2026-03-25 05:15:00+00:00,4571.292,4571.765,4553.593,4554.829,4222
2026-03-25 05:30:00+00:00,4554.78,4566.74,4549.139,4566.445,7778
2026-03-25 05:45:00+00:00,4566.434,4566.645,4553.555,4555.483,5406
2026-03-25 06:00:00+00:00,4555.762,4557.02,4532.929,4534.655,7522
2026-03-25 06:15:00+00:00,4534.602,4552.844,4534.283,4550.074,5225
2026-03-25 06:30:00+00:00,4550.147,4556.861,4544.289,4546.911,4733
2026-03-25 06:45:00+00:00,4546.893,4550.8,4542.897,4545.113,4757
2026-03-25 07:00:00+00:00,4545.171,4559.129,4544.601,4556.862,3967
2026-03-25 07:15:00+00:00,4556.663,4563.329,4555.771,4560.898,4700
2026-03-25 07:30:00+00:00,4560.919,4561.235,4542.626,4547.009,6414
2026-03-25 07:45:00+00:00,4547.056,4550.204,4536.868,4539.367,6125
2026-03-25 08:00:00+00:00,4539.497,4559.224,4535.654,4558.225,9827
2026-03-25 08:15:00+00:00,4558.28,4567.73,4556.957,4565.657,7007
2026-03-25 08:30:00+00:00,4565.633,4567.462,4553.165,4565.014,9834
2026-03-25 08:45:00+00:00,4565.079,4567.114,4554.964,4556.255,6817
2026-03-25 09:00:00+00:00,4556.202,4567.631,4554.143,4562.071,5327
2026-03-25 09:15:00+00:00,4562.033,4566.077,4554.725,4558.331,5583
2026-03-25 09:30:00+00:00,4558.295,4560.283,4549.175,4551.004,6071
2026-03-25 09:45:00+00:00,4550.885,4555.864,4527.453,4551.754,10484
2026-03-25 10:00:00+00:00,4552.018,4561.003,4551.17,4554.95,6427
2026-03-25 10:15:00+00:00,4554.944,4558.18,4551.354,4555.39,4798
2026-03-25 10:30:00+00:00,4555.392,4559.058,4550.94,4552.137,5294
2026-03-25 10:45:00+00:00,4552.049,4562.529,4551.714,4558.95,4328
2026-03-25 11:00:00+00:00,4558.893,4569.052,4555.996,4567.403,4357
2026-03-25 11:15:00+00:00,4567.457,4582.938,4564.554,4579.894,5186
2026-03-25 11:30:00+00:00,4579.956,4585.746,4579.806,4583.307,4280
2026-03-25 11:45:00+00:00,4583.363,4583.628,4572.252,4578.724,9104
2026-03-25 12:00:00+00:00,4578.648,4583.829,4572.8,4577.605,6372
2026-03-25 12:15:00+00:00,4577.555,4579.082,4540.013,4545.213,20448
2026-03-25 12:30:00+00:00,4544.674,4554.708,4521.804,4547.417,12181
2026-03-25 12:45:00+00:00,4547.442,4552.608,4536.019,4544.167,11861
2026-03-25 13:00:00+00:00,4543.827,4571.371,4541.098,4559.125,16526
2026-03-25 13:15:00+00:00,4559.425,4570.601,4551.354,4569.087,9143
2026-03-25 13:30:00+00:00,4569.182,4576.475,4556.39,4561.275,24357
2026-03-25 13:45:00+00:00,4561.349,4563.828,4540.716,4544.81,20899
2026-03-25 14:00:00+00:00,4544.529,4555.149,4532.854,4553.595,21933
2026-03-25 14:15:00+00:00,4553.332,4562.716,4545.994,4562.569,15861
2026-03-25 14:30:00+00:00,4562.808,4569.164,4557.345,4565.426,10698
2026-03-25 14:45:00+00:00,4565.56,4579.431,4563.699,4567.27,9044
2026-03-25 15:00:00+00:00,4567.232,4569.201,4549.533,4549.934,12579
2026-03-25 15:15:00+00:00,4549.869,4561.647,4525.049,4560.659,19059
2026-03-25 15:30:00+00:00,4560.484,4564.951,4555.249,4556.938,9165
2026-03-25 15:45:00+00:00,4557.129,4565.833,4553.455,4559.134,9565
2026-03-25 16:00:00+00:00,4559.077,4565.043,4552.485,4553.548,10512
2026-03-25 16:15:00+00:00,4553.601,4560.618,4545.145,4555.399,12466
2026-03-25 16:30:00+00:00,4555.455,4560.996,4551.09,4556.047,9046
2026-03-25 16:45:00+00:00,4556.052,4559.189,4549.631,4555.455,6403
2026-03-25 17:00:00+00:00,4555.408,4557.885,4543.283,4551.217,8564
2026-03-25 17:15:00+00:00,4551.269,4558.474,4542.588,4553.586,7442
2026-03-25 17:30:00+00:00,4553.513,4564.045,4550.209,4560.302,6926
2026-03-25 17:45:00+00:00,4560.368,4562.154,4545.534,4550.912,7454
2026-03-25 18:00:00+00:00,4550.813,4568.993,4545.631,4551.199,12236
2026-03-25 18:15:00+00:00,4551.472,4556.677,4546.252,4551.848,8802
2026-03-25 18:30:00+00:00,4552.051,4557.864,4546.961,4549.42,4524
2026-03-25 18:45:00+00:00,4549.415,4549.715,4530.737,4538.338,9075
2026-03-25 19:00:00+00:00,4538.375,4539.655,4486.842,4508.909,16952
2026-03-25 19:15:00+00:00,4508.948,4518.824,4502.343,4513.234,12393
2026-03-25 19:30:00+00:00,4513.163,4527.006,4506.111,4522.324,8258
2026-03-25 19:45:00+00:00,4522.267,4533.789,4513.475,4530.665,8521
2026-03-25 20:00:00+00:00,4530.598,4542.126,4522.804,4529.444,5710
2026-03-25 20:15:00+00:00,4529.212,4534.019,4522.129,4523.552,3379
2026-03-25 20:30:00+00:00,4523.578,4524.983,4494.533,4504.655,7255
2026-03-25 20:45:00+00:00,4504.605,4507.455,4501.407,4505.842,3719
2026-03-25 22:00:00+00:00,4517.896,4532.203,4508.846,4512.588,4513
2026-03-25 22:15:00+00:00,4512.588,4519.95,4505.503,4511.937,3838
2026-03-25 22:30:00+00:00,4511.933,4534.729,4508.325,4532.307,3726
2026-03-25 22:45:00+00:00,4532.231,4533.189,4512.263,4517.435,4122
2026-03-25 23:00:00+00:00,4517.673,4518.345,4497.855,4508.993,4454
2026-03-25 23:15:00+00:00,4508.961,4512.971,4497.01,4505.393,3747
2026-03-25 23:30:00+00:00,4505.397,4511.258,4488.812,4494.58,4271
2026-03-25 23:45:00+00:00,4494.631,4499.971,4491.209,4498.11,3259
2026-03-26 00:00:00+00:00,4498.428,4527.81,4498.034,4527.464,9090
2026-03-26 00:15:00+00:00,4527.499,4535.627,4524.085,4525.189,7720
2026-03-26 00:30:00+00:00,4525.297,4532.516,4524.57,4528.015,5207
2026-03-26 00:45:00+00:00,4528.015,4539.358,4527.163,4535.785,6542
2026-03-26 01:00:00+00:00,4535.725,4544.588,4531.253,4538.385,12552
2026-03-26 01:15:00+00:00,4538.438,4538.68,4526.736,4534.433,8269
2026-03-26 01:30:00+00:00,4534.491,4537.81,4525.967,4530.409,7077
2026-03-26 01:45:00+00:00,4530.35,4536.252,4522.375,4535.644,6919
2026-03-26 02:00:00+00:00,4535.576,4535.938,4527.804,4531.439,5814
2026-03-26 02:15:00+00:00,4531.421,4532.937,4525.062,4528.405,4966
2026-03-26 02:30:00+00:00,4528.138,4530.707,4511.635,4519.441,7024
2026-03-26 02:45:00+00:00,4519.487,4521.165,4505.655,4509.062,5881
2026-03-26 03:00:00+00:00,4508.737,4511.752,4502.048,4511.127,6373
2026-03-26 03:15:00+00:00,4511.185,4513.646,4499.971,4506.511,5619
2026-03-26 03:30:00+00:00,4506.538,4518.919,4506.339,4515.515,3845
2026-03-26 03:45:00+00:00,4515.541,4516.977,4510.664,4516.478,2537
2026-03-26 04:00:00+00:00,4516.507,4519.274,4511.476,4518.341,2949
2026-03-26 04:15:00+00:00,4518.646,4522.121,4516.103,4520.644,2514
2026-03-26 04:30:00+00:00,4520.996,4522.498,4516.425,4517.799,2034
2026-03-26 04:45:00+00:00,4517.743,4524.133,4517.743,4520.301,2815
2026-03-26 05:00:00+00:00,4520.627,4522.298,4507.617,4508.837,4133
2026-03-26 05:15:00+00:00,4508.839,4511.395,4488.966,4493.669,5608
2026-03-26 05:30:00+00:00,4493.74,4495.748,4479.97,4482.95,12515
2026-03-26 05:45:00+00:00,4482.896,4484.342,4438.829,4438.93,15940
2026-03-26 06:00:00+00:00,4438.977,4450.511,4418.381,4421.19,20033
2026-03-26 06:15:00+00:00,4421.245,4441.536,4415.737,4440.062,14964
2026-03-26 06:30:00+00:00,4440.003,4447.887,4430.723,4447.137,10006
2026-03-26 06:45:00+00:00,4447.199,4459.405,4444.136,4456.2,9527
2026-03-26 07:00:00+00:00,4456.311,4460.685,4442.716,4447.773,10468
2026-03-26 07:15:00+00:00,4447.531,4451.851,4438.777,4448.427,8701
2026-03-26 07:30:00+00:00,4448.368,4463.892,4447.641,4460.431,8661
2026-03-26 07:45:00+00:00,4460.516,4463.137,4450.275,4452.774,8204
2026-03-26 08:00:00+00:00,4452.745,4459.276,4440.19,4445.145,12092
2026-03-26 08:15:00+00:00,4445.343,4447.437,4425.141,4428.546,13786
2026-03-26 08:30:00+00:00,4428.493,4438.237,4412.306,4419.78,13930
2026-03-26 08:45:00+00:00,4419.743,4440.195,4418.292,4427.837,12076
2026-03-26 09:00:00+00:00,4427.787,4434.78,4418.136,4430.551,12108
2026-03-26 09:15:00+00:00,4430.489,4437.107,4424.967,4432.093,7731
2026-03-26 09:30:00+00:00,4432.272,4432.443,4414.345,4424.234,11558
2026-03-26 09:45:00+00:00,4424.186,4427.909,4416.909,4423.628,7766
2026-03-26 10:00:00+00:00,4423.524,4428.957,4416.984,4424.804,7021
2026-03-26 10:15:00+00:00,4424.826,4448.091,4424.474,4441.781,6836
2026-03-26 10:30:00+00:00,4441.946,4444.409,4423.368,4428.409,11079
2026-03-26 10:45:00+00:00,4428.385,4447.544,4425.045,4443.262,8379
2026-03-26 11:00:00+00:00,4443.333,4448.646,4440.076,4441.937,6689
2026-03-26 11:15:00+00:00,4441.709,4456.747,4439.324,4443.191,7989
2026-03-26 11:30:00+00:00,4443.543,4452.035,4437.901,4440.752,7272
2026-03-26 11:45:00+00:00,4441.007,4442.591,4418.936,4423.196,10128
2026-03-26 12:00:00+00:00,4423.241,4445.552,4416.203,4442.207,12190
2026-03-26 12:15:00+00:00,4442.168,4445.386,4433.526,4438.207,8328
2026-03-26 12:30:00+00:00,4437.88,4445.097,4431.921,4436.051,8949
2026-03-26 12:45:00+00:00,4436.1,4443.247,4428.213,4429.19,9694
2026-03-26 13:00:00+00:00,4429.144,4445.523,4420.159,4438.632,16309
2026-03-26 13:15:00+00:00,4438.636,4453.902,4434.342,4448.071,9839
2026-03-26 13:30:00+00:00,4448.008,4453.762,4429.138,4453.762,25206
2026-03-26 13:45:00+00:00,4453.802,4460.464,4436.824,4452.588,23568
2026-03-26 14:00:00+00:00,4452.64,4456.507,4437.106,4446.254,20537
2026-03-26 14:15:00+00:00,4446.296,4469.899,4443.987,4459.174,16182
2026-03-26 14:30:00+00:00,4459.244,4479.488,4458.171,4460.452,24150
2026-03-26 14:45:00+00:00,4460.4,4469.547,4445.814,4464.871,22822
2026-03-26 15:00:00+00:00,4464.925,4469.211,4450.483,4455.383,16792
2026-03-26 15:15:00+00:00,4455.443,4458.584,4448.629,4454.515,12653
2026-03-26 15:30:00+00:00,4454.455,4454.455,4436.445,4440.269,13572
2026-03-26 15:45:00+00:00,4440.208,4446.778,4433.738,4438.125,14394
2026-03-26 16:00:00+00:00,4438.078,4442.853,4425.833,4440.083,10366
2026-03-26 16:15:00+00:00,4440.041,4440.041,4386.753,4396.715,21525
2026-03-26 16:30:00+00:00,4396.657,4396.657,4366.745,4381.351,26171
2026-03-26 16:45:00+00:00,4381.282,4392.487,4378.575,4389.396,14764
2026-03-26 17:00:00+00:00,4389.37,4402.654,4384.802,4394.926,14405
2026-03-26 17:15:00+00:00,4394.878,4397.415,4377.379,4383.377,15053
2026-03-26 17:30:00+00:00,4383.222,4393.065,4377.446,4385.526,10851
2026-03-26 17:45:00+00:00,4385.471,4390.97,4379.23,4381.28,9316
2026-03-26 18:00:00+00:00,4381.23,4390.819,4380.032,4388.45,9988
2026-03-26 18:15:00+00:00,4388.16,4388.197,4367.606,4374.009,10876
2026-03-26 18:30:00+00:00,4374.061,4395.854,4373.248,4393.186,8071
2026-03-26 18:45:00+00:00,4393.06,4397.912,4390.582,4394.372,6582
2026-03-26 19:00:00+00:00,4394.329,4399.316,4381.962,4387.778,8062
2026-03-26 19:15:00+00:00,4387.754,4392.362,4378.378,4380.45,7330
2026-03-26 19:30:00+00:00,4380.502,4388.551,4374.806,4378.933,9399
2026-03-26 19:45:00+00:00,4378.892,4380.109,4359.039,4364.06,16738
2026-03-26 20:00:00+00:00,4363.994,4413.678,4350.925,4397.183,20263
2026-03-26 20:15:00+00:00,4397.077,4416.229,4380.366,4404.374,26907
2026-03-26 20:30:00+00:00,4404.413,4420.773,4397.314,4406.047,10950
2026-03-26 20:45:00+00:00,4406.094,4409.816,4372.889,4380.965,14843
2026-03-26 22:00:00+00:00,4382.101,4404.079,4380.835,4401.137,4615
2026-03-26 22:15:00+00:00,4400.972,4407.842,4394.818,4398.198,3217
2026-03-26 22:30:00+00:00,4398.204,4415.191,4395.011,4407.075,2733
2026-03-26 22:45:00+00:00,4406.993,4413.544,4400.067,4411.341,2176
2026-03-26 23:00:00+00:00,4411.215,4414.342,4389.957,4393.037,3641
2026-03-26 23:15:00+00:00,4392.999,4401.524,4391.341,4399.231,2397
2026-03-26 23:30:00+00:00,4399.258,4408.254,4396.242,4399.961,3029
2026-03-26 23:45:00+00:00,4399.961,4405.858,4396.369,4404.918,2037
2026-03-27 00:00:00+00:00,4404.965,4411.234,4403.278,4404.087,3607
2026-03-27 00:15:00+00:00,4404.076,4404.891,4382.572,4391.241,7276
2026-03-27 00:30:00+00:00,4391.249,4396.427,4386.893,4390.973,6115
2026-03-27 00:45:00+00:00,4390.909,4391.026,4375.215,4378.646,7038
2026-03-27 01:00:00+00:00,4378.572,4399.34,4377.049,4393.751,10692
2026-03-27 01:15:00+00:00,4393.799,4406.387,4390.966,4406.308,6677
2026-03-27 01:30:00+00:00,4406.586,4420.298,4403.431,4419.19,6703
2026-03-27 01:45:00+00:00,4419.24,4420.829,4411.783,4417.207,5385
2026-03-27 02:00:00+00:00,4417.253,4439.669,4416.934,4434.86,7416
2026-03-27 02:15:00+00:00,4434.823,4436.306,4426.079,4430.903,5128
2026-03-27 02:30:00+00:00,4431.002,4434.271,4424.63,4429.72,6540
2026-03-27 02:45:00+00:00,4429.785,4440.687,4428.023,4431.974,5252
2026-03-27 03:00:00+00:00,4431.95,4435.864,4420.983,4429.528,5796
2026-03-27 03:15:00+00:00,4429.583,4436.995,4427.961,4435.092,4936
2026-03-27 03:30:00+00:00,4435.058,4446.189,4430.804,4436.151,5107
2026-03-27 03:45:00+00:00,4436.175,4438.595,4432.541,4437.399,3078
2026-03-27 04:00:00+00:00,4437.467,4439.851,4432.401,4433.842,3041
2026-03-27 04:15:00+00:00,4433.811,4437.146,4431.385,4433.989,2188
2026-03-27 04:30:00+00:00,4434.163,4442.119,4433.828,4441.309,2419
2026-03-27 04:45:00+00:00,4441.286,4449.539,4440.361,4445.878,2802
2026-03-27 05:00:00+00:00,4446.141,4447.531,4441.917,4443.999,3860
2026-03-27 05:15:00+00:00,4443.673,4446.978,4440.378,4443.385,3100
2026-03-27 05:30:00+00:00,4443.384,4475.345,4442.557,4465.924,11574
2026-03-27 05:45:00+00:00,4465.86,4468.687,4453.461,4454.632,6658
2026-03-27 06:00:00+00:00,4454.581,4473.061,4451.63,4471.22,7669
2026-03-27 06:15:00+00:00,4471.256,4471.256,4456.628,4463.555,6956
2026-03-27 06:30:00+00:00,4463.504,4468.644,4460.544,4465.026,5188
2026-03-27 06:45:00+00:00,4465.047,4465.608,4454.519,4459.575,5422
2026-03-27 07:00:00+00:00,4459.753,4462.92,4447.661,4454.824,5776
2026-03-27 07:15:00+00:00,4454.817,4457.271,4450.02,4452.265,4290
2026-03-27 07:30:00+00:00,4452.162,4456.042,4446.631,4448.411,4384
2026-03-27 07:45:00+00:00,4448.183,4453.199,4442.624,4447.498,4391
2026-03-27 08:00:00+00:00,4447.536,4450.895,4442.775,4446.912,6056
2026-03-27 08:15:00+00:00,4446.858,4447.454,4430.555,4433.936,6335
2026-03-27 08:30:00+00:00,4433.986,4440.034,4428.825,4435.149,5660
2026-03-27 08:45:00+00:00,4435.127,4438.919,4423.649,4424.278,5287
2026-03-27 09:00:00+00:00,4424.232,4431.12,4420.803,4429.439,6211
2026-03-27 09:15:00+00:00,4429.493,4436.349,4428.398,4434.545,5619
2026-03-27 09:30:00+00:00,4434.254,4438.381,4430.134,4432.791,4054
2026-03-27 09:45:00+00:00,4432.924,4432.924,4426.869,4428.924,3929
2026-03-27 10:00:00+00:00,4428.946,4432.997,4424.159,4426.018,4781
2026-03-27 10:15:00+00:00,4425.783,4431.446,4423.674,4429.217,3693
2026-03-27 10:30:00+00:00,4429.169,4430.35,4412.296,4415.791,5469
2026-03-27 10:45:00+00:00,4415.847,4419.043,4410.485,4414.9,4868
2026-03-27 11:00:00+00:00,4414.939,4417.265,4404.195,4412.882,6432
2026-03-27 11:15:00+00:00,4412.917,4417.133,4407.809,4415.351,5181
2026-03-27 11:30:00+00:00,4415.396,4421.57,4413.654,4421.2,4281
2026-03-27 11:45:00+00:00,4421.268,4426.287,4415.752,4419.825,5128
2026-03-27 12:00:00+00:00,4419.878,4426.946,4412.631,4424.64,6353
2026-03-27 12:15:00+00:00,4424.955,4434.398,4416.758,4429.471,7027
2026-03-27 12:30:00+00:00,4429.453,4437.428,4424.623,4433.368,5831
2026-03-27 12:45:00+00:00,4433.442,4445.294,4433.442,4437.751,5402
2026-03-27 13:00:00+00:00,4437.808,4443.817,4423.728,4428.918,6833
2026-03-27 13:15:00+00:00,4428.971,4441.904,4418.346,4422.146,6496
2026-03-27 13:30:00+00:00,4422.204,4431.059,4413.441,4428.536,11554
2026-03-27 13:45:00+00:00,4428.867,4441.558,4420.988,4431.567,8617
2026-03-27 14:00:00+00:00,4431.621,4463.42,4430.656,4460.005,11328
2026-03-27 14:15:00+00:00,4459.888,4469.97,4452.177,4455.269,10216
2026-03-27 14:30:00+00:00,4455.211,4464.2,4451.721,4464.08,8942
2026-03-27 14:45:00+00:00,4464.133,4514.917,4463.61,4509.681,13381
2026-03-27 15:00:00+00:00,4509.564,4533.872,4501.664,4525.344,14787
2026-03-27 15:15:00+00:00,4525.404,4555.484,4520.917,4543.63,17003
2026-03-27 15:30:00+00:00,4543.694,4552.849,4526.205,4531.932,12057
2026-03-27 15:45:00+00:00,4532.034,4536.464,4520.44,4524.016,8332
2026-03-27 16:00:00+00:00,4524.079,4533.108,4518.038,4528.162,7352
2026-03-27 16:15:00+00:00,4528.218,4533.87,4524.698,4528.233,6069
2026-03-27 16:30:00+00:00,4528.292,4529.0,4505.475,4511.358,7545
2026-03-27 16:45:00+00:00,4510.997,4521.49,4507.392,4515.938,5526
2026-03-27 17:00:00+00:00,4516.003,4522.031,4506.06,4510.788,7989
2026-03-27 17:15:00+00:00,4510.967,4511.732,4486.616,4494.215,6408
2026-03-27 17:30:00+00:00,4494.005,4500.015,4486.224,4490.495,5424
2026-03-27 17:45:00+00:00,4490.555,4499.526,4486.33,4486.396,4960
2026-03-27 18:00:00+00:00,4486.549,4498.71,4486.549,4498.377,5753
2026-03-27 18:15:00+00:00,4498.436,4511.474,4498.312,4509.102,7020
2026-03-27 18:30:00+00:00,4509.334,4528.709,4508.458,4525.487,6272
2026-03-27 18:45:00+00:00,4525.667,4525.908,4513.724,4516.928,3990
2026-03-27 19:00:00+00:00,4516.868,4519.404,4507.406,4511.029,5498
2026-03-27 19:15:00+00:00,4510.969,4523.981,4509.92,4522.74,3888
2026-03-27 19:30:00+00:00,4522.8,4526.253,4500.604,4509.894,4814
2026-03-27 19:45:00+00:00,4509.883,4522.484,4503.249,4514.506,6651
2026-03-27 20:00:00+00:00,4514.564,4520.398,4506.63,4509.951,3457
2026-03-27 20:15:00+00:00,4509.941,4510.775,4504.384,4506.602,2385
2026-03-27 20:30:00+00:00,4506.546,4512.755,4498.176,4505.653,2692
2026-03-27 20:45:00+00:00,4505.547,4505.847,4490.878,4495.434,3304
2026-03-29 22:00:00+00:00,4511.584,4514.244,4480.76,4497.108,5323
2026-03-29 22:15:00+00:00,4496.999,4512.14,4491.243,4509.126,4845
2026-03-29 22:30:00+00:00,4509.255,4513.129,4490.775,4493.294,4095
2026-03-29 22:45:00+00:00,4493.296,4497.011,4480.348,4484.703,3650
2026-03-29 23:00:00+00:00,4484.646,4492.441,4464.571,4478.694,4279
2026-03-29 23:15:00+00:00,4478.755,4484.6,4471.991,4472.435,2678
2026-03-29 23:30:00+00:00,4472.375,4472.407,4445.361,4452.231,5411
2026-03-29 23:45:00+00:00,4452.291,4455.819,4443.756,4448.587,4509
2026-03-30 00:00:00+00:00,4448.673,4451.447,4418.38,4426.107,10078
2026-03-30 00:15:00+00:00,4426.164,4466.907,4422.944,4449.302,14012
2026-03-30 00:30:00+00:00,4449.244,4459.179,4435.386,4438.21,7678
2026-03-30 00:45:00+00:00,4438.154,4442.672,4430.402,4432.308,6074
2026-03-30 01:00:00+00:00,4432.251,4461.896,4431.722,4459.846,13517
2026-03-30 01:15:00+00:00,4459.757,4466.518,4445.502,4448.665,8919
2026-03-30 01:30:00+00:00,4448.46,4475.634,4444.973,4471.076,8915
2026-03-30 01:45:00+00:00,4471.136,4475.1,4461.707,4469.465,6002
2026-03-30 02:00:00+00:00,4469.402,4474.588,4465.12,4472.436,5177
2026-03-30 02:15:00+00:00,4472.807,4474.343,4466.195,4472.737,3800
2026-03-30 02:30:00+00:00,4472.83,4499.353,4458.736,4494.429,6921
2026-03-30 02:45:00+00:00,4494.486,4496.278,4478.784,4481.286,5760
2026-03-30 03:00:00+00:00,4481.227,4508.8,4478.799,4504.367,5865
2026-03-30 03:15:00+00:00,4504.367,4517.647,4503.712,4507.131,5757
2026-03-30 03:30:00+00:00,4506.887,4507.825,4499.624,4503.374,3124
2026-03-30 03:45:00+00:00,4503.349,4507.52,4494.557,4496.17,3045
2026-03-30 04:00:00+00:00,4496.003,4498.804,4486.668,4487.767,3283
2026-03-30 04:15:00+00:00,4487.699,4495.538,4487.332,4490.73,2253
2026-03-30 04:30:00+00:00,4490.418,4491.325,4486.061,4488.088,2478
2026-03-30 04:45:00+00:00,4488.075,4498.819,4486.793,4496.908,2293
2026-03-30 05:00:00+00:00,4496.965,4507.789,4496.667,4504.86,2986
2026-03-30 05:15:00+00:00,4504.885,4515.885,4503.907,4505.489,3244
2026-03-30 05:30:00+00:00,4505.556,4515.214,4503.357,4510.473,5181
2026-03-30 05:45:00+00:00,4510.349,4528.384,4510.142,4522.193,4772
2026-03-30 06:00:00+00:00,4522.259,4534.149,4516.916,4530.266,5654
2026-03-30 06:15:00+00:00,4530.396,4535.362,4526.841,4528.534,6232
2026-03-30 06:30:00+00:00,4528.599,4541.809,4526.028,4540.028,4474
2026-03-30 06:45:00+00:00,4539.971,4550.589,4531.44,4532.582,4720
2026-03-30 07:00:00+00:00,4532.521,4534.526,4523.593,4534.074,4964
2026-03-30 07:15:00+00:00,4534.192,4534.91,4520.515,4522.624,4237
2026-03-30 07:30:00+00:00,4522.561,4525.962,4515.784,4521.062,5087
2026-03-30 07:45:00+00:00,4521.098,4528.084,4518.984,4527.145,3081
2026-03-30 08:00:00+00:00,4527.091,4537.188,4525.048,4533.691,4173
2026-03-30 08:15:00+00:00,4533.753,4535.873,4525.645,4528.609,3507
2026-03-30 08:30:00+00:00,4528.546,4538.263,4528.427,4533.111,2580
2026-03-30 08:45:00+00:00,4533.055,4540.602,4532.495,4538.132,2501
2026-03-30 09:00:00+00:00,4538.356,4540.67,4527.928,4529.652,3014
2026-03-30 09:15:00+00:00,4529.298,4536.609,4523.773,4527.662,4192
2026-03-30 09:30:00+00:00,4527.569,4538.198,4523.734,4536.974,3368
2026-03-30 09:45:00+00:00,4537.038,4538.475,4528.806,4532.43,3134
2026-03-30 10:00:00+00:00,4532.302,4536.427,4529.098,4533.017,2577
2026-03-30 10:15:00+00:00,4532.994,4540.137,4527.527,4531.111,2949
2026-03-30 10:30:00+00:00,4531.123,4534.11,4528.049,4533.23,2532
2026-03-30 10:45:00+00:00,4533.559,4535.745,4528.515,4532.469,2592
2026-03-30 11:00:00+00:00,4532.525,4540.749,4525.415,4538.548,3462
2026-03-30 11:15:00+00:00,4538.267,4548.018,4534.773,4543.552,8646
2026-03-30 11:30:00+00:00,4543.617,4566.341,4538.434,4566.341,7512
2026-03-30 11:45:00+00:00,4566.272,4580.644,4556.193,4559.39,7183
2026-03-30 12:00:00+00:00,4559.451,4561.429,4545.262,4556.582,4720
2026-03-30 12:15:00+00:00,4556.517,4568.271,4556.198,4565.809,5158
2026-03-30 12:30:00+00:00,4565.75,4578.085,4564.114,4573.684,5111
2026-03-30 12:45:00+00:00,4573.934,4574.064,4563.818,4569.449,4039
2026-03-30 13:00:00+00:00,4569.512,4578.685,4561.383,4565.972,7119
2026-03-30 13:15:00+00:00,4565.615,4571.463,4558.862,4567.579,5085
2026-03-30 13:30:00+00:00,4567.342,4573.952,4543.007,4544.405,14233
2026-03-30 13:45:00+00:00,4544.548,4548.004,4516.468,4523.371,14196
2026-03-30 14:00:00+00:00,4523.311,4535.977,4517.777,4533.502,11569
2026-03-30 14:15:00+00:00,4533.428,4534.539,4512.302,4519.07,9661
2026-03-30 14:30:00+00:00,4519.011,4533.429,4517.381,4522.843,8071
2026-03-30 14:45:00+00:00,4522.895,4541.124,4521.335,4538.496,11397
2026-03-30 15:00:00+00:00,4538.554,4543.485,4532.037,4532.941,7042
2026-03-30 15:15:00+00:00,4533.051,4534.135,4524.751,4531.677,6543
2026-03-30 15:30:00+00:00,4531.609,4553.929,4527.449,4551.629,5869
2026-03-30 15:45:00+00:00,4551.594,4556.675,4545.156,4548.422,5750
2026-03-30 16:00:00+00:00,4548.366,4549.76,4537.809,4544.522,5172
2026-03-30 16:15:00+00:00,4544.549,4548.959,4536.653,4536.962,3997
2026-03-30 16:30:00+00:00,4536.897,4548.391,4531.414,4548.092,3911
2026-03-30 16:45:00+00:00,4548.052,4548.874,4536.739,4539.732,3997
2026-03-30 17:00:00+00:00,4539.673,4542.262,4519.33,4522.66,4992
2026-03-30 17:15:00+00:00,4522.593,4530.544,4520.149,4527.759,5208
2026-03-30 17:30:00+00:00,4527.492,4527.492,4514.741,4524.124,5822
2026-03-30 17:45:00+00:00,4524.057,4528.811,4511.209,4514.888,5099
2026-03-30 18:00:00+00:00,4514.824,4523.161,4512.989,4518.941,4584
2026-03-30 18:15:00+00:00,4519.008,4521.511,4511.415,4513.939,3616
2026-03-30 18:30:00+00:00,4513.993,4519.569,4512.346,4515.219,3246
2026-03-30 18:45:00+00:00,4515.214,4518.765,4498.277,4498.77,4296
2026-03-30 19:00:00+00:00,4498.709,4505.04,4493.344,4497.968,7456
2026-03-30 19:15:00+00:00,4498.022,4504.415,4492.927,4501.878,4925
2026-03-30 19:30:00+00:00,4501.893,4513.115,4498.204,4505.011,5243
2026-03-30 19:45:00+00:00,4504.956,4518.4,4503.731,4513.642,5999
2026-03-30 20:00:00+00:00,4513.569,4516.482,4505.366,4508.008,2518
2026-03-30 20:15:00+00:00,4508.073,4510.034,4501.904,4505.805,1826
2026-03-30 20:30:00+00:00,4505.868,4507.084,4500.94,4503.705,1748
2026-03-30 20:45:00+00:00,4503.474,4511.312,4502.397,4511.261,1307
2026-03-30 22:00:00+00:00,4513.942,4523.628,4507.523,4508.686,2172
2026-03-30 22:15:00+00:00,4508.726,4514.557,4502.097,4514.222,1721
2026-03-30 22:30:00+00:00,4514.614,4518.932,4508.242,4508.844,1328
2026-03-30 22:45:00+00:00,4508.721,4515.064,4508.346,4510.978,1372
2026-03-30 23:00:00+00:00,4510.912,4510.912,4492.365,4498.652,3356
2026-03-30 23:15:00+00:00,4498.644,4510.396,4497.752,4505.143,2131
2026-03-30 23:30:00+00:00,4505.205,4519.547,4503.871,4518.243,2363
2026-03-30 23:45:00+00:00,4518.52,4521.287,4507.635,4513.578,2087
2026-03-31 00:00:00+00:00,4513.509,4528.302,4510.6,4516.272,5565
2026-03-31 00:15:00+00:00,4516.354,4518.281,4482.49,4512.067,8904
2026-03-31 00:30:00+00:00,4512.139,4537.312,4506.408,4536.012,8179
2026-03-31 00:45:00+00:00,4536.128,4548.185,4535.164,4547.827,10079
2026-03-31 01:00:00+00:00,4547.903,4550.826,4532.126,4543.946,8880
2026-03-31 01:15:00+00:00,4544.006,4585.823,4543.263,4581.523,9310
2026-03-31 01:30:00+00:00,4581.58,4618.993,4577.387,4617.539,12807
2026-03-31 01:45:00+00:00,4617.606,4619.506,4595.933,4604.844,10480
2026-03-31 02:00:00+00:00,4604.928,4607.069,4588.504,4589.931,7362
2026-03-31 02:15:00+00:00,4589.94,4592.839,4578.935,4582.71,5095
2026-03-31 02:30:00+00:00,4582.64,4588.258,4578.675,4587.217,5977
2026-03-31 02:45:00+00:00,4586.867,4587.908,4565.566,4568.332,6085
2026-03-31 03:00:00+00:00,4568.263,4577.031,4565.824,4570.118,5102
2026-03-31 03:15:00+00:00,4570.061,4571.365,4555.72,4561.505,4875
2026-03-31 03:30:00+00:00,4561.766,4565.761,4550.661,4552.354,3305
2026-03-31 03:45:00+00:00,4552.272,4557.487,4550.311,4556.948,2914
2026-03-31 04:00:00+00:00,4556.953,4566.153,4556.953,4557.637,2759
2026-03-31 04:15:00+00:00,4557.345,4569.622,4556.985,4561.488,2968
2026-03-31 04:30:00+00:00,4561.466,4565.173,4559.963,4563.827,2044
2026-03-31 04:45:00+00:00,4563.831,4568.968,4560.962,4564.93,2669
2026-03-31 05:00:00+00:00,4564.902,4570.749,4547.664,4550.464,3532
2026-03-31 05:15:00+00:00,4550.522,4567.97,4549.878,4561.25,3209
2026-03-31 05:30:00+00:00,4561.193,4579.932,4558.504,4576.743,5605
2026-03-31 05:45:00+00:00,4576.68,4581.834,4567.179,4568.839,4165
2026-03-31 06:00:00+00:00,4568.942,4569.126,4556.2,4559.725,4631
2026-03-31 06:15:00+00:00,4559.785,4564.441,4553.243,4560.861,4621
2026-03-31 06:30:00+00:00,4560.8,4565.739,4556.029,4558.758,3679
2026-03-31 06:45:00+00:00,4558.906,4561.817,4554.275,4557.34,2782
2026-03-31 07:00:00+00:00,4557.402,4564.073,4550.392,4552.55,4358
2026-03-31 07:15:00+00:00,4552.608,4556.663,4543.193,4552.027,3961
2026-03-31 07:30:00+00:00,4552.245,4561.258,4551.821,4559.497,3218
2026-03-31 07:45:00+00:00,4559.553,4565.832,4556.867,4564.328,2684
2026-03-31 08:00:00+00:00,4564.543,4573.162,4560.623,4565.724,4468
2026-03-31 08:15:00+00:00,4565.666,4572.666,4564.467,4572.095,3067
2026-03-31 08:30:00+00:00,4572.032,4575.052,4567.463,4571.174,2931
2026-03-31 08:45:00+00:00,4571.504,4574.303,4567.287,4568.658,3174
2026-03-31 09:00:00+00:00,4568.714,4572.278,4563.237,4567.422,2681
2026-03-31 09:15:00+00:00,4567.484,4570.69,4561.18,4562.32,2946
2026-03-31 09:30:00+00:00,4562.216,4562.531,4550.273,4555.562,4521
2026-03-31 09:45:00+00:00,4555.611,4562.341,4551.508,4555.42,2827
2026-03-31 10:00:00+00:00,4555.359,4561.83,4555.044,4557.076,2492
2026-03-31 10:15:00+00:00,4557.132,4560.925,4555.664,4560.576,2042
2026-03-31 10:30:00+00:00,4560.448,4560.663,4529.242,4541.207,5011
2026-03-31 10:45:00+00:00,4541.282,4552.792,4540.011,4546.795,4215
2026-03-31 11:00:00+00:00,4546.897,4563.286,4540.916,4551.434,8967
2026-03-31 11:15:00+00:00,4551.27,4583.396,4549.386,4575.295,9144
2026-03-31 11:30:00+00:00,4575.352,4593.188,4568.644,4592.081,5318
2026-03-31 11:45:00+00:00,4591.844,4592.957,4576.565,4582.123,5507
2026-03-31 12:00:00+00:00,4582.179,4597.676,4574.407,4575.767,7210
2026-03-31 12:15:00+00:00,4575.699,4582.897,4571.328,4579.404,8184
2026-03-31 12:30:00+00:00,4579.288,4589.883,4577.415,4579.205,4164
2026-03-31 12:45:00+00:00,4579.145,4581.299,4569.076,4574.907,3992
2026-03-31 13:00:00+00:00,4574.962,4583.625,4567.736,4581.269,5967
2026-03-31 13:15:00+00:00,4581.23,4587.907,4572.918,4572.918,3399
2026-03-31 13:30:00+00:00,4572.86,4589.526,4568.262,4587.658,9328
2026-03-31 13:45:00+00:00,4587.871,4609.573,4585.154,4607.434,6865
2026-03-31 14:00:00+00:00,4607.362,4625.381,4603.404,4614.845,10271
2026-03-31 14:15:00+00:00,4614.782,4619.468,4602.803,4618.772,10526
2026-03-31 14:30:00+00:00,4618.861,4630.14,4604.092,4607.748,9819
2026-03-31 14:45:00+00:00,4607.803,4611.132,4594.745,4598.906,9201
2026-03-31 15:00:00+00:00,4598.974,4624.054,4598.974,4622.717,7523
2026-03-31 15:15:00+00:00,4622.796,4625.363,4607.762,4610.299,6038
2026-03-31 15:30:00+00:00,4610.359,4621.339,4607.024,4620.605,4976
2026-03-31 15:45:00+00:00,4620.679,4623.666,4607.924,4609.607,4770
2026-03-31 16:00:00+00:00,4609.549,4620.022,4606.918,4612.184,4708
2026-03-31 16:15:00+00:00,4611.831,4618.902,4609.277,4617.581,3477
2026-03-31 16:30:00+00:00,4617.637,4651.756,4614.921,4641.254,16118
2026-03-31 16:45:00+00:00,4641.331,4650.253,4630.942,4637.977,18718
2026-03-31 17:00:00+00:00,4638.06,4655.782,4636.231,4643.014,10971
2026-03-31 17:15:00+00:00,4642.955,4658.019,4640.55,4648.551,8569
2026-03-31 17:30:00+00:00,4648.675,4664.184,4645.396,4660.111,10676
2026-03-31 17:45:00+00:00,4660.178,4667.388,4653.458,4654.455,6496
2026-03-31 18:00:00+00:00,4654.528,4668.944,4653.524,4665.515,5651
2026-03-31 18:15:00+00:00,4665.577,4668.781,4659.77,4664.392,4724
2026-03-31 18:30:00+00:00,4664.163,4671.125,4659.777,4667.689,5032
2026-03-31 18:45:00+00:00,4667.479,4670.686,4663.441,4667.507,3122
2026-03-31 19:00:00+00:00,4667.568,4675.861,4661.563,4671.06,6512
2026-03-31 19:15:00+00:00,4671.119,4681.302,4668.595,4672.599,4475
2026-03-31 19:30:00+00:00,4672.694,4683.596,4672.188,4680.861,4298
2026-03-31 19:45:00+00:00,4680.804,4685.629,4679.44,4682.797,4819
2026-03-31 20:00:00+00:00,4682.735,4687.353,4676.144,4679.296,3654
2026-03-31 20:15:00+00:00,4679.115,4681.955,4668.868,4669.642,2267
2026-03-31 20:30:00+00:00,4669.578,4675.472,4666.773,4668.287,1962
2026-03-31 20:45:00+00:00,4668.252,4670.126,4664.6,4668.238,1779
2026-03-31 22:00:00+00:00,4681.631,4681.682,4662.836,4668.854,2394
2026-03-31 22:15:00+00:00,4668.93,4686.66,4662.959,4674.699,2689
2026-03-31 22:30:00+00:00,4674.413,4696.412,4671.227,4684.632,3697
2026-03-31 22:45:00+00:00,4684.554,4686.728,4661.758,4680.953,4802
2026-03-31 23:00:00+00:00,4681.045,4682.454,4672.706,4676.481,2076
2026-03-31 23:15:00+00:00,4676.378,4684.441,4671.742,4682.349,2109
2026-03-31 23:30:00+00:00,4682.578,4695.118,4681.942,4690.786,2030
2026-03-31 23:45:00+00:00,4690.822,4699.952,4688.363,4696.441,2266
2026-04-01 00:00:00+00:00,4696.383,4705.025,4693.382,4703.109,5175
2026-04-01 00:15:00+00:00,4703.138,4721.967,4702.433,4721.636,5016
2026-04-01 00:30:00+00:00,4721.621,4722.581,4699.841,4706.252,3918
2026-04-01 00:45:00+00:00,4706.314,4719.373,4704.422,4711.008,4485
2026-04-01 01:00:00+00:00,4711.065,4724.264,4689.714,4707.841,10935
2026-04-01 01:15:00+00:00,4707.759,4708.439,4692.229,4708.375,5658
2026-04-01 01:30:00+00:00,4708.113,4708.113,4681.288,4687.976,5469
2026-04-01 01:45:00+00:00,4687.918,4696.936,4686.006,4692.565,4339
2026-04-01 02:00:00+00:00,4692.634,4700.25,4686.85,4693.987,4930
2026-04-01 02:15:00+00:00,4694.034,4697.618,4683.3,4687.344,2931
2026-04-01 02:30:00+00:00,4687.284,4690.472,4678.199,4681.489,3854
2026-04-01 02:45:00+00:00,4681.788,4689.885,4678.53,4684.705,3099
2026-04-01 03:00:00+00:00,4684.639,4692.647,4682.635,4689.622,3050
2026-04-01 03:15:00+00:00,4689.564,4694.257,4684.48,4687.432,2491
2026-04-01 03:30:00+00:00,4687.362,4688.863,4682.824,4686.78,2133
2026-04-01 03:45:00+00:00,4687.028,4688.744,4679.646,4681.832,2117
2026-04-01 04:00:00+00:00,4682.136,4682.199,4673.072,4673.731,2052
2026-04-01 04:15:00+00:00,4673.97,4674.134,4666.887,4672.531,2321
2026-04-01 04:30:00+00:00,4672.236,4676.956,4669.218,4676.661,1838
2026-04-01 04:45:00+00:00,4676.737,4681.858,4673.049,4676.506,1652
2026-04-01 05:00:00+00:00,4676.269,4684.646,4674.738,4682.878,1880
2026-04-01 05:15:00+00:00,4682.915,4690.104,4680.451,4686.04,2827
2026-04-01 05:30:00+00:00,4686.107,4703.361,4686.107,4702.067,3753
2026-04-01 05:45:00+00:00,4702.249,4703.204,4684.004,4684.366,3396
2026-04-01 06:00:00+00:00,4684.431,4697.414,4682.407,4697.375,4308
2026-04-01 06:15:00+00:00,4697.728,4711.562,4692.487,4709.051,4314
2026-04-01 06:30:00+00:00,4709.023,4712.712,4702.144,4708.27,3839
2026-04-01 06:45:00+00:00,4708.335,4733.135,4708.335,4730.483,5199
2026-04-01 07:00:00+00:00,4730.54,4732.865,4714.339,4715.428,5661
2026-04-01 07:15:00+00:00,4715.492,4725.712,4713.182,4723.1,3037
2026-04-01 07:30:00+00:00,4723.181,4747.686,4721.943,4730.807,5137
2026-04-01 07:45:00+00:00,4730.559,4732.811,4709.636,4713.139,5554
2026-04-01 08:00:00+00:00,4712.783,4726.162,4710.343,4718.942,5275
2026-04-01 08:15:00+00:00,4719.046,4735.767,4717.206,4730.471,4131
2026-04-01 08:30:00+00:00,4730.411,4740.381,4726.291,4731.823,4217
2026-04-01 08:45:00+00:00,4732.037,4732.551,4726.014,4728.64,3129
2026-04-01 09:00:00+00:00,4728.698,4730.213,4717.695,4718.334,3151
2026-04-01 09:15:00+00:00,4718.276,4723.773,4713.92,4719.275,3075
2026-04-01 09:30:00+00:00,4719.213,4722.835,4712.999,4719.008,3367
2026-04-01 09:45:00+00:00,4719.066,4727.828,4718.994,4722.956,3088
2026-04-01 10:00:00+00:00,4723.089,4724.727,4715.372,4715.734,2890
2026-04-01 10:15:00+00:00,4715.676,4729.394,4715.155,4728.426,2744
2026-04-01 10:30:00+00:00,4727.986,4736.332,4726.051,4734.685,2489
2026-04-01 10:45:00+00:00,4734.765,4738.859,4727.827,4731.271,2787
2026-04-01 11:00:00+00:00,4731.185,4740.428,4728.039,4736.54,3049
2026-04-01 11:15:00+00:00,4736.613,4746.386,4736.379,4744.93,3010
2026-04-01 11:30:00+00:00,4745.027,4763.02,4744.665,4760.561,4256
2026-04-01 11:45:00+00:00,4760.43,4761.505,4752.138,4752.138,3455
2026-04-01 12:00:00+00:00,4752.071,4753.717,4739.339,4743.705,3627
2026-04-01 12:15:00+00:00,4743.593,4745.587,4724.707,4735.321,5419
2026-04-01 12:30:00+00:00,4734.991,4753.737,4731.383,4747.405,5223
2026-04-01 12:45:00+00:00,4747.357,4753.369,4724.195,4724.53,16102
2026-04-01 13:00:00+00:00,4724.844,4733.487,4715.902,4731.479,9302
2026-04-01 13:15:00+00:00,4731.492,4742.203,4730.623,4736.284,4891
2026-04-01 13:30:00+00:00,4736.226,4749.556,4730.644,4743.469,10969
2026-04-01 13:45:00+00:00,4743.127,4748.594,4733.705,4738.278,10195
2026-04-01 14:00:00+00:00,4738.097,4747.061,4723.977,4744.634,9742
2026-04-01 14:15:00+00:00,4744.563,4754.963,4730.23,4741.947,9694
2026-04-01 14:30:00+00:00,4741.87,4756.516,4734.694,4753.809,9540
2026-04-01 14:45:00+00:00,4753.868,4768.838,4752.533,4760.873,6467
2026-04-01 15:00:00+00:00,4760.93,4775.001,4758.14,4764.871,6634
2026-04-01 15:15:00+00:00,4764.757,4776.531,4762.516,4772.623,5272
2026-04-01 15:30:00+00:00,4772.705,4786.935,4769.637,4785.332,5383
2026-04-01 15:45:00+00:00,4785.403,4788.354,4782.342,4786.657,3937
2026-04-01 16:00:00+00:00,4786.439,4790.742,4774.464,4775.116,4910
2026-04-01 16:15:00+00:00,4775.174,4783.482,4774.55,4776.662,3721
2026-04-01 16:30:00+00:00,4776.732,4784.919,4775.126,4784.393,2878
2026-04-01 16:45:00+00:00,4784.114,4788.493,4781.647,4787.351,1976
2026-04-01 17:00:00+00:00,4787.347,4793.028,4786.272,4788.584,2656
2026-04-01 17:15:00+00:00,4788.648,4790.151,4782.232,4785.263,3446
2026-04-01 17:30:00+00:00,4785.093,4786.003,4775.76,4781.949,3374
2026-04-01 17:45:00+00:00,4782.008,4783.362,4773.48,4774.473,2909
2026-04-01 18:00:00+00:00,4774.378,4775.26,4759.517,4771.279,6108
2026-04-01 18:15:00+00:00,4771.218,4771.78,4753.015,4754.134,6301
2026-04-01 18:30:00+00:00,4754.193,4766.115,4742.107,4756.578,7051
2026-04-01 18:45:00+00:00,4757.019,4758.585,4751.384,4753.262,5016
2026-04-01 19:00:00+00:00,4753.321,4765.167,4750.926,4759.612,5541
2026-04-01 19:15:00+00:00,4759.622,4769.261,4758.448,4765.729,3547
2026-04-01 19:30:00+00:00,4765.576,4778.259,4763.088,4769.495,3342
2026-04-01 19:45:00+00:00,4769.433,4771.763,4758.308,4766.214,6278
2026-04-01 20:00:00+00:00,4765.816,4769.656,4762.653,4768.669,2418
2026-04-01 20:15:00+00:00,4768.964,4771.291,4760.97,4762.26,1466
2026-04-01 20:30:00+00:00,4762.305,4763.817,4753.999,4760.072,2012
2026-04-01 20:45:00+00:00,4759.92,4763.637,4756.329,4756.874,1359
2026-04-01 22:15:00+00:00,4758.737,4774.206,4756.31,4772.862,1577
2026-04-01 22:30:00+00:00,4772.891,4781.181,4770.768,4776.16,1839
2026-04-01 22:45:00+00:00,4776.187,4782.836,4775.126,4776.6,1601
2026-04-01 23:00:00+00:00,4776.522,4791.517,4773.529,4790.965,1841
2026-04-01 23:15:00+00:00,4790.997,4799.158,4788.389,4794.699,2384
2026-04-01 23:30:00+00:00,4795.095,4800.345,4788.127,4789.502,1812
2026-04-01 23:45:00+00:00,4789.784,4789.999,4778.279,4784.17,2105
2026-04-02 00:00:00+00:00,4784.241,4793.289,4774.842,4792.664,4687
2026-04-02 00:15:00+00:00,4792.725,4798.836,4788.475,4789.879,3389
2026-04-02 00:30:00+00:00,4789.908,4796.308,4784.434,4787.558,3743
2026-04-02 00:45:00+00:00,4787.267,4792.078,4783.327,4784.572,3962
2026-04-02 01:00:00+00:00,4784.25,4786.514,4724.177,4750.65,22075
2026-04-02 01:15:00+00:00,4750.965,4753.132,4686.143,4697.127,28231
2026-04-02 01:30:00+00:00,4697.065,4708.432,4650.31,4689.955,24077
2026-04-02 01:45:00+00:00,4689.705,4711.804,4684.724,4696.456,13921
2026-04-02 02:00:00+00:00,4696.39,4703.901,4678.57,4688.72,13193
2026-04-02 02:15:00+00:00,4688.818,4703.084,4688.234,4690.069,7613
2026-04-02 02:30:00+00:00,4689.626,4691.188,4655.014,4675.765,12727
2026-04-02 02:45:00+00:00,4676.063,4689.352,4672.894,4686.944,6841
2026-04-02 03:00:00+00:00,4687.012,4691.693,4677.679,4689.633,5358
2026-04-02 03:15:00+00:00,4689.681,4699.136,4687.984,4691.723,3993
2026-04-02 03:30:00+00:00,4691.786,4692.48,4683.332,4685.967,3741
2026-04-02 03:45:00+00:00,4686.03,4687.732,4675.521,4676.026,3176
2026-04-02 04:00:00+00:00,4676.323,4681.583,4664.595,4668.49,4535
2026-04-02 04:15:00+00:00,4668.419,4672.211,4662.15,4666.389,3479
2026-04-02 04:30:00+00:00,4666.452,4669.847,4658.319,4661.747,3506
2026-04-02 04:45:00+00:00,4661.795,4673.395,4657.083,4672.441,2957
2026-04-02 05:00:00+00:00,4672.501,4675.282,4666.374,4670.375,2948
2026-04-02 05:15:00+00:00,4670.431,4680.347,4669.197,4677.181,3269
2026-04-02 05:30:00+00:00,4677.01,4679.372,4629.015,4634.014,12550
2026-04-02 05:45:00+00:00,4634.082,4635.457,4585.997,4594.005,17516
2026-04-02 06:00:00+00:00,4594.076,4596.837,4553.765,4580.607,17908
2026-04-02 06:15:00+00:00,4580.793,4598.736,4574.143,4591.009,10193
2026-04-02 06:30:00+00:00,4591.241,4598.588,4581.448,4588.257,9977
2026-04-02 06:45:00+00:00,4588.169,4608.383,4584.027,4599.057,9156
2026-04-02 07:00:00+00:00,4598.997,4622.1,4597.109,4620.976,6288
2026-04-02 07:15:00+00:00,4620.915,4627.414,4617.363,4620.541,5620
2026-04-02 07:30:00+00:00,4620.6,4641.276,4619.512,4637.129,4931
2026-04-02 07:45:00+00:00,4637.067,4651.242,4635.892,4642.815,4383
2026-04-02 08:00:00+00:00,4642.808,4648.922,4628.744,4641.042,6274
2026-04-02 08:15:00+00:00,4640.969,4645.014,4631.365,4634.148,4013
2026-04-02 08:30:00+00:00,4634.172,4643.898,4630.392,4630.44,4344
2026-04-02 08:45:00+00:00,4630.769,4634.507,4617.326,4620.665,4582
2026-04-02 09:00:00+00:00,4620.682,4625.48,4613.01,4623.928,3983
2026-04-02 09:15:00+00:00,4623.49,4631.988,4617.233,4621.064,3840
2026-04-02 09:30:00+00:00,4620.97,4625.531,4615.268,4621.602,3931
2026-04-02 09:45:00+00:00,4621.295,4628.454,4617.598,4621.887,3603
2026-04-02 10:00:00+00:00,4621.948,4635.32,4618.306,4625.233,4099
2026-04-02 10:15:00+00:00,4625.313,4626.983,4603.938,4618.673,4145
2026-04-02 10:30:00+00:00,4618.658,4631.531,4613.411,4624.631,4303
2026-04-02 10:45:00+00:00,4624.724,4629.462,4619.424,4620.645,3667
2026-04-02 11:00:00+00:00,4620.587,4630.013,4616.626,4627.388,4038
2026-04-02 11:15:00+00:00,4627.39,4630.716,4614.296,4614.982,3856
2026-04-02 11:30:00+00:00,4614.92,4617.661,4592.604,4600.146,5851
2026-04-02 11:45:00+00:00,4600.032,4611.891,4596.153,4599.881,5261
2026-04-02 12:00:00+00:00,4600.191,4612.695,4594.436,4612.362,7063
2026-04-02 12:15:00+00:00,4612.432,4630.244,4609.412,4626.502,6049
2026-04-02 12:30:00+00:00,4626.147,4626.479,4615.594,4618.145,4628
2026-04-02 12:45:00+00:00,4618.358,4626.57,4600.322,4601.74,7004
2026-04-02 13:00:00+00:00,4601.804,4614.237,4580.302,4587.54,16403
2026-04-02 13:15:00+00:00,4587.428,4600.277,4580.676,4597.454,11863
2026-04-02 13:30:00+00:00,4597.51,4607.787,4585.765,4601.814,20006
2026-04-02 13:45:00+00:00,4601.736,4651.474,4600.325,4645.933,15518
2026-04-02 14:00:00+00:00,4645.991,4659.641,4631.566,4647.714,15241
2026-04-02 14:15:00+00:00,4647.651,4675.963,4645.504,4665.085,12467
2026-04-02 14:30:00+00:00,4664.993,4699.733,4658.77,4693.21,30997
2026-04-02 14:45:00+00:00,4693.27,4693.707,4672.395,4681.513,18532
2026-04-02 15:00:00+00:00,4681.667,4684.055,4667.423,4672.113,14182
2026-04-02 15:15:00+00:00,4672.177,4682.004,4658.072,4672.246,10932
2026-04-02 15:30:00+00:00,4672.598,4676.151,4662.071,4665.853,9095
2026-04-02 15:45:00+00:00,4666.008,4666.857,4652.475,4660.862,7490
2026-04-02 16:00:00+00:00,4660.924,4668.355,4647.538,4654.724,6639
2026-04-02 16:15:00+00:00,4654.858,4656.964,4642.698,4650.898,6608
2026-04-02 16:30:00+00:00,4650.807,4670.233,4650.414,4658.58,7870
2026-04-02 16:45:00+00:00,4658.801,4670.5,4656.654,4659.051,5674
2026-04-02 17:00:00+00:00,4658.939,4668.446,4656.128,4663.844,5313
2026-04-02 17:15:00+00:00,4663.78,4665.69,4650.97,4652.054,5145
2026-04-02 17:30:00+00:00,4651.992,4657.954,4646.147,4657.519,5301
2026-04-02 17:45:00+00:00,4657.447,4658.751,4645.615,4648.8,4905
2026-04-02 18:00:00+00:00,4648.863,4658.913,4647.404,4653.385,3947
2026-04-02 18:15:00+00:00,4653.646,4656.623,4649.946,4651.464,3532
2026-04-02 18:30:00+00:00,4651.406,4663.365,4651.264,4662.414,3443
2026-04-02 18:45:00+00:00,4662.353,4672.135,4661.923,4668.62,3544
2026-04-02 19:00:00+00:00,4668.676,4681.802,4668.637,4674.528,3698
2026-04-02 19:15:00+00:00,4674.516,4677.845,4664.262,4665.374,5091
2026-04-02 19:30:00+00:00,4665.316,4668.264,4661.403,4666.024,3604
2026-04-02 19:45:00+00:00,4666.063,4676.554,4665.924,4672.105,4005
2026-04-02 20:00:00+00:00,4672.166,4676.912,4671.918,4673.725,1820
2026-04-02 20:15:00+00:00,4673.71,4674.495,4664.274,4667.904,2087
2026-04-02 20:30:00+00:00,4667.928,4673.4,4667.811,4669.065,1534
2026-04-02 20:45:00+00:00,4669.047,4676.927,4666.672,4675.333,2304
2026-04-05 22:00:00+00:00,4662.923,4662.923,4614.162,4630.0,6243
2026-04-05 22:15:00+00:00,4630.455,4642.078,4629.578,4636.391,3658
2026-04-05 22:30:00+00:00,4636.48,4646.119,4632.088,4642.343,2674
2026-04-05 22:45:00+00:00,4642.656,4653.991,4608.316,4645.425,7409
2026-04-05 23:00:00+00:00,4645.521,4651.4,4626.935,4632.626,3889
2026-04-05 23:15:00+00:00,4632.323,4633.99,4609.204,4609.901,2859
2026-04-05 23:30:00+00:00,4609.911,4617.205,4605.069,4607.267,3225
2026-04-05 23:45:00+00:00,4607.374,4619.283,4607.374,4610.674,2379
2026-04-06 00:00:00+00:00,4610.706,4626.741,4606.988,4626.23,6442
2026-04-06 00:15:00+00:00,4626.001,4629.491,4600.572,4603.157,6148
2026-04-06 00:30:00+00:00,4603.188,4621.664,4602.889,4618.934,4761
2026-04-06 00:45:00+00:00,4618.876,4626.042,4615.629,4622.296,3094
2026-04-06 01:00:00+00:00,4622.382,4642.635,4622.211,4641.637,4141
2026-04-06 01:15:00+00:00,4641.643,4643.253,4620.288,4641.006,3854
2026-04-06 01:30:00+00:00,4640.948,4641.409,4622.734,4627.587,3835
2026-04-06 01:45:00+00:00,4627.582,4629.164,4621.437,4625.773,2479
2026-04-06 02:00:00+00:00,4625.986,4640.09,4623.545,4636.235,4066
2026-04-06 02:15:00+00:00,4636.365,4671.878,4636.365,4661.196,6372
2026-04-06 02:30:00+00:00,4661.226,4666.614,4644.01,4651.301,4629
2026-04-06 02:45:00+00:00,4651.294,4656.325,4647.403,4648.162,3292
2026-04-06 03:00:00+00:00,4648.098,4648.211,4628.542,4633.219,4529
2026-04-06 03:15:00+00:00,4633.29,4636.533,4625.175,4630.429,3677
2026-04-06 03:30:00+00:00,4630.154,4633.46,4625.401,4632.521,2887
2026-04-06 03:45:00+00:00,4632.459,4642.314,4630.575,4640.486,2092
2026-04-06 04:00:00+00:00,4640.368,4648.627,4639.837,4643.551,2527
2026-04-06 04:15:00+00:00,4643.592,4646.828,4641.158,4646.711,1715
2026-04-06 04:30:00+00:00,4646.492,4651.136,4642.961,4649.012,1734
2026-04-06 04:45:00+00:00,4649.001,4660.048,4646.628,4658.904,1712
2026-04-06 05:00:00+00:00,4658.91,4676.763,4657.753,4673.391,3297
2026-04-06 05:15:00+00:00,4673.387,4678.938,4666.842,4667.13,2856
2026-04-06 05:30:00+00:00,4667.251,4668.982,4661.117,4661.369,2198
2026-04-06 05:45:00+00:00,4661.604,4667.331,4651.541,4652.784,2453
2026-04-06 06:00:00+00:00,4652.791,4661.688,4643.376,4660.747,3395
2026-04-06 06:15:00+00:00,4660.754,4662.38,4652.694,4657.491,2472
2026-04-06 06:30:00+00:00,4657.472,4660.127,4651.606,4655.706,2168
2026-04-06 06:45:00+00:00,4655.619,4667.93,4653.818,4665.849,4576
2026-04-06 07:00:00+00:00,4665.791,4666.878,4647.926,4651.672,3357
2026-04-06 07:15:00+00:00,4651.708,4655.758,4644.942,4650.611,3004
2026-04-06 07:30:00+00:00,4650.544,4665.674,4650.05,4664.078,2651
2026-04-06 07:45:00+00:00,4664.02,4688.674,4662.495,4684.498,4822
2026-04-06 08:00:00+00:00,4684.695,4694.67,4680.371,4689.662,4897
2026-04-06 08:15:00+00:00,4689.75,4695.807,4684.288,4691.052,3669
2026-04-06 08:30:00+00:00,4690.983,4695.771,4689.783,4692.814,2821
2026-04-06 08:45:00+00:00,4692.81,4698.268,4691.569,4695.562,2648
2026-04-06 09:00:00+00:00,4695.63,4703.125,4695.63,4701.081,3112
2026-04-06 09:15:00+00:00,4701.126,4703.796,4697.069,4702.194,2828
2026-04-06 09:30:00+00:00,4702.259,4706.725,4700.659,4703.477,2090
2026-04-06 09:45:00+00:00,4703.471,4704.814,4690.919,4693.717,3895
2026-04-06 10:00:00+00:00,4693.771,4697.565,4686.107,4686.889,3107
2026-04-06 10:15:00+00:00,4686.889,4693.155,4686.121,4689.652,2162
2026-04-06 10:30:00+00:00,4689.606,4696.842,4687.861,4695.265,1803
2026-04-06 10:45:00+00:00,4695.292,4695.775,4684.652,4689.92,4712
2026-04-06 11:00:00+00:00,4689.988,4696.89,4688.771,4689.581,2752
2026-04-06 11:15:00+00:00,4689.61,4692.597,4685.295,4688.596,2304
2026-04-06 11:30:00+00:00,4688.367,4694.349,4685.217,4685.434,2468
2026-04-06 11:45:00+00:00,4685.377,4685.91,4676.963,4678.015,2885
2026-04-06 12:00:00+00:00,4677.956,4686.76,4671.527,4672.649,2806
2026-04-06 12:15:00+00:00,4672.294,4674.208,4659.481,4666.135,4154
2026-04-06 12:30:00+00:00,4666.199,4678.909,4665.636,4676.913,3319
2026-04-06 12:45:00+00:00,4677.026,4681.214,4674.014,4675.95,2507
2026-04-06 13:00:00+00:00,4675.986,4677.586,4662.188,4668.75,4210
2026-04-06 13:15:00+00:00,4668.835,4673.396,4659.629,4668.465,3442
2026-04-06 13:30:00+00:00,4668.894,4679.131,4660.669,4665.751,11819
2026-04-06 13:45:00+00:00,4665.809,4681.621,4661.456,4679.732,9048
2026-04-06 14:00:00+00:00,4680.182,4690.928,4660.127,4672.575,8987
2026-04-06 14:15:00+00:00,4672.635,4688.475,4670.451,4685.83,7154
2026-04-06 14:30:00+00:00,4685.888,4697.73,4678.219,4684.675,10177
2026-04-06 14:45:00+00:00,4684.767,4688.372,4674.965,4682.923,7069
2026-04-06 15:00:00+00:00,4682.997,4684.023,4661.3,4662.473,7027
2026-04-06 15:15:00+00:00,4662.408,4669.97,4655.18,4667.113,5909
2026-04-06 15:30:00+00:00,4667.181,4671.005,4652.024,4660.371,5084
2026-04-06 15:45:00+00:00,4660.281,4669.124,4659.308,4668.211,3568
2026-04-06 16:00:00+00:00,4668.087,4671.369,4662.337,4670.486,3633
2026-04-06 16:15:00+00:00,4670.221,4672.593,4664.648,4665.781,3031
2026-04-06 16:30:00+00:00,4665.705,4671.176,4662.586,4663.446,2937
2026-04-06 16:45:00+00:00,4663.51,4666.822,4657.663,4660.499,3785
2026-04-06 17:00:00+00:00,4660.566,4661.118,4645.56,4653.963,6187
2026-04-06 17:15:00+00:00,4653.788,4660.234,4650.175,4656.188,4193
2026-04-06 17:30:00+00:00,4656.26,4660.399,4652.495,4656.4,3029
2026-04-06 17:45:00+00:00,4656.479,4657.297,4651.559,4653.739,2401
2026-04-06 18:00:00+00:00,4653.796,4666.483,4650.806,4659.446,4002
2026-04-06 18:15:00+00:00,4659.511,4664.152,4659.07,4660.331,2986
2026-04-06 18:30:00+00:00,4660.332,4663.306,4648.899,4650.386,2646
2026-04-06 18:45:00+00:00,4650.323,4659.065,4648.607,4658.181,2392
2026-04-06 19:00:00+00:00,4658.186,4659.412,4650.092,4650.86,2361
2026-04-06 19:15:00+00:00,4650.839,4651.46,4645.316,4649.97,2290
2026-04-06 19:30:00+00:00,4649.904,4653.643,4648.482,4651.569,1780
2026-04-06 19:45:00+00:00,4651.507,4658.144,4651.379,4655.213,2246
2026-04-06 20:00:00+00:00,4655.274,4657.314,4652.054,4657.118,1346
2026-04-06 20:15:00+00:00,4656.818,4658.074,4655.265,4655.981,945
2026-04-06 20:30:00+00:00,4655.806,4658.36,4651.133,4653.027,1178
2026-04-06 20:45:00+00:00,4652.942,4654.341,4648.982,4649.944,967
2026-04-06 22:00:00+00:00,4661.087,4667.962,4660.547,4663.984,2179
2026-04-06 22:15:00+00:00,4664.03,4666.248,4659.137,4662.291,1450
2026-04-06 22:30:00+00:00,4662.182,4663.067,4659.17,4659.426,897
2026-04-06 22:45:00+00:00,4659.364,4662.286,4656.853,4658.245,902
2026-04-06 23:00:00+00:00,4658.452,4661.165,4657.052,4660.136,985
2026-04-06 23:15:00+00:00,4659.842,4660.787,4653.418,4654.673,946
2026-04-06 23:30:00+00:00,4654.586,4656.394,4651.622,4654.937,979
2026-04-06 23:45:00+00:00,4655.189,4660.311,4654.404,4658.623,1317
2026-04-07 00:00:00+00:00,4658.976,4660.711,4648.955,4657.684,3812
2026-04-07 00:15:00+00:00,4657.626,4661.07,4656.126,4658.956,2492
2026-04-07 00:30:00+00:00,4658.956,4660.994,4657.384,4660.417,1762
2026-04-07 00:45:00+00:00,4660.442,4661.449,4654.206,4654.722,2072
2026-04-07 01:00:00+00:00,4654.699,4664.325,4627.165,4640.401,14289
2026-04-07 01:15:00+00:00,4640.48,4657.56,4637.6,4654.575,7930
2026-04-07 01:30:00+00:00,4654.898,4662.567,4628.686,4641.775,9779
2026-04-07 01:45:00+00:00,4641.858,4647.31,4616.331,4626.659,9912
2026-04-07 02:00:00+00:00,4626.729,4634.231,4619.655,4626.464,6588
2026-04-07 02:15:00+00:00,4626.369,4635.283,4622.665,4634.369,3115
2026-04-07 02:30:00+00:00,4634.308,4646.931,4633.591,4646.11,3681
2026-04-07 02:45:00+00:00,4646.025,4654.089,4645.117,4650.358,3606
2026-04-07 03:00:00+00:00,4650.411,4653.996,4641.643,4645.037,3220
2026-04-07 03:15:00+00:00,4644.851,4647.88,4639.456,4642.644,3267
2026-04-07 03:30:00+00:00,4642.683,4648.494,4641.864,4647.955,1861
2026-04-07 03:45:00+00:00,4647.897,4650.978,4647.124,4649.56,1540
2026-04-07 04:00:00+00:00,4649.496,4651.427,4645.436,4646.204,1793
2026-04-07 04:15:00+00:00,4645.948,4651.208,4645.624,4650.27,1768
2026-04-07 04:30:00+00:00,4650.329,4664.159,4649.679,4662.13,2817
2026-04-07 04:45:00+00:00,4662.119,4663.98,4659.262,4659.81,2067
2026-04-07 05:00:00+00:00,4659.688,4661.306,4654.258,4655.812,1650
2026-04-07 05:15:00+00:00,4655.689,4658.1,4630.351,4632.82,3659
2026-04-07 05:30:00+00:00,4632.742,4641.524,4622.758,4631.393,7745
2026-04-07 05:45:00+00:00,4631.389,4646.54,4629.315,4642.832,3926
2026-04-07 06:00:00+00:00,4643.22,4648.172,4638.22,4646.945,4941
2026-04-07 06:15:00+00:00,4647.253,4649.284,4637.737,4641.086,4266
2026-04-07 06:30:00+00:00,4641.01,4653.87,4640.819,4652.557,3947
2026-04-07 06:45:00+00:00,4652.198,4656.457,4648.492,4653.249,3233
2026-04-07 07:00:00+00:00,4653.176,4657.082,4649.18,4651.439,3957
2026-04-07 07:15:00+00:00,4651.705,4653.884,4638.796,4639.759,3777
2026-04-07 07:30:00+00:00,4639.693,4646.625,4636.555,4643.799,2822
2026-04-07 07:45:00+00:00,4643.508,4646.97,4638.878,4645.863,2206
2026-04-07 08:00:00+00:00,4646.18,4665.503,4644.153,4663.357,8392
2026-04-07 08:15:00+00:00,4663.708,4690.829,4656.974,4678.448,8926
2026-04-07 08:30:00+00:00,4678.511,4687.666,4676.969,4682.857,5488
2026-04-07 08:45:00+00:00,4682.853,4687.423,4679.045,4682.952,3927
2026-04-07 09:00:00+00:00,4682.93,4693.697,4680.798,4685.176,3625
2026-04-07 09:15:00+00:00,4685.534,4694.641,4682.691,4686.72,4665
2026-04-07 09:30:00+00:00,4686.719,4687.042,4665.341,4667.279,5159
2026-04-07 09:45:00+00:00,4667.344,4675.793,4658.733,4670.728,4138
2026-04-07 10:00:00+00:00,4670.786,4679.952,4662.142,4676.682,6872
2026-04-07 10:15:00+00:00,4676.74,4680.494,4657.844,4668.004,6973
2026-04-07 10:30:00+00:00,4668.235,4672.072,4654.355,4662.526,5431
2026-04-07 10:45:00+00:00,4662.434,4662.735,4649.144,4652.199,5982
2026-04-07 11:00:00+00:00,4652.129,4656.278,4628.585,4635.801,6186
2026-04-07 11:15:00+00:00,4635.444,4651.83,4632.884,4647.699,5061
2026-04-07 11:30:00+00:00,4647.928,4663.138,4647.174,4662.86,4468
2026-04-07 11:45:00+00:00,4662.847,4664.232,4656.176,4659.817,2812
2026-04-07 12:00:00+00:00,4659.883,4664.898,4651.267,4654.69,6224
2026-04-07 12:15:00+00:00,4654.759,4670.834,4651.143,4666.066,5426
2026-04-07 12:30:00+00:00,4666.212,4667.711,4655.977,4656.813,3228
2026-04-07 12:45:00+00:00,4656.757,4662.401,4646.72,4651.714,5759
2026-04-07 13:00:00+00:00,4651.478,4660.049,4648.282,4656.505,6493
2026-04-07 13:15:00+00:00,4656.444,4663.012,4650.187,4657.829,4462
2026-04-07 13:30:00+00:00,4657.885,4663.188,4635.468,4639.866,10440
2026-04-07 13:45:00+00:00,4639.809,4654.049,4637.113,4644.395,8444
2026-04-07 14:00:00+00:00,4644.101,4645.532,4607.334,4622.08,12649
2026-04-07 14:15:00+00:00,4621.728,4649.51,4609.58,4645.1,11751
2026-04-07 14:30:00+00:00,4645.159,4661.258,4642.483,4647.266,8313
2026-04-07 14:45:00+00:00,4647.21,4656.986,4629.848,4633.413,8126
2026-04-07 15:00:00+00:00,4633.347,4643.071,4624.763,4642.922,7986
2026-04-07 15:15:00+00:00,4642.999,4653.365,4640.45,4653.201,8485
2026-04-07 15:30:00+00:00,4652.867,4656.661,4640.546,4645.823,5959
2026-04-07 15:45:00+00:00,4645.881,4659.428,4644.931,4655.719,5537
2026-04-07 16:00:00+00:00,4655.388,4668.34,4652.441,4658.65,7279
2026-04-07 16:15:00+00:00,4658.708,4667.964,4654.246,4662.696,6534
2026-04-07 16:30:00+00:00,4662.626,4663.993,4655.836,4660.872,4267
2026-04-07 16:45:00+00:00,4660.807,4663.04,4656.183,4657.141,3356
2026-04-07 17:00:00+00:00,4657.203,4673.215,4656.42,4668.162,4542
2026-04-07 17:15:00+00:00,4668.105,4668.105,4653.753,4660.044,3768
2026-04-07 17:30:00+00:00,4660.099,4686.47,4660.099,4672.418,6750
2026-04-07 17:45:00+00:00,4672.357,4680.203,4671.19,4676.072,3482
2026-04-07 18:00:00+00:00,4675.997,4684.719,4675.743,4683.888,2968
2026-04-07 18:15:00+00:00,4683.869,4686.142,4677.045,4680.35,3199
2026-04-07 18:30:00+00:00,4680.418,4686.376,4677.383,4679.903,3307
2026-04-07 18:45:00+00:00,4679.791,4680.109,4657.357,4662.339,4459
2026-04-07 19:00:00+00:00,4662.4,4668.943,4660.662,4667.757,24656
2026-04-07 19:15:00+00:00,4667.852,4702.621,4666.382,4687.241,21601
2026-04-07 19:30:00+00:00,4687.319,4691.441,4681.629,4686.967,6271
2026-04-07 19:45:00+00:00,4686.909,4718.614,4685.801,4700.628,15872
2026-04-07 20:00:00+00:00,4700.691,4710.691,4697.173,4708.126,5191
2026-04-07 20:15:00+00:00,4708.184,4712.919,4703.805,4710.176,3593
2026-04-07 20:30:00+00:00,4710.354,4717.116,4703.472,4708.191,4681
2026-04-07 20:45:00+00:00,4708.25,4713.74,4705.819,4706.301,3054
2026-04-07 22:00:00+00:00,4740.729,4752.252,4731.214,4732.173,4607
2026-04-07 22:15:00+00:00,4732.178,4736.002,4725.573,4735.156,3163
2026-04-07 22:30:00+00:00,4735.154,4779.767,4713.782,4770.145,12321
2026-04-07 22:45:00+00:00,4769.961,4819.756,4761.597,4818.138,8898
2026-04-07 23:00:00+00:00,4818.422,4824.953,4801.707,4818.41,9872
2026-04-07 23:15:00+00:00,4818.478,4828.781,4807.62,4814.332,7069
2026-04-07 23:30:00+00:00,4814.228,4817.482,4804.005,4812.887,6373
2026-04-07 23:45:00+00:00,4812.955,4836.407,4810.427,4833.182,5144
2026-04-08 00:00:00+00:00,4833.247,4857.455,4830.397,4834.781,14847
2026-04-08 00:15:00+00:00,4834.914,4838.575,4818.774,4822.842,9018
2026-04-08 00:30:00+00:00,4822.902,4824.747,4811.817,4813.884,6107
2026-04-08 00:45:00+00:00,4813.949,4827.334,4808.641,4817.785,5561
2026-04-08 01:00:00+00:00,4817.974,4825.485,4806.316,4819.625,11824
2026-04-08 01:15:00+00:00,4819.937,4822.051,4791.761,4794.051,10195
2026-04-08 01:30:00+00:00,4793.992,4804.245,4787.975,4800.006,7253
2026-04-08 01:45:00+00:00,4800.344,4814.222,4798.231,4810.288,4314
2026-04-08 02:00:00+00:00,4810.208,4825.396,4810.035,4813.851,4140
2026-04-08 02:15:00+00:00,4814.064,4814.064,4807.682,4811.709,2398
2026-04-08 02:30:00+00:00,4811.768,4820.526,4805.979,4806.801,3616
2026-04-08 02:45:00+00:00,4806.358,4809.192,4798.539,4803.736,3472
2026-04-08 03:00:00+00:00,4803.795,4806.041,4797.745,4798.756,2852
2026-04-08 03:15:00+00:00,4798.863,4805.323,4796.218,4803.215,2814
2026-04-08 03:30:00+00:00,4803.153,4804.972,4794.818,4800.401,2435
2026-04-08 03:45:00+00:00,4800.056,4804.521,4796.287,4797.653,2390
2026-04-08 04:00:00+00:00,4797.672,4801.132,4793.391,4797.589,2459
2026-04-08 04:15:00+00:00,4797.529,4803.881,4790.236,4802.112,2723
2026-04-08 04:30:00+00:00,4802.053,4806.718,4800.492,4802.728,2058
2026-04-08 04:45:00+00:00,4802.812,4803.97,4797.506,4803.43,2197
2026-04-08 05:00:00+00:00,4803.37,4810.655,4800.196,4809.487,2557
2026-04-08 05:15:00+00:00,4809.197,4816.319,4806.535,4815.825,2265
2026-04-08 05:30:00+00:00,4815.603,4824.999,4813.867,4822.434,4175
2026-04-08 05:45:00+00:00,4822.481,4843.857,4820.542,4827.648,4443
2026-04-08 06:00:00+00:00,4827.239,4834.805,4821.257,4826.068,4137
2026-04-08 06:15:00+00:00,4826.091,4836.514,4824.392,4836.514,4676
2026-04-08 06:30:00+00:00,4836.717,4839.775,4829.044,4835.451,4258
2026-04-08 06:45:00+00:00,4835.465,4839.526,4819.95,4820.09,4344
2026-04-08 07:00:00+00:00,4820.031,4820.769,4808.854,4812.608,5031
2026-04-08 07:15:00+00:00,4812.548,4821.286,4809.017,4818.199,3521
2026-04-08 07:30:00+00:00,4818.6,4818.6,4805.307,4809.065,3394
2026-04-08 07:45:00+00:00,4808.991,4820.586,4808.483,4813.47,2853
2026-04-08 08:00:00+00:00,4813.538,4819.219,4807.921,4815.116,3343
2026-04-08 08:15:00+00:00,4815.24,4819.941,4798.338,4808.297,3429
2026-04-08 08:30:00+00:00,4808.238,4808.238,4790.158,4793.576,3979
2026-04-08 08:45:00+00:00,4793.09,4803.194,4790.784,4793.644,3506
2026-04-08 09:00:00+00:00,4794.002,4801.229,4793.333,4800.397,2047
2026-04-08 09:15:00+00:00,4800.353,4806.789,4794.98,4798.661,2601
2026-04-08 09:30:00+00:00,4798.6,4803.745,4776.547,4782.612,4426
2026-04-08 09:45:00+00:00,4782.676,4788.252,4776.201,4783.373,3882
2026-04-08 10:00:00+00:00,4783.314,4790.369,4781.517,4782.832,2606
2026-04-08 10:15:00+00:00,4782.768,4783.429,4770.988,4782.503,3189
2026-04-08 10:30:00+00:00,4782.561,4792.294,4779.988,4791.534,2079
2026-04-08 10:45:00+00:00,4791.454,4796.234,4782.654,4782.767,2822
2026-04-08 11:00:00+00:00,4782.682,4790.817,4779.515,4787.419,3064
2026-04-08 11:15:00+00:00,4787.054,4797.066,4782.443,4789.939,4437
2026-04-08 11:30:00+00:00,4789.878,4792.215,4777.826,4789.908,4715
2026-04-08 11:45:00+00:00,4789.794,4802.862,4789.152,4798.544,3866
2026-04-08 12:00:00+00:00,4798.727,4807.103,4797.672,4805.368,4176
2026-04-08 12:15:00+00:00,4805.134,4805.305,4768.354,4783.952,12563
2026-04-08 12:30:00+00:00,4783.894,4798.211,4783.34,4794.63,4526
2026-04-08 12:45:00+00:00,4794.704,4802.546,4794.62,4799.692,3427
2026-04-08 13:00:00+00:00,4799.506,4806.662,4790.671,4793.348,4795
2026-04-08 13:15:00+00:00,4793.011,4799.308,4789.101,4790.305,4610
2026-04-08 13:30:00+00:00,4790.24,4794.853,4773.492,4774.18,12469
2026-04-08 13:45:00+00:00,4774.122,4788.83,4767.16,4777.498,9740
2026-04-08 14:00:00+00:00,4777.853,4792.059,4776.297,4780.369,10157
2026-04-08 14:15:00+00:00,4780.294,4785.16,4761.362,4767.725,9126
2026-04-08 14:30:00+00:00,4767.908,4770.089,4750.815,4760.319,8892
2026-04-08 14:45:00+00:00,4760.143,4764.921,4732.255,4736.485,12142
2026-04-08 15:00:00+00:00,4736.255,4749.561,4734.171,4743.513,9242
2026-04-08 15:15:00+00:00,4743.747,4757.782,4742.849,4750.549,5606
2026-04-08 15:30:00+00:00,4750.865,4761.353,4750.28,4755.827,5190
2026-04-08 15:45:00+00:00,4755.613,4763.246,4754.806,4756.318,3215
2026-04-08 16:00:00+00:00,4756.63,4762.401,4753.82,4754.101,3699
2026-04-08 16:15:00+00:00,4754.32,4755.147,4745.421,4750.166,4642
2026-04-08 16:30:00+00:00,4750.232,4760.295,4747.946,4758.469,3328
2026-04-08 16:45:00+00:00,4758.585,4765.675,4756.634,4760.68,2522
2026-04-08 17:00:00+00:00,4760.612,4764.404,4756.344,4760.666,2529
2026-04-08 17:15:00+00:00,4761.021,4762.578,4745.456,4751.162,4937
2026-04-08 17:30:00+00:00,4751.028,4754.289,4736.18,4740.768,5866
2026-04-08 17:45:00+00:00,4740.509,4741.417,4731.543,4733.96,3505
2026-04-08 18:00:00+00:00,4734.136,4744.535,4727.416,4743.429,3121
2026-04-08 18:15:00+00:00,4743.721,4744.599,4716.621,4722.622,12838
2026-04-08 18:30:00+00:00,4722.688,4725.133,4708.093,4709.191,6482
2026-04-08 18:45:00+00:00,4709.424,4716.997,4703.402,4705.453,4693
2026-04-08 19:00:00+00:00,4705.228,4716.307,4699.471,4715.455,9319
2026-04-08 19:15:00+00:00,4715.691,4718.586,4707.355,4708.675,4089
2026-04-08 19:30:00+00:00,4708.614,4724.974,4707.847,4721.756,4294
2026-04-08 19:45:00+00:00,4722.042,4731.908,4721.451,4730.446,3435
2026-04-08 20:00:00+00:00,4730.555,4732.167,4726.309,4728.015,2147
2026-04-08 20:15:00+00:00,4728.033,4730.188,4721.773,4723.047,1569
2026-04-08 20:30:00+00:00,4723.203,4724.228,4721.037,4722.445,1113
2026-04-08 20:45:00+00:00,4722.443,4724.508,4716.963,4719.435,1581
2026-04-08 22:00:00+00:00,4729.081,4732.502,4709.406,4712.389,2272
2026-04-08 22:15:00+00:00,4712.049,4717.227,4704.709,4713.855,2461
2026-04-08 22:30:00+00:00,4713.636,4719.514,4706.123,4712.572,2223
2026-04-08 22:45:00+00:00,4712.631,4720.172,4711.72,4717.841,1542
2026-04-08 23:00:00+00:00,4717.763,4717.763,4705.26,4708.492,2239
2026-04-08 23:15:00+00:00,4708.778,4715.983,4705.816,4710.117,1848
2026-04-08 23:30:00+00:00,4710.065,4715.795,4707.063,4713.409,1420
2026-04-08 23:45:00+00:00,4713.179,4720.107,4712.542,4715.527,1533
2026-04-09 00:00:00+00:00,4715.597,4715.871,4698.047,4702.601,4745
2026-04-09 00:15:00+00:00,4702.543,4712.279,4700.8,4706.602,3525
2026-04-09 00:30:00+00:00,4706.515,4718.443,4705.519,4718.414,3239
2026-04-09 00:45:00+00:00,4718.473,4719.096,4705.828,4706.636,2987
2026-04-09 01:00:00+00:00,4706.578,4722.061,4699.513,4720.655,9410
2026-04-09 01:15:00+00:00,4720.794,4723.551,4702.784,4704.828,5558
2026-04-09 01:30:00+00:00,4704.725,4721.432,4703.789,4717.531,4653
2026-04-09 01:45:00+00:00,4717.358,4728.028,4717.358,4727.119,3068
2026-04-09 02:00:00+00:00,4727.183,4728.87,4721.144,4722.756,3104
2026-04-09 02:15:00+00:00,4723.116,4727.861,4722.389,4725.554,2035
2026-04-09 02:30:00+00:00,4725.494,4732.734,4725.168,4732.189,2626
2026-04-09 02:45:00+00:00,4732.129,4733.045,4717.511,4718.925,2875
2026-04-09 03:00:00+00:00,4718.864,4720.37,4711.396,4712.745,2754
2026-04-09 03:15:00+00:00,4712.671,4713.351,4705.174,4712.424,3260
2026-04-09 03:30:00+00:00,4712.483,4714.927,4711.706,4714.503,1598
2026-04-09 03:45:00+00:00,4714.886,4714.943,4706.566,4711.35,2666
2026-04-09 04:00:00+00:00,4711.357,4722.397,4709.708,4721.782,1789
2026-04-09 04:15:00+00:00,4721.842,4723.427,4716.976,4717.154,1457
2026-04-09 04:30:00+00:00,4717.157,4723.612,4714.302,4720.904,1856
2026-04-09 04:45:00+00:00,4720.924,4725.531,4719.88,4720.947,1640
2026-04-09 05:00:00+00:00,4721.007,4723.601,4710.564,4713.737,2217
2026-04-09 05:15:00+00:00,4714.029,4726.671,4713.072,4726.13,2342
2026-04-09 05:30:00+00:00,4726.188,4726.422,4716.141,4723.6,3790
2026-04-09 05:45:00+00:00,4723.583,4724.111,4705.63,4713.369,3855
2026-04-09 06:00:00+00:00,4713.354,4725.372,4711.45,4719.44,3194
2026-04-09 06:15:00+00:00,4719.114,4721.904,4712.482,4718.49,3169
2026-04-09 06:30:00+00:00,4718.253,4723.231,4711.869,4713.861,3608
2026-04-09 06:45:00+00:00,4713.482,4715.152,4703.355,4712.653,4251
2026-04-09 07:00:00+00:00,4712.59,4730.46,4708.599,4724.254,4471
2026-04-09 07:15:00+00:00,4724.187,4724.582,4705.672,4708.653,4188
2026-04-09 07:30:00+00:00,4708.712,4731.249,4708.712,4722.719,4676
2026-04-09 07:45:00+00:00,4722.808,4724.681,4711.67,4724.185,3518
2026-04-09 08:00:00+00:00,4724.323,4726.428,4719.762,4724.082,2839
2026-04-09 08:15:00+00:00,4723.756,4727.886,4720.843,4721.387,2540
2026-04-09 08:30:00+00:00,4721.324,4733.159,4720.177,4729.56,2683
2026-04-09 08:45:00+00:00,4729.995,4733.207,4725.931,4726.27,2442
2026-04-09 09:00:00+00:00,4726.064,4733.204,4723.014,4730.68,2505
2026-04-09 09:15:00+00:00,4731.015,4733.403,4728.676,4729.843,1942
2026-04-09 09:30:00+00:00,4729.502,4732.535,4726.581,4726.936,2095
2026-04-09 09:45:00+00:00,4726.936,4730.599,4723.654,4729.201,2248
2026-04-09 10:00:00+00:00,4729.055,4732.955,4725.85,4727.378,2122
2026-04-09 10:15:00+00:00,4727.445,4739.705,4723.393,4737.992,2959
2026-04-09 10:30:00+00:00,4738.05,4741.377,4736.323,4740.563,2247
2026-04-09 10:45:00+00:00,4740.505,4746.665,4739.132,4741.118,2720
2026-04-09 11:00:00+00:00,4740.942,4744.11,4738.365,4739.28,2359
2026-04-09 11:15:00+00:00,4739.341,4747.526,4738.668,4745.576,2077
2026-04-09 11:30:00+00:00,4745.596,4751.431,4743.02,4751.007,2402
2026-04-09 11:45:00+00:00,4751.064,4757.551,4750.599,4756.369,2277
2026-04-09 12:00:00+00:00,4756.433,4759.9,4741.808,4742.419,3017
2026-04-09 12:15:00+00:00,4742.679,4744.315,4734.765,4737.767,3669
2026-04-09 12:30:00+00:00,4737.613,4748.125,4735.247,4743.638,4463
2026-04-09 12:45:00+00:00,4743.64,4747.144,4737.513,4745.922,3542
2026-04-09 13:00:00+00:00,4745.979,4756.829,4738.562,4754.545,6164
2026-04-09 13:15:00+00:00,4754.607,4758.548,4751.582,4752.627,3749
2026-04-09 13:30:00+00:00,4752.814,4777.191,4750.465,4775.553,8180
2026-04-09 13:45:00+00:00,4775.626,4776.802,4759.603,4764.463,5997
2026-04-09 14:00:00+00:00,4764.533,4776.275,4761.756,4770.786,6712
2026-04-09 14:15:00+00:00,4770.921,4773.039,4760.077,4765.295,4862
2026-04-09 14:30:00+00:00,4765.502,4767.558,4747.035,4756.169,5947
2026-04-09 14:45:00+00:00,4756.103,4769.0,4755.01,4768.228,3990
2026-04-09 15:00:00+00:00,4768.287,4770.25,4761.186,4768.913,3900
2026-04-09 15:15:00+00:00,4768.972,4786.459,4768.972,4778.925,5255
2026-04-09 15:30:00+00:00,4779.045,4797.975,4778.193,4790.402,8385
2026-04-09 15:45:00+00:00,4790.46,4794.396,4784.036,4792.873,5312
2026-04-09 16:00:00+00:00,4792.926,4801.139,4787.91,4788.368,4742
2026-04-09 16:15:00+00:00,4788.301,4797.572,4787.641,4792.579,3553
2026-04-09 16:30:00+00:00,4792.646,4795.294,4785.876,4787.525,3279
2026-04-09 16:45:00+00:00,4787.585,4791.25,4784.167,4788.674,3027
2026-04-09 17:00:00+00:00,4788.734,4794.232,4786.625,4793.037,2688
2026-04-09 17:15:00+00:00,4792.963,4798.443,4790.104,4792.996,2666
2026-04-09 17:30:00+00:00,4793.072,4801.259,4787.51,4795.408,3251
2026-04-09 17:45:00+00:00,4795.091,4801.073,4795.091,4797.897,2250
2026-04-09 18:00:00+00:00,4797.55,4798.212,4780.446,4783.663,5331
2026-04-09 18:15:00+00:00,4784.017,4788.466,4777.676,4782.266,3916
2026-04-09 18:30:00+00:00,4782.052,4782.224,4768.444,4770.483,4107
2026-04-09 18:45:00+00:00,4770.56,4775.209,4767.53,4772.256,3329
2026-04-09 19:00:00+00:00,4772.19,4782.662,4769.042,4779.492,4789
2026-04-09 19:15:00+00:00,4779.856,4780.789,4772.298,4773.45,2303
2026-04-09 19:30:00+00:00,4773.802,4778.097,4769.365,4772.28,2499
2026-04-09 19:45:00+00:00,4772.31,4774.035,4766.826,4768.886,14990
2026-04-09 20:00:00+00:00,4768.944,4771.58,4767.086,4769.742,1445
2026-04-09 20:15:00+00:00,4770.094,4773.449,4766.012,4770.082,1233
2026-04-09 20:30:00+00:00,4770.094,4771.625,4760.719,4764.025,2119
2026-04-09 20:45:00+00:00,4764.1,4768.97,4763.526,4765.039,1171
2026-04-09 22:00:00+00:00,4779.021,4779.455,4766.115,4770.3,1801
2026-04-09 22:15:00+00:00,4769.958,4770.996,4763.932,4764.428,1480
2026-04-09 22:30:00+00:00,4764.652,4767.399,4759.096,4761.377,1628
2026-04-09 22:45:00+00:00,4761.43,4764.405,4758.624,4764.035,1317
2026-04-09 23:00:00+00:00,4764.068,4764.238,4757.041,4759.399,1459
2026-04-09 23:15:00+00:00,4759.426,4761.634,4756.732,4758.433,868
2026-04-09 23:30:00+00:00,4758.139,4762.932,4758.139,4760.192,1156
2026-04-09 23:45:00+00:00,4760.164,4764.258,4758.656,4763.598,1286
2026-04-10 00:00:00+00:00,4763.661,4763.661,4750.746,4753.811,3713
2026-04-10 00:15:00+00:00,4753.973,4758.525,4751.021,4753.899,3074
2026-04-10 00:30:00+00:00,4753.959,4761.112,4753.529,4755.683,2203
2026-04-10 00:45:00+00:00,4755.526,4763.147,4754.544,4762.731,1986
2026-04-10 01:00:00+00:00,4762.794,4767.242,4758.012,4760.785,4617
2026-04-10 01:15:00+00:00,4760.429,4765.205,4757.939,4762.237,3151
2026-04-10 01:30:00+00:00,4762.45,4777.177,4760.354,4771.969,3763
2026-04-10 01:45:00+00:00,4771.901,4773.291,4760.277,4764.649,3341
2026-04-10 02:00:00+00:00,4764.711,4765.402,4748.297,4752.388,3834
2026-04-10 02:15:00+00:00,4752.171,4754.18,4742.037,4744.658,3270
2026-04-10 02:30:00+00:00,4744.648,4750.055,4737.851,4749.716,3398
2026-04-10 02:45:00+00:00,4749.773,4753.577,4747.309,4752.907,2432
2026-04-10 03:00:00+00:00,4752.843,4761.688,4752.749,4759.933,2369
2026-04-10 03:15:00+00:00,4759.874,4762.211,4754.899,4756.215,2116
2026-04-10 03:30:00+00:00,4756.151,4768.581,4755.741,4765.144,2040
2026-04-10 03:45:00+00:00,4765.13,4769.432,4763.853,4766.328,1732
2026-04-10 04:00:00+00:00,4766.683,4768.205,4764.695,4767.075,1227
2026-04-10 04:15:00+00:00,4767.041,4770.926,4765.254,4765.699,1344
2026-04-10 04:30:00+00:00,4765.556,4765.745,4761.469,4762.526,1478
2026-04-10 04:45:00+00:00,4762.601,4765.545,4758.022,4758.7,1442
2026-04-10 05:00:00+00:00,4758.69,4763.294,4757.436,4759.989,1977
2026-04-10 05:15:00+00:00,4759.694,4763.886,4758.488,4759.886,1548
2026-04-10 05:30:00+00:00,4759.843,4768.281,4759.12,4764.63,3005
2026-04-10 05:45:00+00:00,4764.694,4769.306,4764.444,4766.126,2042
2026-04-10 06:00:00+00:00,4765.925,4765.925,4755.462,4756.36,2716
2026-04-10 06:15:00+00:00,4756.3,4757.57,4751.599,4755.254,2724
2026-04-10 06:30:00+00:00,4755.314,4758.382,4749.448,4751.127,2914
2026-04-10 06:45:00+00:00,4751.077,4754.167,4742.723,4746.287,3203
2026-04-10 07:00:00+00:00,4746.23,4752.749,4741.217,4747.111,2748
2026-04-10 07:15:00+00:00,4747.17,4756.192,4746.151,4753.771,2068
2026-04-10 07:30:00+00:00,4753.834,4757.456,4751.483,4754.293,1848
2026-04-10 07:45:00+00:00,4754.228,4755.034,4748.344,4749.804,1846
2026-04-10 08:00:00+00:00,4749.841,4753.242,4747.003,4749.927,2574
2026-04-10 08:15:00+00:00,4749.985,4750.085,4742.162,4746.888,2471
2026-04-10 08:30:00+00:00,4746.812,4752.236,4740.937,4742.209,2064
2026-04-10 08:45:00+00:00,4742.272,4744.05,4730.58,4740.86,3775
2026-04-10 09:00:00+00:00,4740.639,4746.917,4740.49,4746.891,2102
2026-04-10 09:15:00+00:00,4746.897,4760.708,4744.414,4748.639,5428
2026-04-10 09:30:00+00:00,4748.767,4750.958,4746.079,4750.34,2570
2026-04-10 09:45:00+00:00,4750.463,4753.361,4747.911,4751.38,1703
2026-04-10 10:00:00+00:00,4751.455,4753.584,4742.16,4747.041,2088
2026-04-10 10:15:00+00:00,4747.333,4760.681,4746.5,4757.92,2093
2026-04-10 10:30:00+00:00,4757.977,4759.646,4753.571,4755.583,1615
2026-04-10 10:45:00+00:00,4755.583,4759.755,4753.869,4757.242,1667
2026-04-10 11:00:00+00:00,4756.945,4759.719,4753.152,4755.732,1794
2026-04-10 11:15:00+00:00,4755.376,4762.529,4754.17,4761.504,1815
2026-04-10 11:30:00+00:00,4761.504,4767.04,4758.513,4767.04,1763
2026-04-10 11:45:00+00:00,4767.015,4768.742,4762.693,4768.063,2259
2026-04-10 12:00:00+00:00,4768.127,4769.983,4763.552,4766.562,2733
2026-04-10 12:15:00+00:00,4766.572,4771.325,4759.706,4762.139,3391
2026-04-10 12:30:00+00:00,4762.352,4782.306,4761.348,4772.737,6168
2026-04-10 12:45:00+00:00,4772.801,4774.191,4763.57,4771.948,3894
2026-04-10 13:00:00+00:00,4771.879,4777.691,4767.772,4772.611,4838
2026-04-10 13:15:00+00:00,4772.689,4780.419,4766.175,4775.896,3973
2026-04-10 13:30:00+00:00,4775.962,4778.79,4764.888,4769.025,8172
2026-04-10 13:45:00+00:00,4769.127,4777.947,4765.949,4775.17,5128
2026-04-10 14:00:00+00:00,4775.338,4780.635,4767.52,4779.985,5471
2026-04-10 14:15:00+00:00,4780.045,4792.868,4778.881,4790.51,5413
2026-04-10 14:30:00+00:00,4790.419,4795.181,4773.98,4780.967,5176
2026-04-10 14:45:00+00:00,4781.028,4783.409,4770.755,4774.898,6238
2026-04-10 15:00:00+00:00,4774.97,4784.046,4769.524,4781.62,4257
2026-04-10 15:15:00+00:00,4781.97,4787.344,4775.891,4776.167,3191
2026-04-10 15:30:00+00:00,4776.226,4778.554,4754.903,4766.078,7199
2026-04-10 15:45:00+00:00,4765.726,4769.747,4758.497,4761.964,4927
2026-04-10 16:00:00+00:00,4762.231,4763.495,4747.358,4763.009,5811
2026-04-10 16:15:00+00:00,4762.938,4765.085,4754.317,4758.272,3702
2026-04-10 16:30:00+00:00,4758.361,4765.462,4756.246,4756.955,3416
2026-04-10 16:45:00+00:00,4757.015,4766.059,4756.125,4763.934,2923
2026-04-10 17:00:00+00:00,4763.869,4766.236,4758.077,4764.475,2755
2026-04-10 17:15:00+00:00,4764.416,4768.683,4761.081,4762.907,2852
2026-04-10 17:30:00+00:00,4762.966,4765.673,4758.042,4759.212,2959
2026-04-10 17:45:00+00:00,4759.139,4764.983,4758.718,4760.409,2018
2026-04-10 18:00:00+00:00,4760.474,4763.866,4750.793,4763.345,3077
2026-04-10 18:15:00+00:00,4763.341,4769.363,4762.61,4765.696,2511
2026-04-10 18:30:00+00:00,4765.756,4773.186,4765.756,4768.234,2373
2026-04-10 18:45:00+00:00,4768.012,4768.346,4762.992,4765.066,1811
2026-04-10 19:00:00+00:00,4765.134,4768.193,4764.271,4766.956,1899
2026-04-10 19:15:00+00:00,4766.899,4770.494,4762.985,4763.485,1853
2026-04-10 19:30:00+00:00,4763.584,4765.536,4760.699,4763.639,1951
2026-04-10 19:45:00+00:00,4763.958,4764.575,4758.361,4759.694,2330
2026-04-10 20:00:00+00:00,4759.784,4760.076,4751.506,4753.401,1766
2026-04-10 20:15:00+00:00,4753.541,4753.541,4740.834,4745.692,2069
2026-04-10 20:30:00+00:00,4745.633,4752.209,4745.052,4751.254,1502
2026-04-10 20:45:00+00:00,4751.194,4752.435,4746.787,4749.37,1874
2026-04-12 22:00:00+00:00,4670.232,4685.131,4666.605,4676.886,2971
2026-04-12 22:15:00+00:00,4676.772,4682.874,4644.07,4647.626,5284
2026-04-12 22:30:00+00:00,4647.681,4658.89,4645.09,4657.969,3895
2026-04-12 22:45:00+00:00,4657.987,4660.238,4651.748,4658.851,2136
2026-04-12 23:00:00+00:00,4658.852,4660.678,4651.678,4659.389,2484
2026-04-12 23:15:00+00:00,4659.391,4660.004,4644.259,4653.236,2616
2026-04-12 23:30:00+00:00,4653.187,4660.002,4650.035,4655.857,1976
2026-04-12 23:45:00+00:00,4655.86,4671.787,4655.51,4671.545,2639
2026-04-13 00:00:00+00:00,4671.187,4673.324,4664.495,4672.412,4448
2026-04-13 00:15:00+00:00,4672.355,4676.126,4669.037,4673.104,3600
2026-04-13 00:30:00+00:00,4673.163,4682.913,4670.894,4678.563,3273
2026-04-13 00:45:00+00:00,4678.657,4698.666,4677.952,4695.368,3415
2026-04-13 01:00:00+00:00,4695.309,4719.542,4693.565,4714.857,10123
2026-04-13 01:15:00+00:00,4714.973,4721.346,4711.09,4717.266,4964
2026-04-13 01:30:00+00:00,4717.22,4721.5,4710.788,4714.386,5086
2026-04-13 01:45:00+00:00,4714.311,4727.945,4710.117,4721.132,4539
2026-04-13 02:00:00+00:00,4721.373,4725.905,4718.896,4722.41,3643
2026-04-13 02:15:00+00:00,4722.352,4724.454,4719.161,4720.07,2436
2026-04-13 02:30:00+00:00,4720.049,4728.025,4715.088,4715.539,3775
2026-04-13 02:45:00+00:00,4715.506,4721.63,4711.327,4720.604,2782
2026-04-13 03:00:00+00:00,4720.246,4721.555,4712.172,4713.667,2318
2026-04-13 03:15:00+00:00,4713.862,4720.951,4712.797,4718.763,2148
2026-04-13 03:30:00+00:00,4718.707,4723.844,4717.503,4721.947,1764
2026-04-13 03:45:00+00:00,4722.281,4722.514,4717.174,4718.29,1492
2026-04-13 04:00:00+00:00,4718.269,4718.55,4708.058,4714.44,1844
2026-04-13 04:15:00+00:00,4714.439,4715.882,4709.434,4712.449,1638
2026-04-13 04:30:00+00:00,4712.509,4719.526,4708.779,4718.617,1941
2026-04-13 04:45:00+00:00,4718.522,4725.098,4716.057,4723.002,1899
2026-04-13 05:00:00+00:00,4723.047,4726.139,4718.556,4719.344,2098
2026-04-13 05:15:00+00:00,4719.333,4721.357,4716.297,4720.254,1818
2026-04-13 05:30:00+00:00,4720.217,4724.865,4717.998,4721.338,3066
2026-04-13 05:45:00+00:00,4720.972,4730.783,4720.637,4729.539,2856
2026-04-13 06:00:00+00:00,4729.286,4729.815,4723.399,4726.161,3322
2026-04-13 06:15:00+00:00,4726.249,4732.009,4725.212,4731.506,2900
2026-04-13 06:30:00+00:00,4731.569,4732.76,4725.378,4726.409,2647
2026-04-13 06:45:00+00:00,4726.168,4726.472,4720.681,4725.437,2558
2026-04-13 07:00:00+00:00,4725.499,4738.494,4725.002,4728.337,3878
2026-04-13 07:15:00+00:00,4728.01,4732.7,4726.434,4730.662,2544
2026-04-13 07:30:00+00:00,4730.806,4733.682,4727.332,4732.132,2164
2026-04-13 07:45:00+00:00,4732.102,4740.07,4728.173,4733.802,3310
2026-04-13 08:00:00+00:00,4733.816,4738.714,4732.276,4732.916,2960
2026-04-13 08:15:00+00:00,4732.926,4734.42,4730.063,4732.163,2175
2026-04-13 08:30:00+00:00,4732.141,4736.143,4720.662,4721.449,2633
2026-04-13 08:45:00+00:00,4721.526,4729.887,4720.019,4723.525,2784
2026-04-13 09:00:00+00:00,4723.493,4728.664,4716.051,4719.163,3437
2026-04-13 09:15:00+00:00,4719.262,4721.394,4713.937,4715.179,2430
2026-04-13 09:30:00+00:00,4714.942,4720.071,4710.549,4714.136,2932
2026-04-13 09:45:00+00:00,4714.069,4716.727,4711.046,4714.776,1847
2026-04-13 10:00:00+00:00,4714.794,4718.972,4713.632,4717.683,1939
2026-04-13 10:15:00+00:00,4717.749,4717.878,4708.124,4712.31,2207
2026-04-13 10:30:00+00:00,4712.619,4718.551,4711.589,4717.827,1880
2026-04-13 10:45:00+00:00,4717.805,4723.875,4717.286,4721.993,2124
2026-04-13 11:00:00+00:00,4721.927,4729.19,4719.96,4721.608,3024
2026-04-13 11:15:00+00:00,4721.29,4723.597,4718.492,4721.189,2058
2026-04-13 11:30:00+00:00,4720.892,4722.442,4703.847,4707.695,3527
2026-04-13 11:45:00+00:00,4707.617,4712.079,4703.51,4706.608,4076
2026-04-13 12:00:00+00:00,4706.698,4720.221,4703.629,4717.059,4534
2026-04-13 12:15:00+00:00,4717.132,4717.949,4703.641,4710.451,3433
2026-04-13 12:30:00+00:00,4710.392,4716.393,4708.853,4715.629,3541
2026-04-13 12:45:00+00:00,4715.569,4725.171,4715.279,4723.534,3369
2026-04-13 13:00:00+00:00,4723.568,4736.176,4722.791,4734.082,6211
2026-04-13 13:15:00+00:00,4734.139,4737.577,4728.991,4733.064,3326
2026-04-13 13:30:00+00:00,4733.124,4737.511,4724.431,4726.772,6177
2026-04-13 13:45:00+00:00,4727.126,4744.585,4721.125,4730.502,13667
2026-04-13 14:00:00+00:00,4730.433,4731.419,4720.371,4727.098,6180
2026-04-13 14:15:00+00:00,4727.171,4728.168,4709.42,4715.534,8535
2026-04-13 14:30:00+00:00,4715.313,4722.522,4708.796,4721.576,4948
2026-04-13 14:45:00+00:00,4721.519,4723.426,4710.027,4719.179,4599
2026-04-13 15:00:00+00:00,4718.903,4719.9,4700.124,4707.634,7360
2026-04-13 15:15:00+00:00,4707.754,4711.64,4702.849,4703.875,4133
2026-04-13 15:30:00+00:00,4703.638,4718.151,4702.138,4712.611,4251
2026-04-13 15:45:00+00:00,4712.534,4715.647,4710.854,4714.638,2801
2026-04-13 16:00:00+00:00,4714.288,4720.968,4709.405,4719.588,5156
2026-04-13 16:15:00+00:00,4719.615,4733.797,4718.641,4730.45,5438
2026-04-13 16:30:00+00:00,4730.36,4740.637,4728.629,4740.14,7833
2026-04-13 16:45:00+00:00,4740.203,4746.286,4732.062,4733.091,5948
2026-04-13 17:00:00+00:00,4733.117,4738.382,4725.632,4730.749,3441
2026-04-13 17:15:00+00:00,4730.809,4749.876,4729.558,4743.243,4449
2026-04-13 17:30:00+00:00,4743.183,4747.555,4742.45,4743.863,2620
2026-04-13 17:45:00+00:00,4744.148,4744.148,4727.213,4730.032,3019
2026-04-13 18:00:00+00:00,4730.077,4733.067,4728.747,4730.29,2203
2026-04-13 18:15:00+00:00,4730.221,4731.079,4723.035,4727.163,2506
2026-04-13 18:30:00+00:00,4727.103,4735.339,4726.72,4733.346,2176
2026-04-13 18:45:00+00:00,4733.344,4740.796,4733.344,4738.262,2414
2026-04-13 19:00:00+00:00,4738.189,4739.632,4730.597,4734.698,2164
2026-04-13 19:15:00+00:00,4734.636,4743.901,4734.636,4743.108,1646
2026-04-13 19:30:00+00:00,4743.058,4747.508,4739.22,4741.64,2073
2026-04-13 19:45:00+00:00,4741.93,4745.877,4739.336,4741.283,2884
2026-04-13 20:00:00+00:00,4741.046,4744.256,4739.761,4742.501,1415
2026-04-13 20:15:00+00:00,4742.565,4743.865,4738.453,4739.381,1028
2026-04-13 20:30:00+00:00,4739.471,4740.657,4738.37,4739.752,923
